chart,chart_url,section,source_brand,source_line,source_name,target_brand,target_line,target_name,notes
"Army Painter Warpaints Fanatic conversion chart (A3, v1.0)",https://www.thearmypainter.com,,Army Painter,Warpaints Fanatic,Brigade Grey,Army Painter,Original Warpaints,Spaceship Exterior,
"Army Painter Warpaints Fanatic conversion chart (A3, v1.0)",https://www.thearmypainter.com,,Army Painter,Warpaints Fanatic,Brigade Grey,Warhammer Colour,Base,Corax White,
"Army Painter Warpaints Fanatic conversion chart (A3, v1.0)",https://www.thearmypainter.com,,Army Painter,Warpaints Fanatic,Frost Blue,Army Painter,Original Warpaints,Ice Storm,
"Army Painter Warpaints Fanatic conversion chart (A3, v1.0)",https://www.thearmypainter.com,,Army Painter,Warpaints Fanatic,Augur Blue,Army Painter,Original Warpaints,Gorgon Hide,
"Army Painter Warpaints Fanatic conversion chart (A3, v1.0)",https://www.thearmypainter.com,,Army Painter,Warpaints Fanatic,Augur Blue,Army Painter,Warpaints Air,Storm Wolf,
"Army Painter Warpaints Fanatic conversion chart (A3, v1.0)",https://www.thearmypainter.com,,Army Painter,Warpaints Fanatic,Augur Blue,Warhammer Colour,Layer,Blue Horror,
"Army Painter Warpaints Fanatic conversion chart (A3, v1.0)",https://www.thearmypainter.com,,Army Painter,Warpaints Fanatic,Aegis Aqua,Army Painter,Original Warpaints,Voidshield Blue,
"Army Painter Warpaints Fanatic conversion chart (A3, v1.0)",https://www.thearmypainter.com,,Army Painter,Warpaints Fanatic,Urban Buff,Army Painter,Original Warpaints,Kobold Skin,
"Army Painter Warpaints Fanatic conversion chart (A3, v1.0)",https://www.thearmypainter.com,,Army Painter,Warpaints Fanatic,Urban Buff,Army Painter,Warpaints Air,Kobold Skin,
"Army Painter Warpaints Fanatic conversion chart (A3, v1.0)",https://www.thearmypainter.com,,Army Painter,Warpaints Fanatic,Pearl Skin,Army Painter,Original Warpaints,Mummy Robes,
"Army Painter Warpaints Fanatic conversion chart (A3, v1.0)",https://www.thearmypainter.com,,Army Painter,Warpaints Fanatic,Marine Mist,Army Painter,Original Warpaints,Toxic Mist,
"Army Painter Warpaints Fanatic conversion chart (A3, v1.0)",https://www.thearmypainter.com,,Army Painter,Warpaints Fanatic,Marine Mist,Army Painter,Warpaints Air,Toxic Mist,
"Army Painter Warpaints Fanatic conversion chart (A3, v1.0)",https://www.thearmypainter.com,,Army Painter,Warpaints Fanatic,Barren Dune,Army Painter,Original Warpaints,Troll Claws,
"Army Painter Warpaints Fanatic conversion chart (A3, v1.0)",https://www.thearmypainter.com,,Army Painter,Warpaints Fanatic,Barren Dune,Warhammer Colour,Layer,Ungor Flesh,
"Army Painter Warpaints Fanatic conversion chart (A3, v1.0)",https://www.thearmypainter.com,,Army Painter,Warpaints Fanatic,Leopard Stone Skin,Army Painter,Original Warpaints,Centaur Skin,
"Army Painter Warpaints Fanatic conversion chart (A3, v1.0)",https://www.thearmypainter.com,,Army Painter,Warpaints Fanatic,Amulet Aqua,Army Painter,Warpaints Air,Hazardous Smog,
"Army Painter Warpaints Fanatic conversion chart (A3, v1.0)",https://www.thearmypainter.com,,Army Painter,Warpaints Fanatic,Pale Sand,Army Painter,Warpaints Air,Hobgoblin Hue,
"Army Painter Warpaints Fanatic conversion chart (A3, v1.0)",https://www.thearmypainter.com,,Army Painter,Warpaints Fanatic,Pale Sand,Warhammer Colour,Base,Wraithbone,
"Army Painter Warpaints Fanatic conversion chart (A3, v1.0)",https://www.thearmypainter.com,,Army Painter,Warpaints Fanatic,Ferocious Green,Army Painter,Original Warpaints,Kraken Skin,
"Army Painter Warpaints Fanatic conversion chart (A3, v1.0)",https://www.thearmypainter.com,,Army Painter,Warpaints Fanatic,Ferocious Green,Army Painter,Warpaints Air,Feral Green,
"Army Painter Warpaints Fanatic conversion chart (A3, v1.0)",https://www.thearmypainter.com,,Army Painter,Warpaints Fanatic,Ferocious Green,Warhammer Colour,Layer,Gauss Blaster Green,
"Army Painter Warpaints Fanatic conversion chart (A3, v1.0)",https://www.thearmypainter.com,,Army Painter,Warpaints Fanatic,Ice Yellow,Army Painter,Original Warpaints,Arid Earth,
"Army Painter Warpaints Fanatic conversion chart (A3, v1.0)",https://www.thearmypainter.com,,Army Painter,Warpaints Fanatic,Ice Yellow,Army Painter,Warpaints Air,Cosmic Dust,
"Army Painter Warpaints Fanatic conversion chart (A3, v1.0)",https://www.thearmypainter.com,,Army Painter,Warpaints Fanatic,Ice Yellow,Warhammer Colour,Layer,Dorn Yellow,
"Army Painter Warpaints Fanatic conversion chart (A3, v1.0)",https://www.thearmypainter.com,,Army Painter,Warpaints Fanatic,Inner Light,Army Painter,Original Warpaints,Phoenix Flames,
"Army Painter Warpaints Fanatic conversion chart (A3, v1.0)",https://www.thearmypainter.com,,Army Painter,Warpaints Fanatic,Mossy Green,Army Painter,Warpaints Air,Leviathan Light,
"Army Painter Warpaints Fanatic conversion chart (A3, v1.0)",https://www.thearmypainter.com,,Army Painter,Warpaints Fanatic,Mossy Green,Warhammer Colour,Layer,Deepkin Flesh,
"Army Painter Warpaints Fanatic conversion chart (A3, v1.0)",https://www.thearmypainter.com,,Army Painter,Warpaints Fanatic,Raging Rouge,Warhammer Colour,Base,Ratskin Flesh,
"Army Painter Warpaints Fanatic conversion chart (A3, v1.0)",https://www.thearmypainter.com,,Army Painter,Warpaints Fanatic,Grotesque Green,Army Painter,Warpaints Air,Zombie Flesh,
"Army Painter Warpaints Fanatic conversion chart (A3, v1.0)",https://www.thearmypainter.com,,Army Painter,Warpaints Fanatic,Grotesque Green,Warhammer Colour,Layer,Krieg Khaki,
"Army Painter Warpaints Fanatic conversion chart (A3, v1.0)",https://www.thearmypainter.com,,Army Painter,Warpaints Fanatic,Buffed Hide,Warhammer Colour,Layer,Deathclaw Brown,
"Army Painter Warpaints Fanatic conversion chart (A3, v1.0)",https://www.thearmypainter.com,,Army Painter,Warpaints Fanatic,True Brass,Warhammer Colour,Layer,Canoptek Alloy,
"Army Painter Warpaints Fanatic conversion chart (A3, v1.0)",https://www.thearmypainter.com,,Army Painter,Warpaints Fanatic,Matt White,Army Painter,Original Warpaints,Matt White,
"Army Painter Warpaints Fanatic conversion chart (A3, v1.0)",https://www.thearmypainter.com,,Army Painter,Warpaints Fanatic,Matt White,Army Painter,Warpaints Air,Matt White,
"Army Painter Warpaints Fanatic conversion chart (A3, v1.0)",https://www.thearmypainter.com,,Army Painter,Warpaints Fanatic,Matt White,Warhammer Colour,Layer,White Scar,
"Army Painter Warpaints Fanatic conversion chart (A3, v1.0)",https://www.thearmypainter.com,,Army Painter,Warpaints Fanatic,Company Grey,Army Painter,Warpaints Air,Company Grey,
"Army Painter Warpaints Fanatic conversion chart (A3, v1.0)",https://www.thearmypainter.com,,Army Painter,Warpaints Fanatic,Company Grey,Warhammer Colour,Base,Grey Seer,
"Army Painter Warpaints Fanatic conversion chart (A3, v1.0)",https://www.thearmypainter.com,,Army Painter,Warpaints Fanatic,Runic Cobalt,Army Painter,Original Warpaints,Fog Grey,
"Army Painter Warpaints Fanatic conversion chart (A3, v1.0)",https://www.thearmypainter.com,,Army Painter,Warpaints Fanatic,Runic Cobalt,Warhammer Colour,Layer,Fenrisian Grey,
"Army Painter Warpaints Fanatic conversion chart (A3, v1.0)",https://www.thearmypainter.com,,Army Painter,Warpaints Fanatic,Baron Blue,Army Painter,Warpaints Air,Consul Blue,
"Army Painter Warpaints Fanatic conversion chart (A3, v1.0)",https://www.thearmypainter.com,,Army Painter,Warpaints Fanatic,Arctic Gem,Army Painter,Original Warpaints,Electric Blue,
"Army Painter Warpaints Fanatic conversion chart (A3, v1.0)",https://www.thearmypainter.com,,Army Painter,Warpaints Fanatic,Arctic Gem,Army Painter,Warpaints Air,Ionic Blue,
"Army Painter Warpaints Fanatic conversion chart (A3, v1.0)",https://www.thearmypainter.com,,Army Painter,Warpaints Fanatic,Arctic Gem,Warhammer Colour,Layer,Hoeth Blue,
"Army Painter Warpaints Fanatic conversion chart (A3, v1.0)",https://www.thearmypainter.com,,Army Painter,Warpaints Fanatic,Shieldwall Blue,Warhammer Colour,Layer,Lothern Blue,
"Army Painter Warpaints Fanatic conversion chart (A3, v1.0)",https://www.thearmypainter.com,,Army Painter,Warpaints Fanatic,Command Khaki,Army Painter,Warpaints Air,Gnome Cheecks,
"Army Painter Warpaints Fanatic conversion chart (A3, v1.0)",https://www.thearmypainter.com,,Army Painter,Warpaints Fanatic,Command Khaki,Warhammer Colour,Layer,Knight-Questor Flesh,
"Army Painter Warpaints Fanatic conversion chart (A3, v1.0)",https://www.thearmypainter.com,,Army Painter,Warpaints Fanatic,Opal Skin,Army Painter,Original Warpaints,Opal Skin,
"Army Painter Warpaints Fanatic conversion chart (A3, v1.0)",https://www.thearmypainter.com,,Army Painter,Warpaints Fanatic,Burnt Turf,Army Painter,Original Warpaints,Hemp Rope,
"Army Painter Warpaints Fanatic conversion chart (A3, v1.0)",https://www.thearmypainter.com,,Army Painter,Warpaints Fanatic,Burnt Turf,Warhammer Colour,Layer,Zamesi Desert,
"Army Painter Warpaints Fanatic conversion chart (A3, v1.0)",https://www.thearmypainter.com,,Army Painter,Warpaints Fanatic,Bony Spikes,Army Painter,Warpaints Air,Bleached Bone,
"Army Painter Warpaints Fanatic conversion chart (A3, v1.0)",https://www.thearmypainter.com,,Army Painter,Warpaints Fanatic,Bony Spikes,Warhammer Colour,Layer,Screaming Skull,
"Army Painter Warpaints Fanatic conversion chart (A3, v1.0)",https://www.thearmypainter.com,,Army Painter,Warpaints Fanatic,Dorado Skin,Army Painter,Original Warpaints,Corpse Pale,
"Army Painter Warpaints Fanatic conversion chart (A3, v1.0)",https://www.thearmypainter.com,,Army Painter,Warpaints Fanatic,Dorado Skin,Warhammer Colour,Layer,Flayed One Flesh,
"Army Painter Warpaints Fanatic conversion chart (A3, v1.0)",https://www.thearmypainter.com,,Army Painter,Warpaints Fanatic,Space Dust,Army Painter,Original Warpaints,Moon Dust,
"Army Painter Warpaints Fanatic conversion chart (A3, v1.0)",https://www.thearmypainter.com,,Army Painter,Warpaints Fanatic,Space Dust,Army Painter,Warpaints Air,Moon Dust,
"Army Painter Warpaints Fanatic conversion chart (A3, v1.0)",https://www.thearmypainter.com,,Army Painter,Warpaints Fanatic,Space Dust,Warhammer Colour,Layer,Flash Gitz Yellow,
"Army Painter Warpaints Fanatic conversion chart (A3, v1.0)",https://www.thearmypainter.com,,Army Painter,Warpaints Fanatic,Vivid Volt,Army Painter,Original Warpaints,Poisonous Cloud,
"Army Painter Warpaints Fanatic conversion chart (A3, v1.0)",https://www.thearmypainter.com,,Army Painter,Warpaints Fanatic,Glowing Inferno,Army Painter,Warpaints Air,Incursion Orange,
"Army Painter Warpaints Fanatic conversion chart (A3, v1.0)",https://www.thearmypainter.com,,Army Painter,Warpaints Fanatic,Glowing Inferno,Warhammer Colour,Layer,Yriel Yellow,
"Army Painter Warpaints Fanatic conversion chart (A3, v1.0)",https://www.thearmypainter.com,,Army Painter,Warpaints Fanatic,Forest Faun,Army Painter,Original Warpaints,Scaly Hide,
"Army Painter Warpaints Fanatic conversion chart (A3, v1.0)",https://www.thearmypainter.com,,Army Painter,Warpaints Fanatic,Violent Vermillion,Army Painter,Warpaints Air,Nomad Flesh,
"Army Painter Warpaints Fanatic conversion chart (A3, v1.0)",https://www.thearmypainter.com,,Army Painter,Warpaints Fanatic,Violent Vermillion,Warhammer Colour,Layer,Lugganath Orange,
"Army Painter Warpaints Fanatic conversion chart (A3, v1.0)",https://www.thearmypainter.com,,Army Painter,Warpaints Fanatic,Necrotic Flesh,Army Painter,Original Warpaints,Necrotic Flesh,
"Army Painter Warpaints Fanatic conversion chart (A3, v1.0)",https://www.thearmypainter.com,,Army Painter,Warpaints Fanatic,Necrotic Flesh,Army Painter,Warpaints Air,Necrotic Flesh,
"Army Painter Warpaints Fanatic conversion chart (A3, v1.0)",https://www.thearmypainter.com,,Army Painter,Warpaints Fanatic,Necrotic Flesh,Warhammer Colour,Layer,Nurgling Green,
"Army Painter Warpaints Fanatic conversion chart (A3, v1.0)",https://www.thearmypainter.com,,Army Painter,Warpaints Fanatic,Ruddy Umber,Army Painter,Original Warpaints,Tanned Flesh,
"Army Painter Warpaints Fanatic conversion chart (A3, v1.0)",https://www.thearmypainter.com,,Army Painter,Warpaints Fanatic,Ruddy Umber,Army Painter,Warpaints Air,Viper Brown,
"Army Painter Warpaints Fanatic conversion chart (A3, v1.0)",https://www.thearmypainter.com,,Army Painter,Warpaints Fanatic,Ruddy Umber,Warhammer Colour,Base,Bugman's Glow,
"Army Painter Warpaints Fanatic conversion chart (A3, v1.0)",https://www.thearmypainter.com,,Army Painter,Warpaints Fanatic,Weapon Bronze,Army Painter,Original Warpaints,Weapon Bronze,
"Army Painter Warpaints Fanatic conversion chart (A3, v1.0)",https://www.thearmypainter.com,,Army Painter,Warpaints Fanatic,Weapon Bronze,Army Painter,Warpaints Air,Weapon Bronze,
"Army Painter Warpaints Fanatic conversion chart (A3, v1.0)",https://www.thearmypainter.com,,Army Painter,Warpaints Fanatic,Weapon Bronze,Warhammer Colour,Layer,Brass Scorpion,
"Army Painter Warpaints Fanatic conversion chart (A3, v1.0)",https://www.thearmypainter.com,,Army Painter,Warpaints Fanatic,Brainmatter Beige,Army Painter,Original Warpaints,Brainmatter Beige,
"Army Painter Warpaints Fanatic conversion chart (A3, v1.0)",https://www.thearmypainter.com,,Army Painter,Warpaints Fanatic,Brainmatter Beige,Warhammer Colour,Layer,Pallid Wych Flesh,
"Army Painter Warpaints Fanatic conversion chart (A3, v1.0)",https://www.thearmypainter.com,,Army Painter,Warpaints Fanatic,Matt Black,Army Painter,Original Warpaints,Matt Black,
"Army Painter Warpaints Fanatic conversion chart (A3, v1.0)",https://www.thearmypainter.com,,Army Painter,Warpaints Fanatic,Matt Black,Army Painter,Warpaints Air,Matt Black,
"Army Painter Warpaints Fanatic conversion chart (A3, v1.0)",https://www.thearmypainter.com,,Army Painter,Warpaints Fanatic,Matt Black,Warhammer Colour,Base,Abaddon Black,
"Army Painter Warpaints Fanatic conversion chart (A3, v1.0)",https://www.thearmypainter.com,,Army Painter,Warpaints Fanatic,Night Sky,Warhammer Colour,Layer,Dark Reaper,
"Army Painter Warpaints Fanatic conversion chart (A3, v1.0)",https://www.thearmypainter.com,,Army Painter,Warpaints Fanatic,Triumphant Navy,Army Painter,Original Warpaints,Dark Sky,
"Army Painter Warpaints Fanatic conversion chart (A3, v1.0)",https://www.thearmypainter.com,,Army Painter,Warpaints Fanatic,Triumphant Navy,Army Painter,Warpaints Air,Dark Sky,
"Army Painter Warpaints Fanatic conversion chart (A3, v1.0)",https://www.thearmypainter.com,,Army Painter,Warpaints Fanatic,Triumphant Navy,Warhammer Colour,Base,Kantor Blue,
"Army Painter Warpaints Fanatic conversion chart (A3, v1.0)",https://www.thearmypainter.com,,Army Painter,Warpaints Fanatic,Imperial Navy,Army Painter,Original Warpaints,Deep Blue,
"Army Painter Warpaints Fanatic conversion chart (A3, v1.0)",https://www.thearmypainter.com,,Army Painter,Warpaints Fanatic,Imperial Navy,Warhammer Colour,Base,Night Lords Blue,"chart prints ""Nightlords Blue"""
"Army Painter Warpaints Fanatic conversion chart (A3, v1.0)",https://www.thearmypainter.com,,Army Painter,Warpaints Fanatic,Deep Ocean Blue,Army Painter,Warpaints Air,Thunder Storm,
"Army Painter Warpaints Fanatic conversion chart (A3, v1.0)",https://www.thearmypainter.com,,Army Painter,Warpaints Fanatic,Deep Ocean Blue,Warhammer Colour,Base,Stegadon Scale Green,
"Army Painter Warpaints Fanatic conversion chart (A3, v1.0)",https://www.thearmypainter.com,,Army Painter,Warpaints Fanatic,Brigandine Brown,Army Painter,Original Warpaints,Hardened Carapace,
"Army Painter Warpaints Fanatic conversion chart (A3, v1.0)",https://www.thearmypainter.com,,Army Painter,Warpaints Fanatic,Brigandine Brown,Army Painter,Warpaints Air,Magnolia Brown,
"Army Painter Warpaints Fanatic conversion chart (A3, v1.0)",https://www.thearmypainter.com,,Army Painter,Warpaints Fanatic,Brigandine Brown,Warhammer Colour,Base,Rhinox Hide,
"Army Painter Warpaints Fanatic conversion chart (A3, v1.0)",https://www.thearmypainter.com,,Army Painter,Warpaints Fanatic,Moonstone Skin,Army Painter,Original Warpaints,Scar Tissue,
"Army Painter Warpaints Fanatic conversion chart (A3, v1.0)",https://www.thearmypainter.com,,Army Painter,Warpaints Fanatic,Deep Azure,Army Painter,Warpaints Air,Ocean Depths,
"Army Painter Warpaints Fanatic conversion chart (A3, v1.0)",https://www.thearmypainter.com,,Army Painter,Warpaints Fanatic,Deep Azure,Warhammer Colour,Layer,Sotek Green,
"Army Painter Warpaints Fanatic conversion chart (A3, v1.0)",https://www.thearmypainter.com,,Army Painter,Warpaints Fanatic,Tundra Taupe,Army Painter,Original Warpaints,Venom Wyrm,
"Army Painter Warpaints Fanatic conversion chart (A3, v1.0)",https://www.thearmypainter.com,,Army Painter,Warpaints Fanatic,Tundra Taupe,Warhammer Colour,Base,Deathworld Forest,
"Army Painter Warpaints Fanatic conversion chart (A3, v1.0)",https://www.thearmypainter.com,,Army Painter,Warpaints Fanatic,Carnelian Skin,Army Painter,Original Warpaints,Chaotic Red,
"Army Painter Warpaints Fanatic conversion chart (A3, v1.0)",https://www.thearmypainter.com,,Army Painter,Warpaints Fanatic,Carnelian Skin,Army Painter,Warpaints Air,Chaotic Red,
"Army Painter Warpaints Fanatic conversion chart (A3, v1.0)",https://www.thearmypainter.com,,Army Painter,Warpaints Fanatic,Carnelian Skin,Warhammer Colour,Layer,Bloodreaver Flesh,
"Army Painter Warpaints Fanatic conversion chart (A3, v1.0)",https://www.thearmypainter.com,,Army Painter,Warpaints Fanatic,Scarab Green,Army Painter,Original Warpaints,Obsidian Pigment Toner,
"Army Painter Warpaints Fanatic conversion chart (A3, v1.0)",https://www.thearmypainter.com,,Army Painter,Warpaints Fanatic,Scarab Green,Warhammer Colour,Base,Incubi Darkness,
"Army Painter Warpaints Fanatic conversion chart (A3, v1.0)",https://www.thearmypainter.com,,Army Painter,Warpaints Fanatic,Dusty Skull,Warhammer Colour,Layer,Stormvermin Fur,
"Army Painter Warpaints Fanatic conversion chart (A3, v1.0)",https://www.thearmypainter.com,,Army Painter,Warpaints Fanatic,Obsidian Skin,Army Painter,Original Warpaints,Onyx Skin,
"Army Painter Warpaints Fanatic conversion chart (A3, v1.0)",https://www.thearmypainter.com,,Army Painter,Warpaints Fanatic,Obsidian Skin,Warhammer Colour,Base,Dryad Bark,
"Army Painter Warpaints Fanatic conversion chart (A3, v1.0)",https://www.thearmypainter.com,,Army Painter,Warpaints Fanatic,Angel Green,Army Painter,Original Warpaints,Angel Green,
"Army Painter Warpaints Fanatic conversion chart (A3, v1.0)",https://www.thearmypainter.com,,Army Painter,Warpaints Fanatic,Angel Green,Army Painter,Warpaints Air,Angel Green,
"Army Painter Warpaints Fanatic conversion chart (A3, v1.0)",https://www.thearmypainter.com,,Army Painter,Warpaints Fanatic,Angel Green,Warhammer Colour,Base,Caliban Green,
"Army Painter Warpaints Fanatic conversion chart (A3, v1.0)",https://www.thearmypainter.com,,Army Painter,Warpaints Fanatic,Demigod Flames,Warhammer Colour,Layer,Tau Light Ochre,
"Army Painter Warpaints Fanatic conversion chart (A3, v1.0)",https://www.thearmypainter.com,,Army Painter,Warpaints Fanatic,Emerald Forest,Army Painter,Original Warpaints,Snake Scales,
"Army Painter Warpaints Fanatic conversion chart (A3, v1.0)",https://www.thearmypainter.com,,Army Painter,Warpaints Fanatic,Emerald Forest,Army Painter,Warpaints Air,Undergrowth Green,
"Army Painter Warpaints Fanatic conversion chart (A3, v1.0)",https://www.thearmypainter.com,,Army Painter,Warpaints Fanatic,Molten Lava,Army Painter,Warpaints Air,Molten Orange,
"Army Painter Warpaints Fanatic conversion chart (A3, v1.0)",https://www.thearmypainter.com,,Army Painter,Warpaints Fanatic,Evergreen Fog,Warhammer Colour,Layer,Sons of Horus Green,
"Army Painter Warpaints Fanatic conversion chart (A3, v1.0)",https://www.thearmypainter.com,,Army Painter,Warpaints Fanatic,Resplendent Red,Army Painter,Original Warpaints,Abomination Gore,
"Army Painter Warpaints Fanatic conversion chart (A3, v1.0)",https://www.thearmypainter.com,,Army Painter,Warpaints Fanatic,Resplendent Red,Warhammer Colour,Layer,Evil Sunz Scarlet,
"Army Painter Warpaints Fanatic conversion chart (A3, v1.0)",https://www.thearmypainter.com,,Army Painter,Warpaints Fanatic,Woodland Camo,Army Painter,Original Warpaints,Elf Green,
"Army Painter Warpaints Fanatic conversion chart (A3, v1.0)",https://www.thearmypainter.com,,Army Painter,Warpaints Fanatic,Woodland Camo,Army Painter,Warpaints Air,Militia Green,
"Army Painter Warpaints Fanatic conversion chart (A3, v1.0)",https://www.thearmypainter.com,,Army Painter,Warpaints Fanatic,Woodland Camo,Warhammer Colour,Base,Waaagh! Flesh,
"Army Painter Warpaints Fanatic conversion chart (A3, v1.0)",https://www.thearmypainter.com,,Army Painter,Warpaints Fanatic,Oak Brown,Army Painter,Original Warpaints,Oak Brown,
"Army Painter Warpaints Fanatic conversion chart (A3, v1.0)",https://www.thearmypainter.com,,Army Painter,Warpaints Fanatic,Oak Brown,Army Painter,Warpaints Air,Oak Brown,
"Army Painter Warpaints Fanatic conversion chart (A3, v1.0)",https://www.thearmypainter.com,,Army Painter,Warpaints Fanatic,Rough Iron,Army Painter,Original Warpaints,Rough Iron,
"Army Painter Warpaints Fanatic conversion chart (A3, v1.0)",https://www.thearmypainter.com,,Army Painter,Warpaints Fanatic,Rough Iron,Army Painter,Warpaints Air,Rough Iron,
"Army Painter Warpaints Fanatic conversion chart (A3, v1.0)",https://www.thearmypainter.com,,Army Painter,Warpaints Fanatic,Rough Iron,Warhammer Colour,Base,Warplock Bronze,"chart prints ""Warlock Bronze"""
"Army Painter Warpaints Fanatic conversion chart (A3, v1.0)",https://www.thearmypainter.com,,Army Painter,Warpaints Fanatic,Grey Castle,Army Painter,Original Warpaints,Combat Fatigues,
"Army Painter Warpaints Fanatic conversion chart (A3, v1.0)",https://www.thearmypainter.com,,Army Painter,Warpaints Fanatic,Ash Grey,Army Painter,Original Warpaints,Ash Grey,
"Army Painter Warpaints Fanatic conversion chart (A3, v1.0)",https://www.thearmypainter.com,,Army Painter,Warpaints Fanatic,Ash Grey,Warhammer Colour,Layer,Administratum Grey,
"Army Painter Warpaints Fanatic conversion chart (A3, v1.0)",https://www.thearmypainter.com,,Army Painter,Warpaints Fanatic,Wolf Grey,Army Painter,Original Warpaints,Wolf Grey,
"Army Painter Warpaints Fanatic conversion chart (A3, v1.0)",https://www.thearmypainter.com,,Army Painter,Warpaints Fanatic,Wolf Grey,Warhammer Colour,Layer,Russ Grey,
"Army Painter Warpaints Fanatic conversion chart (A3, v1.0)",https://www.thearmypainter.com,,Army Painter,Warpaints Fanatic,Alpha Blue,Warhammer Colour,Layer,Calgar Blue,
"Army Painter Warpaints Fanatic conversion chart (A3, v1.0)",https://www.thearmypainter.com,,Army Painter,Warpaints Fanatic,Crystal Blue,Army Painter,Original Warpaints,Crystal Blue,
"Army Painter Warpaints Fanatic conversion chart (A3, v1.0)",https://www.thearmypainter.com,,Army Painter,Warpaints Fanatic,Crystal Blue,Army Painter,Warpaints Air,Crystal Blue,
"Army Painter Warpaints Fanatic conversion chart (A3, v1.0)",https://www.thearmypainter.com,,Army Painter,Warpaints Fanatic,Crystal Blue,Warhammer Colour,Layer,Teclis Blue,
"Army Painter Warpaints Fanatic conversion chart (A3, v1.0)",https://www.thearmypainter.com,,Army Painter,Warpaints Fanatic,Phalanx Blue,Army Painter,Original Warpaints,Troglodyte Blue,
"Army Painter Warpaints Fanatic conversion chart (A3, v1.0)",https://www.thearmypainter.com,,Army Painter,Warpaints Fanatic,Paratrooper Tan,Army Painter,Original Warpaints,Monster Brown,
"Army Painter Warpaints Fanatic conversion chart (A3, v1.0)",https://www.thearmypainter.com,,Army Painter,Warpaints Fanatic,Paratrooper Tan,Warhammer Colour,Layer,Baneblade Brown,
"Army Painter Warpaints Fanatic conversion chart (A3, v1.0)",https://www.thearmypainter.com,,Army Painter,Warpaints Fanatic,Ruby Skin,Army Painter,Original Warpaints,Ruby Skin,
"Army Painter Warpaints Fanatic conversion chart (A3, v1.0)",https://www.thearmypainter.com,,Army Painter,Warpaints Fanatic,Aquamarine,Army Painter,Warpaints Air,Phantasmal Blue,
"Army Painter Warpaints Fanatic conversion chart (A3, v1.0)",https://www.thearmypainter.com,,Army Painter,Warpaints Fanatic,Aquamarine,Warhammer Colour,Layer,Baharroth Blue,
"Army Painter Warpaints Fanatic conversion chart (A3, v1.0)",https://www.thearmypainter.com,,Army Painter,Warpaints Fanatic,Wasteland Clay,Army Painter,Original Warpaints,Basilisk Brown,
"Army Painter Warpaints Fanatic conversion chart (A3, v1.0)",https://www.thearmypainter.com,,Army Painter,Warpaints Fanatic,Wasteland Clay,Army Painter,Warpaints Air,Yellow Dune,
"Army Painter Warpaints Fanatic conversion chart (A3, v1.0)",https://www.thearmypainter.com,,Army Painter,Warpaints Fanatic,Wasteland Clay,Warhammer Colour,Layer,Balor Brown,
"Army Painter Warpaints Fanatic conversion chart (A3, v1.0)",https://www.thearmypainter.com,,Army Painter,Warpaints Fanatic,Jasper Skin,Army Painter,Original Warpaints,Dorado Skin,
"Army Painter Warpaints Fanatic conversion chart (A3, v1.0)",https://www.thearmypainter.com,,Army Painter,Warpaints Fanatic,Talisman Teal,Army Painter,Original Warpaints,Elemental Bolt,
"Army Painter Warpaints Fanatic conversion chart (A3, v1.0)",https://www.thearmypainter.com,,Army Painter,Warpaints Fanatic,Talisman Teal,Army Painter,Warpaints Air,Elemental Bolt,
"Army Painter Warpaints Fanatic conversion chart (A3, v1.0)",https://www.thearmypainter.com,,Army Painter,Warpaints Fanatic,Amber Skin,Army Painter,Original Warpaints,Amber Skin,
"Army Painter Warpaints Fanatic conversion chart (A3, v1.0)",https://www.thearmypainter.com,,Army Painter,Warpaints Fanatic,Amber Skin,Army Painter,Warpaints Air,Charred Bone,
"Army Painter Warpaints Fanatic conversion chart (A3, v1.0)",https://www.thearmypainter.com,,Army Painter,Warpaints Fanatic,Amber Skin,Warhammer Colour,Layer,Kislev Flesh,
"Army Painter Warpaints Fanatic conversion chart (A3, v1.0)",https://www.thearmypainter.com,,Army Painter,Warpaints Fanatic,Eternal Hunt,Army Painter,Original Warpaints,Goblin Green,
"Army Painter Warpaints Fanatic conversion chart (A3, v1.0)",https://www.thearmypainter.com,,Army Painter,Warpaints Fanatic,Eternal Hunt,Army Painter,Warpaints Air,Goblin Green,
"Army Painter Warpaints Fanatic conversion chart (A3, v1.0)",https://www.thearmypainter.com,,Army Painter,Warpaints Fanatic,Eternal Hunt,Warhammer Colour,Layer,Sybarite Green,
"Army Painter Warpaints Fanatic conversion chart (A3, v1.0)",https://www.thearmypainter.com,,Army Painter,Warpaints Fanatic,Warped Yellow,Army Painter,Original Warpaints,Babe Blonde,
"Army Painter Warpaints Fanatic conversion chart (A3, v1.0)",https://www.thearmypainter.com,,Army Painter,Warpaints Fanatic,Warped Yellow,Army Painter,Warpaints Air,Meteor Rock,
"Army Painter Warpaints Fanatic conversion chart (A3, v1.0)",https://www.thearmypainter.com,,Army Painter,Warpaints Fanatic,Warped Yellow,Warhammer Colour,Layer,Phalanx Yellow,
"Army Painter Warpaints Fanatic conversion chart (A3, v1.0)",https://www.thearmypainter.com,,Army Painter,Warpaints Fanatic,Electric Lime,Army Painter,Warpaints Air,Canopy Green,
"Army Painter Warpaints Fanatic conversion chart (A3, v1.0)",https://www.thearmypainter.com,,Army Painter,Warpaints Fanatic,Flickering Flame,Army Painter,Warpaints Air,Orange Magma,
"Army Painter Warpaints Fanatic conversion chart (A3, v1.0)",https://www.thearmypainter.com,,Army Painter,Warpaints Fanatic,Olive Drab,Army Painter,Original Warpaints,Witch Brew,
"Army Painter Warpaints Fanatic conversion chart (A3, v1.0)",https://www.thearmypainter.com,,Army Painter,Warpaints Fanatic,Olive Drab,Warhammer Colour,Layer,Straken Green,
"Army Painter Warpaints Fanatic conversion chart (A3, v1.0)",https://www.thearmypainter.com,,Army Painter,Warpaints Fanatic,Fur Brown,Army Painter,Original Warpaints,Fur Brown,
"Army Painter Warpaints Fanatic conversion chart (A3, v1.0)",https://www.thearmypainter.com,,Army Painter,Warpaints Fanatic,Fur Brown,Army Painter,Warpaints Air,Fur Brown,
"Army Painter Warpaints Fanatic conversion chart (A3, v1.0)",https://www.thearmypainter.com,,Army Painter,Warpaints Fanatic,True Copper,Army Painter,Original Warpaints,True Copper,
"Army Painter Warpaints Fanatic conversion chart (A3, v1.0)",https://www.thearmypainter.com,,Army Painter,Warpaints Fanatic,True Copper,Army Painter,Warpaints Air,True Copper,
"Army Painter Warpaints Fanatic conversion chart (A3, v1.0)",https://www.thearmypainter.com,,Army Painter,Warpaints Fanatic,True Copper,Warhammer Colour,Base,Balthasar Gold,
"Army Painter Warpaints Fanatic conversion chart (A3, v1.0)",https://www.thearmypainter.com,,Army Painter,Warpaints Fanatic,Worn Stone,Army Painter,Original Warpaints,Drake Tooth,
"Army Painter Warpaints Fanatic conversion chart (A3, v1.0)",https://www.thearmypainter.com,,Army Painter,Warpaints Fanatic,Worn Stone,Warhammer Colour,Base,Wraithbone,
"Army Painter Warpaints Fanatic conversion chart (A3, v1.0)",https://www.thearmypainter.com,,Army Painter,Warpaints Fanatic,Uniform Grey,Army Painter,Original Warpaints,Uniform Grey,
"Army Painter Warpaints Fanatic conversion chart (A3, v1.0)",https://www.thearmypainter.com,,Army Painter,Warpaints Fanatic,Uniform Grey,Army Painter,Warpaints Air,Uniform Grey,
"Army Painter Warpaints Fanatic conversion chart (A3, v1.0)",https://www.thearmypainter.com,,Army Painter,Warpaints Fanatic,Uniform Grey,Warhammer Colour,Layer,Dawnstone,
"Army Painter Warpaints Fanatic conversion chart (A3, v1.0)",https://www.thearmypainter.com,,Army Painter,Warpaints Fanatic,Stratos Blue,Army Painter,Original Warpaints,Griffon Blue,
"Army Painter Warpaints Fanatic conversion chart (A3, v1.0)",https://www.thearmypainter.com,,Army Painter,Warpaints Fanatic,Ultramarine Blue,Army Painter,Original Warpaints,Ultramarine Blue,
"Army Painter Warpaints Fanatic conversion chart (A3, v1.0)",https://www.thearmypainter.com,,Army Painter,Warpaints Fanatic,Ultramarine Blue,Army Painter,Warpaints Air,Ultramarine Blue,
"Army Painter Warpaints Fanatic conversion chart (A3, v1.0)",https://www.thearmypainter.com,,Army Painter,Warpaints Fanatic,Ultramarine Blue,Warhammer Colour,Layer,Altdorf Guard Blue,
"Army Painter Warpaints Fanatic conversion chart (A3, v1.0)",https://www.thearmypainter.com,,Army Painter,Warpaints Fanatic,Royal Blue,Army Painter,Original Warpaints,Viking Blue,
"Army Painter Warpaints Fanatic conversion chart (A3, v1.0)",https://www.thearmypainter.com,,Army Painter,Warpaints Fanatic,Royal Blue,Army Painter,Warpaints Air,Sapphire Gem,
"Army Painter Warpaints Fanatic conversion chart (A3, v1.0)",https://www.thearmypainter.com,,Army Painter,Warpaints Fanatic,Tidal Blue,Warhammer Colour,Layer,Ahriman Blue,
"Army Painter Warpaints Fanatic conversion chart (A3, v1.0)",https://www.thearmypainter.com,,Army Painter,Warpaints Fanatic,Leather Brown,Army Painter,Original Warpaints,Leather Brown,
"Army Painter Warpaints Fanatic conversion chart (A3, v1.0)",https://www.thearmypainter.com,,Army Painter,Warpaints Fanatic,Leather Brown,Army Painter,Warpaints Air,Leather Brown,
"Army Painter Warpaints Fanatic conversion chart (A3, v1.0)",https://www.thearmypainter.com,,Army Painter,Warpaints Fanatic,Leather Brown,Warhammer Colour,Base,Mournfang Brown,
"Army Painter Warpaints Fanatic conversion chart (A3, v1.0)",https://www.thearmypainter.com,,Army Painter,Warpaints Fanatic,Barbarian Flesh,Army Painter,Original Warpaints,Barbarian Flesh,
"Army Painter Warpaints Fanatic conversion chart (A3, v1.0)",https://www.thearmypainter.com,,Army Painter,Warpaints Fanatic,Barbarian Flesh,Army Painter,Warpaints Air,Barbarian Flesh,
"Army Painter Warpaints Fanatic conversion chart (A3, v1.0)",https://www.thearmypainter.com,,Army Painter,Warpaints Fanatic,Barbarian Flesh,Warhammer Colour,Layer,Bestigor Flesh,
"Army Painter Warpaints Fanatic conversion chart (A3, v1.0)",https://www.thearmypainter.com,,Army Painter,Warpaints Fanatic,Turquoise Siren,Army Painter,Original Warpaints,Royal Cloak,
"Army Painter Warpaints Fanatic conversion chart (A3, v1.0)",https://www.thearmypainter.com,,Army Painter,Warpaints Fanatic,Desert Yellow,Army Painter,Original Warpaints,Desert Yellow,
"Army Painter Warpaints Fanatic conversion chart (A3, v1.0)",https://www.thearmypainter.com,,Army Painter,Warpaints Fanatic,Desert Yellow,Army Painter,Warpaints Air,Desert Yellow,
"Army Painter Warpaints Fanatic conversion chart (A3, v1.0)",https://www.thearmypainter.com,,Army Painter,Warpaints Fanatic,Desert Yellow,Warhammer Colour,Base,Hobgrot Hide,
"Army Painter Warpaints Fanatic conversion chart (A3, v1.0)",https://www.thearmypainter.com,,Army Painter,Warpaints Fanatic,Topaz Skin,Army Painter,Original Warpaints,Topaz Skin,
"Army Painter Warpaints Fanatic conversion chart (A3, v1.0)",https://www.thearmypainter.com,,Army Painter,Warpaints Fanatic,Pharaoh Guard,Army Painter,Original Warpaints,Wizards Orb,
"Army Painter Warpaints Fanatic conversion chart (A3, v1.0)",https://www.thearmypainter.com,,Army Painter,Warpaints Fanatic,Pharaoh Guard,Army Painter,Warpaints Air,Wizards Orb,
"Army Painter Warpaints Fanatic conversion chart (A3, v1.0)",https://www.thearmypainter.com,,Army Painter,Warpaints Fanatic,Skeleton Bone,Army Painter,Original Warpaints,Skeleton Bone,
"Army Painter Warpaints Fanatic conversion chart (A3, v1.0)",https://www.thearmypainter.com,,Army Painter,Warpaints Fanatic,Skeleton Bone,Army Painter,Warpaints Air,Skeleton Bone,
"Army Painter Warpaints Fanatic conversion chart (A3, v1.0)",https://www.thearmypainter.com,,Army Painter,Warpaints Fanatic,Skeleton Bone,Warhammer Colour,Layer,Ushabti Bone,
"Army Painter Warpaints Fanatic conversion chart (A3, v1.0)",https://www.thearmypainter.com,,Army Painter,Warpaints Fanatic,Mocca Skin,Warhammer Colour,Base,Steel Legion Drab,
"Army Painter Warpaints Fanatic conversion chart (A3, v1.0)",https://www.thearmypainter.com,,Army Painter,Warpaints Fanatic,Greenskin,Army Painter,Original Warpaints,Greenskin,
"Army Painter Warpaints Fanatic conversion chart (A3, v1.0)",https://www.thearmypainter.com,,Army Painter,Warpaints Fanatic,Greenskin,Army Painter,Warpaints Air,Greenskin,
"Army Painter Warpaints Fanatic conversion chart (A3, v1.0)",https://www.thearmypainter.com,,Army Painter,Warpaints Fanatic,Greenskin,Warhammer Colour,Layer,Warpstone Glow,
"Army Painter Warpaints Fanatic conversion chart (A3, v1.0)",https://www.thearmypainter.com,,Army Painter,Warpaints Fanatic,Daemonic Yellow,Army Painter,Original Warpaints,Daemonic Yellow,
"Army Painter Warpaints Fanatic conversion chart (A3, v1.0)",https://www.thearmypainter.com,,Army Painter,Warpaints Fanatic,Daemonic Yellow,Army Painter,Warpaints Air,Daemonic Yellow,
"Army Painter Warpaints Fanatic conversion chart (A3, v1.0)",https://www.thearmypainter.com,,Army Painter,Warpaints Fanatic,Rainforest,Army Painter,Original Warpaints,Jungle Green,
"Army Painter Warpaints Fanatic conversion chart (A3, v1.0)",https://www.thearmypainter.com,,Army Painter,Warpaints Fanatic,Rainforest,Army Painter,Warpaints Air,Jungle Green,
"Army Painter Warpaints Fanatic conversion chart (A3, v1.0)",https://www.thearmypainter.com,,Army Painter,Warpaints Fanatic,Lava Orange,Army Painter,Original Warpaints,Lava Orange,
"Army Painter Warpaints Fanatic conversion chart (A3, v1.0)",https://www.thearmypainter.com,,Army Painter,Warpaints Fanatic,Lava Orange,Army Painter,Warpaints Air,Lava Orange,
"Army Painter Warpaints Fanatic conversion chart (A3, v1.0)",https://www.thearmypainter.com,,Army Painter,Warpaints Fanatic,Lava Orange,Warhammer Colour,Layer,Fire Dragon Bright,
"Army Painter Warpaints Fanatic conversion chart (A3, v1.0)",https://www.thearmypainter.com,,Army Painter,Warpaints Fanatic,Patagon Pine,Warhammer Colour,Layer,Skarsnik Green,
"Army Painter Warpaints Fanatic conversion chart (A3, v1.0)",https://www.thearmypainter.com,,Army Painter,Warpaints Fanatic,Legendary Red,Warhammer Colour,Layer,Squig Orange,
"Army Painter Warpaints Fanatic conversion chart (A3, v1.0)",https://www.thearmypainter.com,,Army Painter,Warpaints Fanatic,Camouflage Green,Army Painter,Original Warpaints,Commando Green,
"Army Painter Warpaints Fanatic conversion chart (A3, v1.0)",https://www.thearmypainter.com,,Army Painter,Warpaints Fanatic,Camouflage Green,Army Painter,Warpaints Air,Gremlin Green,
"Army Painter Warpaints Fanatic conversion chart (A3, v1.0)",https://www.thearmypainter.com,,Army Painter,Warpaints Fanatic,Camouflage Green,Warhammer Colour,Base,Death Guard Green,
"Army Painter Warpaints Fanatic conversion chart (A3, v1.0)",https://www.thearmypainter.com,,Army Painter,Warpaints Fanatic,Dryad Brown,Army Painter,Warpaints Air,Cypress Brown,
"Army Painter Warpaints Fanatic conversion chart (A3, v1.0)",https://www.thearmypainter.com,,Army Painter,Warpaints Fanatic,Dryad Brown,Warhammer Colour,Layer,Doombull Brown,
"Army Painter Warpaints Fanatic conversion chart (A3, v1.0)",https://www.thearmypainter.com,,Army Painter,Warpaints Fanatic,Evil Chrome,Army Painter,Warpaints Air,Evil Chrome,
"Army Painter Warpaints Fanatic conversion chart (A3, v1.0)",https://www.thearmypainter.com,,Army Painter,Warpaints Fanatic,Evil Chrome,Warhammer Colour,Layer,Sycorax Bronze,
"Army Painter Warpaints Fanatic conversion chart (A3, v1.0)",https://www.thearmypainter.com,,Army Painter,Warpaints Fanatic,Great Hall Grey,Army Painter,Original Warpaints,Stone Golem,
"Army Painter Warpaints Fanatic conversion chart (A3, v1.0)",https://www.thearmypainter.com,,Army Painter,Warpaints Fanatic,Deep Grey,Army Painter,Original Warpaints,Necromancer Cloak,
"Army Painter Warpaints Fanatic conversion chart (A3, v1.0)",https://www.thearmypainter.com,,Army Painter,Warpaints Fanatic,Deep Grey,Warhammer Colour,Base,Mechanicus Standard Grey,
"Army Painter Warpaints Fanatic conversion chart (A3, v1.0)",https://www.thearmypainter.com,,Army Painter,Warpaints Fanatic,Thunderous Blue,Warhammer Colour,Base,The Fang,
"Army Painter Warpaints Fanatic conversion chart (A3, v1.0)",https://www.thearmypainter.com,,Army Painter,Warpaints Fanatic,Gothic Blue,Warhammer Colour,Base,Macragge Blue,
"Army Painter Warpaints Fanatic conversion chart (A3, v1.0)",https://www.thearmypainter.com,,Army Painter,Warpaints Fanatic,Regal Blue,Warhammer Colour,Base,Caledor Sky,
"Army Painter Warpaints Fanatic conversion chart (A3, v1.0)",https://www.thearmypainter.com,,Army Painter,Warpaints Fanatic,Abyssal Blue,Army Painter,Warpaints Air,Twilight Sky,
"Army Painter Warpaints Fanatic conversion chart (A3, v1.0)",https://www.thearmypainter.com,,Army Painter,Warpaints Fanatic,Abyssal Blue,Warhammer Colour,Base,Thousand Sons Blue,
"Army Painter Warpaints Fanatic conversion chart (A3, v1.0)",https://www.thearmypainter.com,,Army Painter,Warpaints Fanatic,Bootstrap Brown,Army Painter,Original Warpaints,Werewolf Fur,
"Army Painter Warpaints Fanatic conversion chart (A3, v1.0)",https://www.thearmypainter.com,,Army Painter,Warpaints Fanatic,Agate Skin,Warhammer Colour,Layer,Cadian Fleshtone,
"Army Painter Warpaints Fanatic conversion chart (A3, v1.0)",https://www.thearmypainter.com,,Army Painter,Warpaints Fanatic,Hydra Turquoise,Army Painter,Original Warpaints,Hydra Turquoise,
"Army Painter Warpaints Fanatic conversion chart (A3, v1.0)",https://www.thearmypainter.com,,Army Painter,Warpaints Fanatic,Hydra Turquoise,Army Painter,Warpaints Air,Hydra Turquoise,
"Army Painter Warpaints Fanatic conversion chart (A3, v1.0)",https://www.thearmypainter.com,,Army Painter,Warpaints Fanatic,Hydra Turquoise,Warhammer Colour,Layer,Temple Guard Blue,
"Army Painter Warpaints Fanatic conversion chart (A3, v1.0)",https://www.thearmypainter.com,,Army Painter,Warpaints Fanatic,Prairie Ochre,Army Painter,Original Warpaints,Sulfide Ochre,
"Army Painter Warpaints Fanatic conversion chart (A3, v1.0)",https://www.thearmypainter.com,,Army Painter,Warpaints Fanatic,Prairie Ochre,Army Painter,Warpaints Air,Barren Yellow,
"Army Painter Warpaints Fanatic conversion chart (A3, v1.0)",https://www.thearmypainter.com,,Army Painter,Warpaints Fanatic,Prairie Ochre,Warhammer Colour,Layer,Tallarn Sand,
"Army Painter Warpaints Fanatic conversion chart (A3, v1.0)",https://www.thearmypainter.com,,Army Painter,Warpaints Fanatic,Tiger's Eye Skin,Army Painter,Original Warpaints,Tiger's Eye Skin,
"Army Painter Warpaints Fanatic conversion chart (A3, v1.0)",https://www.thearmypainter.com,,Army Painter,Warpaints Fanatic,Tiger's Eye Skin,Army Painter,Warpaints Air,Husk Brown,
"Army Painter Warpaints Fanatic conversion chart (A3, v1.0)",https://www.thearmypainter.com,,Army Painter,Warpaints Fanatic,Tiger's Eye Skin,Warhammer Colour,Layer,Tuskgor Fur,
"Army Painter Warpaints Fanatic conversion chart (A3, v1.0)",https://www.thearmypainter.com,,Army Painter,Warpaints Fanatic,Temple Gate Teal,Army Painter,Warpaints Air,Ruinous Spell,
"Army Painter Warpaints Fanatic conversion chart (A3, v1.0)",https://www.thearmypainter.com,,Army Painter,Warpaints Fanatic,Temple Gate Teal,Warhammer Colour,Layer,Kabalite Green,
"Army Painter Warpaints Fanatic conversion chart (A3, v1.0)",https://www.thearmypainter.com,,Army Painter,Warpaints Fanatic,Tomb King Tan,Army Painter,Original Warpaints,Banshee Brown,
"Army Painter Warpaints Fanatic conversion chart (A3, v1.0)",https://www.thearmypainter.com,,Army Painter,Warpaints Fanatic,Tomb King Tan,Warhammer Colour,Layer,Karak Stone,
"Army Painter Warpaints Fanatic conversion chart (A3, v1.0)",https://www.thearmypainter.com,,Army Painter,Warpaints Fanatic,Onyx Skin,Warhammer Colour,Layer,Gorthor Brown,
"Army Painter Warpaints Fanatic conversion chart (A3, v1.0)",https://www.thearmypainter.com,,Army Painter,Warpaints Fanatic,Guardian Green,Army Painter,Warpaints Air,Savage Green,
"Army Painter Warpaints Fanatic conversion chart (A3, v1.0)",https://www.thearmypainter.com,,Army Painter,Warpaints Fanatic,Fiendish Yellow,Army Painter,Original Warpaints,Fire Lizard,
"Army Painter Warpaints Fanatic conversion chart (A3, v1.0)",https://www.thearmypainter.com,,Army Painter,Warpaints Fanatic,Fiendish Yellow,Warhammer Colour,Base,Averland Sunset,
"Army Painter Warpaints Fanatic conversion chart (A3, v1.0)",https://www.thearmypainter.com,,Army Painter,Warpaints Fanatic,Leafy Green,Warhammer Colour,Layer,Moot Green,
"Army Painter Warpaints Fanatic conversion chart (A3, v1.0)",https://www.thearmypainter.com,,Army Painter,Warpaints Fanatic,Burning Ore,Army Painter,Original Warpaints,Mythical Orange,
"Army Painter Warpaints Fanatic conversion chart (A3, v1.0)",https://www.thearmypainter.com,,Army Painter,Warpaints Fanatic,Burning Ore,Army Painter,Warpaints Air,Archangel Red,
"Army Painter Warpaints Fanatic conversion chart (A3, v1.0)",https://www.thearmypainter.com,,Army Painter,Warpaints Fanatic,Burning Ore,Warhammer Colour,Layer,Troll Slayer Orange,
"Army Painter Warpaints Fanatic conversion chart (A3, v1.0)",https://www.thearmypainter.com,,Army Painter,Warpaints Fanatic,Angelic Red,Army Painter,Original Warpaints,Mars Red,
"Army Painter Warpaints Fanatic conversion chart (A3, v1.0)",https://www.thearmypainter.com,,Army Painter,Warpaints Fanatic,Angelic Red,Warhammer Colour,Layer,Wild Rider Red,
"Army Painter Warpaints Fanatic conversion chart (A3, v1.0)",https://www.thearmypainter.com,,Army Painter,Warpaints Fanatic,Army Green,Army Painter,Original Warpaints,Army Green,
"Army Painter Warpaints Fanatic conversion chart (A3, v1.0)",https://www.thearmypainter.com,,Army Painter,Warpaints Fanatic,Army Green,Army Painter,Warpaints Air,Army Green,
"Army Painter Warpaints Fanatic conversion chart (A3, v1.0)",https://www.thearmypainter.com,,Army Painter,Warpaints Fanatic,Army Green,Warhammer Colour,Layer,Loren Forest,
"Army Painter Warpaints Fanatic conversion chart (A3, v1.0)",https://www.thearmypainter.com,,Army Painter,Warpaints Fanatic,Tree Ancient,Army Painter,Original Warpaints,Dirt Spatter,
"Army Painter Warpaints Fanatic conversion chart (A3, v1.0)",https://www.thearmypainter.com,,Army Painter,Warpaints Fanatic,Tree Ancient,Warhammer Colour,Base,Catachan Flesh,
"Army Painter Warpaints Fanatic conversion chart (A3, v1.0)",https://www.thearmypainter.com,,Army Painter,Warpaints Fanatic,Red Copper,Warhammer Colour,Base,Screaming Bell,
"Army Painter Warpaints Fanatic conversion chart (A3, v1.0)",https://www.thearmypainter.com,,Army Painter,Warpaints Fanatic,Raging Rose,Army Painter,Warpaints Air,Wyrmling Red,
"Army Painter Warpaints Fanatic conversion chart (A3, v1.0)",https://www.thearmypainter.com,,Army Painter,Warpaints Fanatic,Gemstone Red,Army Painter,Original Warpaints,Gemstone,
"Army Painter Warpaints Fanatic conversion chart (A3, v1.0)",https://www.thearmypainter.com,,Army Painter,Warpaints Fanatic,Gemstone Red,Army Painter,Warpaints Air,Gemstone,
"Army Painter Warpaints Fanatic conversion chart (A3, v1.0)",https://www.thearmypainter.com,,Army Painter,Warpaints Fanatic,Mithril,Warhammer Colour,Layer,Stormhost Silver,
"Army Painter Warpaints Fanatic conversion chart (A3, v1.0)",https://www.thearmypainter.com,,Army Painter,Warpaints Fanatic,Kraken Lavender,Army Painter,Original Warpaints,Orc Blood,
"Army Painter Warpaints Fanatic conversion chart (A3, v1.0)",https://www.thearmypainter.com,,Army Painter,Warpaints Fanatic,Light Tone,Army Painter,Original Warpaints,Light Tone,
"Army Painter Warpaints Fanatic conversion chart (A3, v1.0)",https://www.thearmypainter.com,,Army Painter,Warpaints Fanatic,Magenta Tone,Warhammer Colour,Shade,Carroburg Crimson,
"Army Painter Warpaints Fanatic conversion chart (A3, v1.0)",https://www.thearmypainter.com,,Army Painter,Warpaints Fanatic,Wilted Rose,Army Painter,Original Warpaints,Mutant Hue,
"Army Painter Warpaints Fanatic conversion chart (A3, v1.0)",https://www.thearmypainter.com,,Army Painter,Warpaints Fanatic,Shining Silver,Army Painter,Original Warpaints,Shining Silver,
"Army Painter Warpaints Fanatic conversion chart (A3, v1.0)",https://www.thearmypainter.com,,Army Painter,Warpaints Fanatic,Shining Silver,Army Painter,Warpaints Air,Shining Silver,
"Army Painter Warpaints Fanatic conversion chart (A3, v1.0)",https://www.thearmypainter.com,,Army Painter,Warpaints Fanatic,Shining Silver,Warhammer Colour,Layer,Runefang Steel,
"Army Painter Warpaints Fanatic conversion chart (A3, v1.0)",https://www.thearmypainter.com,,Army Painter,Warpaints Fanatic,Violet Coven,Army Painter,Original Warpaints,Oozing Purple,
"Army Painter Warpaints Fanatic conversion chart (A3, v1.0)",https://www.thearmypainter.com,,Army Painter,Warpaints Fanatic,Violet Coven,Warhammer Colour,Layer,Dechala Lilac,
"Army Painter Warpaints Fanatic conversion chart (A3, v1.0)",https://www.thearmypainter.com,,Army Painter,Warpaints Fanatic,Sepia Tone,Army Painter,Original Warpaints,Mid Brown,
"Army Painter Warpaints Fanatic conversion chart (A3, v1.0)",https://www.thearmypainter.com,,Army Painter,Warpaints Fanatic,Sepia Tone,Warhammer Colour,Shade,Seraphim Sepia,
"Army Painter Warpaints Fanatic conversion chart (A3, v1.0)",https://www.thearmypainter.com,,Army Painter,Warpaints Fanatic,Purple Tone,Army Painter,Original Warpaints,Purple Tone,
"Army Painter Warpaints Fanatic conversion chart (A3, v1.0)",https://www.thearmypainter.com,,Army Painter,Warpaints Fanatic,Purple Tone,Warhammer Colour,Shade,Druchii Violet,
"Army Painter Warpaints Fanatic conversion chart (A3, v1.0)",https://www.thearmypainter.com,,Army Painter,Warpaints Fanatic,Figgy Pink,Army Painter,Warpaints Air,Coven Purple,
"Army Painter Warpaints Fanatic conversion chart (A3, v1.0)",https://www.thearmypainter.com,,Army Painter,Warpaints Fanatic,Figgy Pink,Warhammer Colour,Layer,Fulgrim Pink,
"Army Painter Warpaints Fanatic conversion chart (A3, v1.0)",https://www.thearmypainter.com,,Army Painter,Warpaints Fanatic,Strong Skin Shade,Army Painter,Original Warpaints,Strong Skin Wash,
"Army Painter Warpaints Fanatic conversion chart (A3, v1.0)",https://www.thearmypainter.com,,Army Painter,Warpaints Fanatic,Strong Skin Shade,Warhammer Colour,Shade,Reikland Fleshshade,
"Army Painter Warpaints Fanatic conversion chart (A3, v1.0)",https://www.thearmypainter.com,,Army Painter,Warpaints Fanatic,Basilisk Red,Army Painter,Original Warpaints,Crusted Sore,
"Army Painter Warpaints Fanatic conversion chart (A3, v1.0)",https://www.thearmypainter.com,,Army Painter,Warpaints Fanatic,Basilisk Red,Army Painter,Warpaints Air,Chimera Red,
"Army Painter Warpaints Fanatic conversion chart (A3, v1.0)",https://www.thearmypainter.com,,Army Painter,Warpaints Fanatic,Basilisk Red,Warhammer Colour,Layer,Word Bearers Red,
"Army Painter Warpaints Fanatic conversion chart (A3, v1.0)",https://www.thearmypainter.com,,Army Painter,Warpaints Fanatic,Tainted Gold,Army Painter,Original Warpaints,Tainted Gold,
"Army Painter Warpaints Fanatic conversion chart (A3, v1.0)",https://www.thearmypainter.com,,Army Painter,Warpaints Fanatic,Tainted Gold,Army Painter,Warpaints Air,Tainted Gold,
"Army Painter Warpaints Fanatic conversion chart (A3, v1.0)",https://www.thearmypainter.com,,Army Painter,Warpaints Fanatic,Wicked Pink,Army Painter,Original Warpaints,Warlock Purple,
"Army Painter Warpaints Fanatic conversion chart (A3, v1.0)",https://www.thearmypainter.com,,Army Painter,Warpaints Fanatic,Wicked Pink,Army Painter,Warpaints Air,Warlock Purple,
"Army Painter Warpaints Fanatic conversion chart (A3, v1.0)",https://www.thearmypainter.com,,Army Painter,Warpaints Fanatic,Wicked Pink,Warhammer Colour,Layer,Pink Horror,"chart prints ""Pink Horor"""
"Army Painter Warpaints Fanatic conversion chart (A3, v1.0)",https://www.thearmypainter.com,,Army Painter,Warpaints Fanatic,Terrestrial Titan,Army Painter,Warpaints Air,Broodmother Purple,
"Army Painter Warpaints Fanatic conversion chart (A3, v1.0)",https://www.thearmypainter.com,,Army Painter,Warpaints Fanatic,Terrestrial Titan,Warhammer Colour,Base,Naggaroth Night,
"Army Painter Warpaints Fanatic conversion chart (A3, v1.0)",https://www.thearmypainter.com,,Army Painter,Warpaints Fanatic,Dark Tone,Army Painter,Original Warpaints,Dark Tone,
"Army Painter Warpaints Fanatic conversion chart (A3, v1.0)",https://www.thearmypainter.com,,Army Painter,Warpaints Fanatic,Dark Tone,Warhammer Colour,Shade,Nuln Oil,
"Army Painter Warpaints Fanatic conversion chart (A3, v1.0)",https://www.thearmypainter.com,,Army Painter,Warpaints Fanatic,Diabolic Plum,Warhammer Colour,Base,Phoenician Purple,
"Army Painter Warpaints Fanatic conversion chart (A3, v1.0)",https://www.thearmypainter.com,,Army Painter,Warpaints Fanatic,Green Tone,Army Painter,Original Warpaints,Green Tone,
"Army Painter Warpaints Fanatic conversion chart (A3, v1.0)",https://www.thearmypainter.com,,Army Painter,Warpaints Fanatic,Green Tone,Warhammer Colour,Shade,Biel-Tan Green,
"Army Painter Warpaints Fanatic conversion chart (A3, v1.0)",https://www.thearmypainter.com,,Army Painter,Warpaints Fanatic,Mulled Berry,Army Painter,Original Warpaints,Grimoire Purple,
"Army Painter Warpaints Fanatic conversion chart (A3, v1.0)",https://www.thearmypainter.com,,Army Painter,Warpaints Fanatic,Mulled Berry,Warhammer Colour,Base,Gal Vorbak Red,
"Army Painter Warpaints Fanatic conversion chart (A3, v1.0)",https://www.thearmypainter.com,,Army Painter,Warpaints Fanatic,Dark Red Tone,Warhammer Colour,Shade,Berserker Bloodshade,
"Army Painter Warpaints Fanatic conversion chart (A3, v1.0)",https://www.thearmypainter.com,,Army Painter,Warpaints Fanatic,Pure Red,Army Painter,Original Warpaints,Pure Red,
"Army Painter Warpaints Fanatic conversion chart (A3, v1.0)",https://www.thearmypainter.com,,Army Painter,Warpaints Fanatic,Pure Red,Army Painter,Warpaints Air,Pure Red,
"Army Painter Warpaints Fanatic conversion chart (A3, v1.0)",https://www.thearmypainter.com,,Army Painter,Warpaints Fanatic,Cobalt Metal,Warhammer Colour,Base,Grey Knights Steel,
"Army Painter Warpaints Fanatic conversion chart (A3, v1.0)",https://www.thearmypainter.com,,Army Painter,Warpaints Fanatic,Weird Elixir,Army Painter,Warpaints Air,Fey Pink,
"Army Painter Warpaints Fanatic conversion chart (A3, v1.0)",https://www.thearmypainter.com,,Army Painter,Warpaints Fanatic,Weird Elixir,Warhammer Colour,Layer,Fulgrim Pink,
"Army Painter Warpaints Fanatic conversion chart (A3, v1.0)",https://www.thearmypainter.com,,Army Painter,Warpaints Fanatic,Plate Mail Metal,Army Painter,Original Warpaints,Plate Mail Metal,
"Army Painter Warpaints Fanatic conversion chart (A3, v1.0)",https://www.thearmypainter.com,,Army Painter,Warpaints Fanatic,Plate Mail Metal,Army Painter,Warpaints Air,Plate Mail Metal,
"Army Painter Warpaints Fanatic conversion chart (A3, v1.0)",https://www.thearmypainter.com,,Army Painter,Warpaints Fanatic,Plate Mail Metal,Warhammer Colour,Base,Iron Hands Steel,
"Army Painter Warpaints Fanatic conversion chart (A3, v1.0)",https://www.thearmypainter.com,,Army Painter,Warpaints Fanatic,Hexed Violet,Warhammer Colour,Base,Daemonette Hide,
"Army Painter Warpaints Fanatic conversion chart (A3, v1.0)",https://www.thearmypainter.com,,Army Painter,Warpaints Fanatic,Soft Tone,Army Painter,Original Warpaints,Soft Tone,
"Army Painter Warpaints Fanatic conversion chart (A3, v1.0)",https://www.thearmypainter.com,,Army Painter,Warpaints Fanatic,Spellbound Fuchsia,Army Painter,Warpaints Air,Witchbane Plum,
"Army Painter Warpaints Fanatic conversion chart (A3, v1.0)",https://www.thearmypainter.com,,Army Painter,Warpaints Fanatic,Spellbound Fuchsia,Warhammer Colour,Layer,Kakophoni Purple,
"Army Painter Warpaints Fanatic conversion chart (A3, v1.0)",https://www.thearmypainter.com,,Army Painter,Warpaints Fanatic,Blue Tone,Army Painter,Original Warpaints,Blue Tone,
"Army Painter Warpaints Fanatic conversion chart (A3, v1.0)",https://www.thearmypainter.com,,Army Painter,Warpaints Fanatic,Blue Tone,Warhammer Colour,Shade,Tyran Blue,
"Army Painter Warpaints Fanatic conversion chart (A3, v1.0)",https://www.thearmypainter.com,,Army Painter,Warpaints Fanatic,Forbidden Fruit,Army Painter,Original Warpaints,Toxic Boils,
"Army Painter Warpaints Fanatic conversion chart (A3, v1.0)",https://www.thearmypainter.com,,Army Painter,Warpaints Fanatic,Dark Skin Shade,Army Painter,Original Warpaints,Dark Skin Wash,
"Army Painter Warpaints Fanatic conversion chart (A3, v1.0)",https://www.thearmypainter.com,,Army Painter,Warpaints Fanatic,Dark Skin Shade,Warhammer Colour,Shade,Targor Rageshade,
"Army Painter Warpaints Fanatic conversion chart (A3, v1.0)",https://www.thearmypainter.com,,Army Painter,Warpaints Fanatic,Dragon Red,Army Painter,Original Warpaints,Dragon Red,
"Army Painter Warpaints Fanatic conversion chart (A3, v1.0)",https://www.thearmypainter.com,,Army Painter,Warpaints Fanatic,Dragon Red,Army Painter,Warpaints Air,Dragon Red,
"Army Painter Warpaints Fanatic conversion chart (A3, v1.0)",https://www.thearmypainter.com,,Army Painter,Warpaints Fanatic,Dragon Red,Warhammer Colour,Base,Mephiston Red,
"Army Painter Warpaints Fanatic conversion chart (A3, v1.0)",https://www.thearmypainter.com,,Army Painter,Warpaints Fanatic,Bright Gold,Army Painter,Original Warpaints,Bright Gold,
"Army Painter Warpaints Fanatic conversion chart (A3, v1.0)",https://www.thearmypainter.com,,Army Painter,Warpaints Fanatic,Bright Gold,Army Painter,Warpaints Air,Bright Gold,
"Army Painter Warpaints Fanatic conversion chart (A3, v1.0)",https://www.thearmypainter.com,,Army Painter,Warpaints Fanatic,Bright Gold,Warhammer Colour,Layer,Auric Armour Gold,
"Army Painter Warpaints Fanatic conversion chart (A3, v1.0)",https://www.thearmypainter.com,,Army Painter,Warpaints Fanatic,Pixie Pink,Army Painter,Original Warpaints,Pixie Pink,
"Army Painter Warpaints Fanatic conversion chart (A3, v1.0)",https://www.thearmypainter.com,,Army Painter,Warpaints Fanatic,Pixie Pink,Army Painter,Warpaints Air,Pixie Pink,
"Army Painter Warpaints Fanatic conversion chart (A3, v1.0)",https://www.thearmypainter.com,,Army Painter,Warpaints Fanatic,Pixie Pink,Warhammer Colour,Layer,Emperor's Children,
"Army Painter Warpaints Fanatic conversion chart (A3, v1.0)",https://www.thearmypainter.com,,Army Painter,Warpaints Fanatic,Gun Metal,Army Painter,Original Warpaints,Gun Metal,
"Army Painter Warpaints Fanatic conversion chart (A3, v1.0)",https://www.thearmypainter.com,,Army Painter,Warpaints Fanatic,Gun Metal,Army Painter,Warpaints Air,Gun Metal,
"Army Painter Warpaints Fanatic conversion chart (A3, v1.0)",https://www.thearmypainter.com,,Army Painter,Warpaints Fanatic,Gun Metal,Warhammer Colour,Base,Leadbelcher,
"Army Painter Warpaints Fanatic conversion chart (A3, v1.0)",https://www.thearmypainter.com,,Army Painter,Warpaints Fanatic,Cultist Purple,Warhammer Colour,Layer,Genestealer Purple,
"Army Painter Warpaints Fanatic conversion chart (A3, v1.0)",https://www.thearmypainter.com,,Army Painter,Warpaints Fanatic,Warlock Magenta,Warhammer Colour,Layer,Xereus Purple,
"Army Painter Warpaints Fanatic conversion chart (A3, v1.0)",https://www.thearmypainter.com,,Army Painter,Warpaints Fanatic,Dark Blue Tone,Warhammer Colour,Shade,Drakenhof Nightshade,
"Army Painter Warpaints Fanatic conversion chart (A3, v1.0)",https://www.thearmypainter.com,,Army Painter,Warpaints Fanatic,Elder Flower,Army Painter,Warpaints Air,Fairy Pink,
"Army Painter Warpaints Fanatic conversion chart (A3, v1.0)",https://www.thearmypainter.com,,Army Painter,Warpaints Fanatic,Orange Tone,Warhammer Colour,Shade,Fuegan Orange,
"Army Painter Warpaints Fanatic conversion chart (A3, v1.0)",https://www.thearmypainter.com,,Army Painter,Warpaints Fanatic,Wyvern Fury,Army Painter,Original Warpaints,Vampire Red,
"Army Painter Warpaints Fanatic conversion chart (A3, v1.0)",https://www.thearmypainter.com,,Army Painter,Warpaints Fanatic,Wyvern Fury,Army Painter,Warpaints Air,Rebel Red,
"Army Painter Warpaints Fanatic conversion chart (A3, v1.0)",https://www.thearmypainter.com,,Army Painter,Warpaints Fanatic,Wyvern Fury,Warhammer Colour,Layer,Wazdakka Red,
"Army Painter Warpaints Fanatic conversion chart (A3, v1.0)",https://www.thearmypainter.com,,Army Painter,Warpaints Fanatic,Greedy Gold,Army Painter,Original Warpaints,Greedy Gold,
"Army Painter Warpaints Fanatic conversion chart (A3, v1.0)",https://www.thearmypainter.com,,Army Painter,Warpaints Fanatic,Greedy Gold,Army Painter,Warpaints Air,Greedy Gold,
"Army Painter Warpaints Fanatic conversion chart (A3, v1.0)",https://www.thearmypainter.com,,Army Painter,Warpaints Fanatic,Greedy Gold,Warhammer Colour,Base,Retributor Armour,
"Army Painter Warpaints Fanatic conversion chart (A3, v1.0)",https://www.thearmypainter.com,,Army Painter,Warpaints Fanatic,Glittering Green,Army Painter,Original Warpaints,Glitter Green,
"Army Painter Warpaints Fanatic conversion chart (A3, v1.0)",https://www.thearmypainter.com,,Army Painter,Warpaints Fanatic,Glittering Green,Army Painter,Warpaints Air,Glitter Green,
"Army Painter Warpaints Fanatic conversion chart (A3, v1.0)",https://www.thearmypainter.com,,Army Painter,Warpaints Fanatic,Alien Purple,Army Painter,Original Warpaints,Alien Purple,
"Army Painter Warpaints Fanatic conversion chart (A3, v1.0)",https://www.thearmypainter.com,,Army Painter,Warpaints Fanatic,Alien Purple,Army Painter,Warpaints Air,Alien Purple,
"Army Painter Warpaints Fanatic conversion chart (A3, v1.0)",https://www.thearmypainter.com,,Army Painter,Warpaints Fanatic,Strong Tone,Army Painter,Original Warpaints,Strong Tone,
"Army Painter Warpaints Fanatic conversion chart (A3, v1.0)",https://www.thearmypainter.com,,Army Painter,Warpaints Fanatic,Strong Tone,Warhammer Colour,Shade,Agrax Earthshade,
"Army Painter Warpaints Fanatic conversion chart (A3, v1.0)",https://www.thearmypainter.com,,Army Painter,Warpaints Fanatic,Military Shade,Army Painter,Original Warpaints,Military Shader,
"Army Painter Warpaints Fanatic conversion chart (A3, v1.0)",https://www.thearmypainter.com,,Army Painter,Warpaints Fanatic,Military Shade,Warhammer Colour,Shade,Athonian Camoshade,
"Army Painter Warpaints Fanatic conversion chart (A3, v1.0)",https://www.thearmypainter.com,,Army Painter,Warpaints Fanatic,Moldy Wine,Army Painter,Original Warpaints,Wasteland Soil,
"Army Painter Warpaints Fanatic conversion chart (A3, v1.0)",https://www.thearmypainter.com,,Army Painter,Warpaints Fanatic,Moldy Wine,Warhammer Colour,Base,Screamer Pink,
"Army Painter Warpaints Fanatic conversion chart (A3, v1.0)",https://www.thearmypainter.com,,Army Painter,Warpaints Fanatic,Red Tone,Army Painter,Original Warpaints,Red Tone,
"Army Painter Warpaints Fanatic conversion chart (A3, v1.0)",https://www.thearmypainter.com,,Army Painter,Warpaints Fanatic,Gargoyle Grey,Warhammer Colour,Base,Ionrach Skin,
Army Painter Warpaints conversion chart (Citadel & Vallejo),https://www.thearmypainter.com,,Army Painter,Original Warpaints,Wizards Orb,Warhammer Colour,Layer,Kabalite Green,
Army Painter Warpaints conversion chart (Citadel & Vallejo),https://www.thearmypainter.com,,Army Painter,Original Warpaints,Wizards Orb,Vallejo,Game Color,Jade Green,
Army Painter Warpaints conversion chart (Citadel & Vallejo),https://www.thearmypainter.com,,Army Painter,Original Warpaints,Elemental Bolt,Warhammer Colour,Layer,Sybarite Green,
Army Painter Warpaints conversion chart (Citadel & Vallejo),https://www.thearmypainter.com,,Army Painter,Original Warpaints,Elemental Bolt,Vallejo,Game Color,Foul Green,
Army Painter Warpaints conversion chart (Citadel & Vallejo),https://www.thearmypainter.com,,Army Painter,Original Warpaints,Toxic Mist,Warhammer Colour,Layer,Temple Guard Blue,
Army Painter Warpaints conversion chart (Citadel & Vallejo),https://www.thearmypainter.com,,Army Painter,Original Warpaints,Royal Cloak,Warhammer Colour,Layer,Baharroth Blue,
Army Painter Warpaints conversion chart (Citadel & Vallejo),https://www.thearmypainter.com,,Army Painter,Original Warpaints,Hydra Turquoise,Warhammer Colour,Base,Thousand Sons Blue,
Army Painter Warpaints conversion chart (Citadel & Vallejo),https://www.thearmypainter.com,,Army Painter,Original Warpaints,Hydra Turquoise,Vallejo,Game Color,Turquoise,
Army Painter Warpaints conversion chart (Citadel & Vallejo),https://www.thearmypainter.com,,Army Painter,Original Warpaints,Deep Blue,Warhammer Colour,Base,Kantor Blue,
Army Painter Warpaints conversion chart (Citadel & Vallejo),https://www.thearmypainter.com,,Army Painter,Original Warpaints,Deep Blue,Vallejo,Game Color,Imperial Blue,
Army Painter Warpaints conversion chart (Citadel & Vallejo),https://www.thearmypainter.com,,Army Painter,Original Warpaints,Griffon Blue,Warhammer Colour,Base,Macragge Blue,"chart prints ""Macagge Blue"""
Army Painter Warpaints conversion chart (Citadel & Vallejo),https://www.thearmypainter.com,,Army Painter,Original Warpaints,Ultramarine Blue,Warhammer Colour,Layer,Altdorf Guard Blue,100% match to the Army Painter Colour Primer of the same name
Army Painter Warpaints conversion chart (Citadel & Vallejo),https://www.thearmypainter.com,,Army Painter,Original Warpaints,Viking Blue,Warhammer Colour,Base,Caledor Sky,
Army Painter Warpaints conversion chart (Citadel & Vallejo),https://www.thearmypainter.com,,Army Painter,Original Warpaints,Viking Blue,Vallejo,Game Color,Magic Blue,
Army Painter Warpaints conversion chart (Citadel & Vallejo),https://www.thearmypainter.com,,Army Painter,Original Warpaints,Electric Blue,Warhammer Colour,Layer,Calgar Blue,
Army Painter Warpaints conversion chart (Citadel & Vallejo),https://www.thearmypainter.com,,Army Painter,Original Warpaints,Ice Storm,Warhammer Colour,Layer,Blue Horror,
Army Painter Warpaints conversion chart (Citadel & Vallejo),https://www.thearmypainter.com,,Army Painter,Original Warpaints,Ice Storm,Vallejo,Game Color,Glacier Blue,
Army Painter Warpaints conversion chart (Citadel & Vallejo),https://www.thearmypainter.com,,Army Painter,Original Warpaints,Voidshield Blue,Warhammer Colour,Layer,Hoeth Blue,
Army Painter Warpaints conversion chart (Citadel & Vallejo),https://www.thearmypainter.com,,Army Painter,Original Warpaints,Voidshield Blue,Vallejo,Game Color,Electric Blue,
Army Painter Warpaints conversion chart (Citadel & Vallejo),https://www.thearmypainter.com,,Army Painter,Original Warpaints,Troglodyte Blue,Warhammer Colour,Layer,Lothern Blue,
Army Painter Warpaints conversion chart (Citadel & Vallejo),https://www.thearmypainter.com,,Army Painter,Original Warpaints,Crystal Blue,Warhammer Colour,Layer,Teclis Blue,100% match to the Army Painter Colour Primer of the same name
Army Painter Warpaints conversion chart (Citadel & Vallejo),https://www.thearmypainter.com,,Army Painter,Original Warpaints,Dark Sky,Warhammer Colour,Base,Kantor Blue,
Army Painter Warpaints conversion chart (Citadel & Vallejo),https://www.thearmypainter.com,,Army Painter,Original Warpaints,Dark Sky,Vallejo,Game Color,Imperial Blue,
Army Painter Warpaints conversion chart (Citadel & Vallejo),https://www.thearmypainter.com,,Army Painter,Original Warpaints,Wolf Grey,Warhammer Colour,Layer,Russ Grey,100% match to the Army Painter Colour Primer of the same name
Army Painter Warpaints conversion chart (Citadel & Vallejo),https://www.thearmypainter.com,,Army Painter,Original Warpaints,Wolf Grey,Vallejo,Game Color,Sombre Grey,100% match to the Army Painter Colour Primer of the same name
Army Painter Warpaints conversion chart (Citadel & Vallejo),https://www.thearmypainter.com,,Army Painter,Original Warpaints,Fog Grey,Warhammer Colour,Layer,Fenrisian Grey,
Army Painter Warpaints conversion chart (Citadel & Vallejo),https://www.thearmypainter.com,,Army Painter,Original Warpaints,Gorgon Hide,Warhammer Colour,Layer,Ulthuan Grey,
Army Painter Warpaints conversion chart (Citadel & Vallejo),https://www.thearmypainter.com,,Army Painter,Original Warpaints,Matt Black,Warhammer Colour,Base,Abaddon Black,100% match to the Army Painter Colour Primer of the same name
Army Painter Warpaints conversion chart (Citadel & Vallejo),https://www.thearmypainter.com,,Army Painter,Original Warpaints,Matt Black,Vallejo,Game Color,Black,100% match to the Army Painter Colour Primer of the same name
Army Painter Warpaints conversion chart (Citadel & Vallejo),https://www.thearmypainter.com,,Army Painter,Original Warpaints,Necromancer Cloak,Warhammer Colour,Layer,Eshin Grey,
Army Painter Warpaints conversion chart (Citadel & Vallejo),https://www.thearmypainter.com,,Army Painter,Original Warpaints,Dungeon Grey,Warhammer Colour,Layer,Dawnstone,
Army Painter Warpaints conversion chart (Citadel & Vallejo),https://www.thearmypainter.com,,Army Painter,Original Warpaints,Uniform Grey,Warhammer Colour,Layer,Dawnstone,100% match to the Army Painter Colour Primer of the same name
Army Painter Warpaints conversion chart (Citadel & Vallejo),https://www.thearmypainter.com,,Army Painter,Original Warpaints,Castle Grey,Warhammer Colour,Layer,Stormvermin Fur,
Army Painter Warpaints conversion chart (Citadel & Vallejo),https://www.thearmypainter.com,,Army Painter,Original Warpaints,Hardened Carapace,Warhammer Colour,Layer,Skavenblight Dinge,
Army Painter Warpaints conversion chart (Citadel & Vallejo),https://www.thearmypainter.com,,Army Painter,Original Warpaints,Hemp Rope,Warhammer Colour,Layer,Balor Brown,
Army Painter Warpaints conversion chart (Citadel & Vallejo),https://www.thearmypainter.com,,Army Painter,Original Warpaints,Hemp Rope,Vallejo,Game Color,Leather Brown,
Army Painter Warpaints conversion chart (Citadel & Vallejo),https://www.thearmypainter.com,,Army Painter,Original Warpaints,Monster Brown,Warhammer Colour,Layer,Baneblade Brown,
Army Painter Warpaints conversion chart (Citadel & Vallejo),https://www.thearmypainter.com,,Army Painter,Original Warpaints,Leather Brown,Warhammer Colour,Base,Steel Legion Drab,"100% match to the Army Painter Colour Primer of the same name; chart prints ""Steel Legion Brown"""
Army Painter Warpaints conversion chart (Citadel & Vallejo),https://www.thearmypainter.com,,Army Painter,Original Warpaints,Leather Brown,Vallejo,Game Color,Earth,100% match to the Army Painter Colour Primer of the same name
Army Painter Warpaints conversion chart (Citadel & Vallejo),https://www.thearmypainter.com,,Army Painter,Original Warpaints,Dirt Spatter,Warhammer Colour,Base,Mournfang Brown,
Army Painter Warpaints conversion chart (Citadel & Vallejo),https://www.thearmypainter.com,,Army Painter,Original Warpaints,Dirt Spatter,Vallejo,Game Color,Beasty Brown,
Army Painter Warpaints conversion chart (Citadel & Vallejo),https://www.thearmypainter.com,,Army Painter,Original Warpaints,Oak Brown,Warhammer Colour,Base,Dryad Bark,"chart prints ""Dryard Bark"""
Army Painter Warpaints conversion chart (Citadel & Vallejo),https://www.thearmypainter.com,,Army Painter,Original Warpaints,Oak Brown,Vallejo,Game Color,Charred Brown,
Army Painter Warpaints conversion chart (Citadel & Vallejo),https://www.thearmypainter.com,,Army Painter,Original Warpaints,Basilisk Brown,Warhammer Colour,Layer,Zamesi Desert,
Army Painter Warpaints conversion chart (Citadel & Vallejo),https://www.thearmypainter.com,,Army Painter,Original Warpaints,Basilisk Brown,Vallejo,Game Color,Plague Brown,
Army Painter Warpaints conversion chart (Citadel & Vallejo),https://www.thearmypainter.com,,Army Painter,Original Warpaints,Sulfide Ochre,Warhammer Colour,Layer,Zamesi Desert,
Army Painter Warpaints conversion chart (Citadel & Vallejo),https://www.thearmypainter.com,,Army Painter,Original Warpaints,Sulfide Ochre,Vallejo,Game Color,Plague Brown,
Army Painter Warpaints conversion chart (Citadel & Vallejo),https://www.thearmypainter.com,,Army Painter,Original Warpaints,Desert Yellow,Warhammer Colour,Base,Zandri Dust,100% match to the Army Painter Colour Primer of the same name
Army Painter Warpaints conversion chart (Citadel & Vallejo),https://www.thearmypainter.com,,Army Painter,Original Warpaints,Desert Yellow,Vallejo,Game Color,Khaki,100% match to the Army Painter Colour Primer of the same name
Army Painter Warpaints conversion chart (Citadel & Vallejo),https://www.thearmypainter.com,,Army Painter,Original Warpaints,Moon Dust,Warhammer Colour,Dry,Hexos Palesun,"chart prints ""Hexos Palesun/ Dorn Yellow"""
Army Painter Warpaints conversion chart (Citadel & Vallejo),https://www.thearmypainter.com,,Army Painter,Original Warpaints,Moon Dust,Warhammer Colour,Layer,Dorn Yellow,"chart prints ""Hexos Palesun/ Dorn Yellow"""
Army Painter Warpaints conversion chart (Citadel & Vallejo),https://www.thearmypainter.com,,Army Painter,Original Warpaints,Arid Earth,Warhammer Colour,Layer,Dorn Yellow,
Army Painter Warpaints conversion chart (Citadel & Vallejo),https://www.thearmypainter.com,,Army Painter,Original Warpaints,Babe Blonde,Vallejo,Game Color,Moon Yellow,
Army Painter Warpaints conversion chart (Citadel & Vallejo),https://www.thearmypainter.com,,Army Painter,Original Warpaints,Daemonic Yellow,Warhammer Colour,Layer,Flash Gitz Yellow,100% match to the Army Painter Colour Primer of the same name
Army Painter Warpaints conversion chart (Citadel & Vallejo),https://www.thearmypainter.com,,Army Painter,Original Warpaints,Daemonic Yellow,Vallejo,Game Color,Sun Yellow,100% match to the Army Painter Colour Primer of the same name
Army Painter Warpaints conversion chart (Citadel & Vallejo),https://www.thearmypainter.com,,Army Painter,Original Warpaints,Phoenix Flames,Warhammer Colour,Layer,Yriel Yellow,
Army Painter Warpaints conversion chart (Citadel & Vallejo),https://www.thearmypainter.com,,Army Painter,Original Warpaints,Phoenix Flames,Vallejo,Game Color,Gold Yellow,
Army Painter Warpaints conversion chart (Citadel & Vallejo),https://www.thearmypainter.com,,Army Painter,Original Warpaints,Fire Lizard,Warhammer Colour,Base,Jokaero Orange,
Army Painter Warpaints conversion chart (Citadel & Vallejo),https://www.thearmypainter.com,,Army Painter,Original Warpaints,Fire Lizard,Vallejo,Game Color,Scrofulous Brown,
Army Painter Warpaints conversion chart (Citadel & Vallejo),https://www.thearmypainter.com,,Army Painter,Original Warpaints,Lava Orange,Warhammer Colour,Layer,Troll Slayer Orange,"chart prints ""Trollslayer Orange"""
Army Painter Warpaints conversion chart (Citadel & Vallejo),https://www.thearmypainter.com,,Army Painter,Original Warpaints,Lava Orange,Vallejo,Game Color,Hot Orange,
Army Painter Warpaints conversion chart (Citadel & Vallejo),https://www.thearmypainter.com,,Army Painter,Original Warpaints,Mythical Orange,Warhammer Colour,Layer,Fire Dragon Bright,
Army Painter Warpaints conversion chart (Citadel & Vallejo),https://www.thearmypainter.com,,Army Painter,Original Warpaints,Mythical Orange,Vallejo,Game Color,Orange Fire,
Army Painter Warpaints conversion chart (Citadel & Vallejo),https://www.thearmypainter.com,,Army Painter,Original Warpaints,Pure Red,Warhammer Colour,Layer,Evil Sunz Scarlet,100% match to the Army Painter Colour Primer of the same name
Army Painter Warpaints conversion chart (Citadel & Vallejo),https://www.thearmypainter.com,,Army Painter,Original Warpaints,Pure Red,Vallejo,Game Color,Bloody Red,100% match to the Army Painter Colour Primer of the same name
Army Painter Warpaints conversion chart (Citadel & Vallejo),https://www.thearmypainter.com,,Army Painter,Original Warpaints,Dragon Red,Warhammer Colour,Layer,Wazdakka Red,
Army Painter Warpaints conversion chart (Citadel & Vallejo),https://www.thearmypainter.com,,Army Painter,Original Warpaints,Dragon Red,Vallejo,Game Color,Gory Red,
Army Painter Warpaints conversion chart (Citadel & Vallejo),https://www.thearmypainter.com,,Army Painter,Original Warpaints,Abomination Gore,Warhammer Colour,Base,Khorne Red,
Army Painter Warpaints conversion chart (Citadel & Vallejo),https://www.thearmypainter.com,,Army Painter,Original Warpaints,Abomination Gore,Vallejo,Game Color,Scarlet Red,
Army Painter Warpaints conversion chart (Citadel & Vallejo),https://www.thearmypainter.com,,Army Painter,Original Warpaints,Vampire Red,Warhammer Colour,Base,Mephiston Red,
Army Painter Warpaints conversion chart (Citadel & Vallejo),https://www.thearmypainter.com,,Army Painter,Original Warpaints,Crusted Sore,Warhammer Colour,Base,Khorne Red,
Army Painter Warpaints conversion chart (Citadel & Vallejo),https://www.thearmypainter.com,,Army Painter,Original Warpaints,Wasteland Soil,Warhammer Colour,Base,Screamer Pink,
Army Painter Warpaints conversion chart (Citadel & Vallejo),https://www.thearmypainter.com,,Army Painter,Original Warpaints,Wasteland Soil,Vallejo,Game Color,Warlord Purple,
Army Painter Warpaints conversion chart (Citadel & Vallejo),https://www.thearmypainter.com,,Army Painter,Original Warpaints,Grimoire Purple,Warhammer Colour,Layer,Warpfiend Grey,"chart prints ""Warpfiend Grey/ Daemonette Hide"""
Army Painter Warpaints conversion chart (Citadel & Vallejo),https://www.thearmypainter.com,,Army Painter,Original Warpaints,Grimoire Purple,Warhammer Colour,Base,Daemonette Hide,"chart prints ""Warpfiend Grey/ Daemonette Hide"""
Army Painter Warpaints conversion chart (Citadel & Vallejo),https://www.thearmypainter.com,,Army Painter,Original Warpaints,Grimoire Purple,Vallejo,Game Color,Hexed Lichen,
Army Painter Warpaints conversion chart (Citadel & Vallejo),https://www.thearmypainter.com,,Army Painter,Original Warpaints,Dark Stone,Warhammer Colour,Base,Mechanicus Standard Grey,
Army Painter Warpaints conversion chart (Citadel & Vallejo),https://www.thearmypainter.com,,Army Painter,Original Warpaints,Cultist Robe,Warhammer Colour,Layer,Baneblade Brown,
Army Painter Warpaints conversion chart (Citadel & Vallejo),https://www.thearmypainter.com,,Army Painter,Original Warpaints,Banshee Brown,Warhammer Colour,Base,Rakarth Flesh,
Army Painter Warpaints conversion chart (Citadel & Vallejo),https://www.thearmypainter.com,,Army Painter,Original Warpaints,Brainmatter Beige,Warhammer Colour,Layer,Screaming Skull,
Army Painter Warpaints conversion chart (Citadel & Vallejo),https://www.thearmypainter.com,,Army Painter,Original Warpaints,Brainmatter Beige,Vallejo,Game Color,Off-White,
Army Painter Warpaints conversion chart (Citadel & Vallejo),https://www.thearmypainter.com,,Army Painter,Original Warpaints,Spaceship Exterior,Warhammer Colour,Layer,Ulthuan Grey,
Army Painter Warpaints conversion chart (Citadel & Vallejo),https://www.thearmypainter.com,,Army Painter,Original Warpaints,Stone Golem,Warhammer Colour,Layer,Pallid Wych Flesh,
Army Painter Warpaints conversion chart (Citadel & Vallejo),https://www.thearmypainter.com,,Army Painter,Original Warpaints,Matt White,Warhammer Colour,Layer,White Scar,"100% match to the Army Painter Colour Primer of the same name; chart prints ""White Scar / Ceramite"""
Army Painter Warpaints conversion chart (Citadel & Vallejo),https://www.thearmypainter.com,,Army Painter,Original Warpaints,Matt White,Vallejo,Game Color,Dead White,100% match to the Army Painter Colour Primer of the same name
Army Painter Warpaints conversion chart (Citadel & Vallejo),https://www.thearmypainter.com,,Army Painter,Original Warpaints,Ash Grey,Warhammer Colour,Layer,Administratum Grey,"chart prints ""Administorum Grey"""
Army Painter Warpaints conversion chart (Citadel & Vallejo),https://www.thearmypainter.com,,Army Painter,Original Warpaints,Ash Grey,Vallejo,Game Color,Stonewall Grey,
Army Painter Warpaints conversion chart (Citadel & Vallejo),https://www.thearmypainter.com,,Army Painter,Original Warpaints,Oozing Purple,Warhammer Colour,Layer,Genestealer Purple,
Army Painter Warpaints conversion chart (Citadel & Vallejo),https://www.thearmypainter.com,,Army Painter,Original Warpaints,Alien Purple,Warhammer Colour,Layer,Xereus Purple,100% match to the Army Painter Colour Primer of the same name
Army Painter Warpaints conversion chart (Citadel & Vallejo),https://www.thearmypainter.com,,Army Painter,Original Warpaints,Alien Purple,Vallejo,Game Color,Royal Purple,100% match to the Army Painter Colour Primer of the same name
Army Painter Warpaints conversion chart (Citadel & Vallejo),https://www.thearmypainter.com,,Army Painter,Original Warpaints,Warlock Purple,Warhammer Colour,Layer,Pink Horror,
Army Painter Warpaints conversion chart (Citadel & Vallejo),https://www.thearmypainter.com,,Army Painter,Original Warpaints,Pixie Pink,Warhammer Colour,Layer,Emperor's Children,"chart prints ""Emperors Children"""
Army Painter Warpaints conversion chart (Citadel & Vallejo),https://www.thearmypainter.com,,Army Painter,Original Warpaints,Pixie Pink,Vallejo,Game Color,Squid Pink,
Army Painter Warpaints conversion chart (Citadel & Vallejo),https://www.thearmypainter.com,,Army Painter,Original Warpaints,Centaur Skin,Warhammer Colour,Layer,Fulgrim Pink,
Army Painter Warpaints conversion chart (Citadel & Vallejo),https://www.thearmypainter.com,,Army Painter,Original Warpaints,Scar Tissue,Warhammer Colour,Base,Bugman's Glow,
Army Painter Warpaints conversion chart (Citadel & Vallejo),https://www.thearmypainter.com,,Army Painter,Original Warpaints,Scar Tissue,Vallejo,Game Color,Tan,
Army Painter Warpaints conversion chart (Citadel & Vallejo),https://www.thearmypainter.com,,Army Painter,Original Warpaints,Tanned Flesh,Warhammer Colour,Base,Ratskin Flesh,
Army Painter Warpaints conversion chart (Citadel & Vallejo),https://www.thearmypainter.com,,Army Painter,Original Warpaints,Fur Brown,Warhammer Colour,Layer,Skrag Brown,100% match to the Army Painter Colour Primer of the same name
Army Painter Warpaints conversion chart (Citadel & Vallejo),https://www.thearmypainter.com,,Army Painter,Original Warpaints,Fur Brown,Vallejo,Game Color,Parasite Brown,100% match to the Army Painter Colour Primer of the same name
Army Painter Warpaints conversion chart (Citadel & Vallejo),https://www.thearmypainter.com,,Army Painter,Original Warpaints,Troll Claws,Warhammer Colour,Layer,Tau Light Ochre,
Army Painter Warpaints conversion chart (Citadel & Vallejo),https://www.thearmypainter.com,,Army Painter,Original Warpaints,Barbarian Flesh,Warhammer Colour,Layer,Bestigor Flesh,100% match to the Army Painter Colour Primer of the same name
Army Painter Warpaints conversion chart (Citadel & Vallejo),https://www.thearmypainter.com,,Army Painter,Original Warpaints,Barbarian Flesh,Vallejo,Game Color,Scrofulous Brown,100% match to the Army Painter Colour Primer of the same name
Army Painter Warpaints conversion chart (Citadel & Vallejo),https://www.thearmypainter.com,,Army Painter,Original Warpaints,Kobold Skin,Warhammer Colour,Layer,Cadian Fleshtone,
Army Painter Warpaints conversion chart (Citadel & Vallejo),https://www.thearmypainter.com,,Army Painter,Original Warpaints,Elven Flesh,Warhammer Colour,Layer,Kislev Flesh,"chart prints ""Kislev/Ungor Flesh"""
Army Painter Warpaints conversion chart (Citadel & Vallejo),https://www.thearmypainter.com,,Army Painter,Original Warpaints,Elven Flesh,Warhammer Colour,Layer,Ungor Flesh,"chart prints ""Kislev/Ungor Flesh"""
Army Painter Warpaints conversion chart (Citadel & Vallejo),https://www.thearmypainter.com,,Army Painter,Original Warpaints,Elven Flesh,Vallejo,Game Color,Pale Flesh,
Army Painter Warpaints conversion chart (Citadel & Vallejo),https://www.thearmypainter.com,,Army Painter,Original Warpaints,Corpse Pale,Warhammer Colour,Layer,Flayed One Flesh,
Army Painter Warpaints conversion chart (Citadel & Vallejo),https://www.thearmypainter.com,,Army Painter,Original Warpaints,Corpse Pale,Vallejo,Game Color,Elfic Flesh,
Army Painter Warpaints conversion chart (Citadel & Vallejo),https://www.thearmypainter.com,,Army Painter,Original Warpaints,Toxic Boils,Warhammer Colour,Layer,Slaanesh Grey,
Army Painter Warpaints conversion chart (Citadel & Vallejo),https://www.thearmypainter.com,,Army Painter,Original Warpaints,Skeleton Bone,Warhammer Colour,Layer,Ushabti Bone,"100% match to the Army Painter Colour Primer of the same name; chart prints ""Ushtabi Bone"""
Army Painter Warpaints conversion chart (Citadel & Vallejo),https://www.thearmypainter.com,,Army Painter,Original Warpaints,Skeleton Bone,Vallejo,Game Color,Bone White,100% match to the Army Painter Colour Primer of the same name
Army Painter Warpaints conversion chart (Citadel & Vallejo),https://www.thearmypainter.com,,Army Painter,Original Warpaints,Mummy Robes,Warhammer Colour,Layer,Pallid Wych Flesh,
Army Painter Warpaints conversion chart (Citadel & Vallejo),https://www.thearmypainter.com,,Army Painter,Original Warpaints,Drake Tooth,Warhammer Colour,Layer,Screaming Skull,
Army Painter Warpaints conversion chart (Citadel & Vallejo),https://www.thearmypainter.com,,Army Painter,Original Warpaints,Drake Tooth,Vallejo,Game Color,Bone White,"chart prints ""Bonewhite"""
Army Painter Warpaints conversion chart (Citadel & Vallejo),https://www.thearmypainter.com,,Army Painter,Original Warpaints,Necrotic Flesh,Warhammer Colour,Layer,Krieg Khaki,"100% match to the Army Painter Colour Primer of the same name; chart prints ""Kreig Khaki"""
Army Painter Warpaints conversion chart (Citadel & Vallejo),https://www.thearmypainter.com,,Army Painter,Original Warpaints,Necrotic Flesh,Vallejo,Game Color,Dead Flesh,"100% match to the Army Painter Colour Primer of the same name; chart prints ""Dead Flash"""
Army Painter Warpaints conversion chart (Citadel & Vallejo),https://www.thearmypainter.com,,Army Painter,Original Warpaints,Combat Fatigues,Warhammer Colour,Layer,Nurgling Green,
Army Painter Warpaints conversion chart (Citadel & Vallejo),https://www.thearmypainter.com,,Army Painter,Original Warpaints,Combat Fatigues,Vallejo,Game Color,Dead Flesh,
Army Painter Warpaints conversion chart (Citadel & Vallejo),https://www.thearmypainter.com,,Army Painter,Original Warpaints,Venom Wyrm,Warhammer Colour,Base,Death Guard Green,
Army Painter Warpaints conversion chart (Citadel & Vallejo),https://www.thearmypainter.com,,Army Painter,Original Warpaints,Filthy Cape,Warhammer Colour,Layer,Stormvermin Fur,
Army Painter Warpaints conversion chart (Citadel & Vallejo),https://www.thearmypainter.com,,Army Painter,Original Warpaints,Crypt Wraith,Warhammer Colour,Base,Castellan Green,
Army Painter Warpaints conversion chart (Citadel & Vallejo),https://www.thearmypainter.com,,Army Painter,Original Warpaints,Crypt Wraith,Vallejo,Game Color,Cayman Green,
Army Painter Warpaints conversion chart (Citadel & Vallejo),https://www.thearmypainter.com,,Army Painter,Original Warpaints,Elf Green,Warhammer Colour,Base,Deathworld Forest,
Army Painter Warpaints conversion chart (Citadel & Vallejo),https://www.thearmypainter.com,,Army Painter,Original Warpaints,Commando Green,Warhammer Colour,Layer,Elysian Green,
Army Painter Warpaints conversion chart (Citadel & Vallejo),https://www.thearmypainter.com,,Army Painter,Original Warpaints,Witch Brew,Warhammer Colour,Layer,Ogryn Camo,
Army Painter Warpaints conversion chart (Citadel & Vallejo),https://www.thearmypainter.com,,Army Painter,Original Warpaints,Scaly Hide,Warhammer Colour,Layer,Krieg Khaki,"chart prints ""Kreig Khaki"""
Army Painter Warpaints conversion chart (Citadel & Vallejo),https://www.thearmypainter.com,,Army Painter,Original Warpaints,Goblin Green,Warhammer Colour,Layer,Warboss Green,100% match to the Army Painter Colour Primer of the same name
Army Painter Warpaints conversion chart (Citadel & Vallejo),https://www.thearmypainter.com,,Army Painter,Original Warpaints,Goblin Green,Vallejo,Game Color,Goblin Green,100% match to the Army Painter Colour Primer of the same name
Army Painter Warpaints conversion chart (Citadel & Vallejo),https://www.thearmypainter.com,,Army Painter,Original Warpaints,Kraken Skin,Warhammer Colour,Layer,Gauss Blaster Green,
Army Painter Warpaints conversion chart (Citadel & Vallejo),https://www.thearmypainter.com,,Army Painter,Original Warpaints,Greenskin,Warhammer Colour,Layer,Warpstone Glow,100% match to the Army Painter Colour Primer of the same name
Army Painter Warpaints conversion chart (Citadel & Vallejo),https://www.thearmypainter.com,,Army Painter,Original Warpaints,Greenskin,Vallejo,Game Color,Sick Green,100% match to the Army Painter Colour Primer of the same name
Army Painter Warpaints conversion chart (Citadel & Vallejo),https://www.thearmypainter.com,,Army Painter,Original Warpaints,Angel Green,Warhammer Colour,Base,Caliban Green,100% match to the Army Painter Colour Primer of the same name
Army Painter Warpaints conversion chart (Citadel & Vallejo),https://www.thearmypainter.com,,Army Painter,Original Warpaints,Angel Green,Vallejo,Game Color,Sick Green,100% match to the Army Painter Colour Primer of the same name
Army Painter Warpaints conversion chart (Citadel & Vallejo),https://www.thearmypainter.com,,Army Painter,Original Warpaints,Mouldy Clothes,Warhammer Colour,Layer,Skarsnik Green,
Army Painter Warpaints conversion chart (Citadel & Vallejo),https://www.thearmypainter.com,,Army Painter,Original Warpaints,Mouldy Clothes,Vallejo,Game Color,Scorpy Green,
Army Painter Warpaints conversion chart (Citadel & Vallejo),https://www.thearmypainter.com,,Army Painter,Original Warpaints,Army Green,Warhammer Colour,Layer,Straken Green,100% match to the Army Painter Colour Primer of the same name
Army Painter Warpaints conversion chart (Citadel & Vallejo),https://www.thearmypainter.com,,Army Painter,Original Warpaints,Snake Scales,Warhammer Colour,Layer,Moot Green,
Army Painter Warpaints conversion chart (Citadel & Vallejo),https://www.thearmypainter.com,,Army Painter,Original Warpaints,Snake Scales,Vallejo,Game Color,Scorpy Green,
Army Painter Warpaints conversion chart (Citadel & Vallejo),https://www.thearmypainter.com,,Army Painter,Original Warpaints,Jungle Green,Warhammer Colour,Dry,Niblet Green,
Army Painter Warpaints conversion chart (Citadel & Vallejo),https://www.thearmypainter.com,,Army Painter,Original Warpaints,Poisonous Cloud,Vallejo,Game Color Fluo,Fluorescent Yellow,"chart prints ""Fluo Yellow/ Fluo Green"""
Army Painter Warpaints conversion chart (Citadel & Vallejo),https://www.thearmypainter.com,,Army Painter,Original Warpaints,Poisonous Cloud,Vallejo,Game Color Fluo,Fluorescent Green,"chart prints ""Fluo Yellow/ Fluo Green"""
Army Painter Warpaints conversion chart (Citadel & Vallejo),https://www.thearmypainter.com,,Army Painter,Original Warpaints,Dry Rust,Warhammer Colour,Dry,Ryza Rust,
Army Painter Warpaints conversion chart (Citadel & Vallejo),https://www.thearmypainter.com,,Army Painter,Original Warpaints,Dry Rust,Vallejo,Game Color Special FX,Rust,"chart prints ""Rust/ Dry Rust"""
Army Painter Warpaints conversion chart (Citadel & Vallejo),https://www.thearmypainter.com,,Army Painter,Original Warpaints,Glistening Blood,Warhammer Colour,Technical,Blood For The Blood God,
Army Painter Warpaints conversion chart (Citadel & Vallejo),https://www.thearmypainter.com,,Army Painter,Original Warpaints,Glistening Blood,Vallejo,Game Color Special FX,Fresh Blood,
Army Painter Warpaints conversion chart (Citadel & Vallejo),https://www.thearmypainter.com,,Army Painter,Original Warpaints,Wet Mud,Warhammer Colour,Technical,Typhus Corrosion,
Army Painter Warpaints conversion chart (Citadel & Vallejo),https://www.thearmypainter.com,,Army Painter,Original Warpaints,Disgusting Slime,Warhammer Colour,Technical,Nurgle's Rot,
Army Painter Warpaints conversion chart (Citadel & Vallejo),https://www.thearmypainter.com,,Army Painter,Original Warpaints,Disgusting Slime,Vallejo,Game Color Special FX,Vomit,
Army Painter Warpaints conversion chart (Citadel & Vallejo),https://www.thearmypainter.com,,Army Painter,Original Warpaints,Warpaints Mixing Medium,Warhammer Colour,Technical,Lahmian Medium,"chart prints ""Lahmium Medium"""
Army Painter Warpaints conversion chart (Citadel & Vallejo),https://www.thearmypainter.com,,Army Painter,Original Warpaints,Quickshade Wash Mixing Medium,Warhammer Colour,Technical,Lahmian Medium,"chart prints ""Lahmium Medium"""
Army Painter Warpaints conversion chart (Citadel & Vallejo),https://www.thearmypainter.com,,Army Painter,Original Warpaints,Gloss Varnish,Warhammer Colour,Technical,Ardcoat,
Army Painter Warpaints conversion chart (Citadel & Vallejo),https://www.thearmypainter.com,,Army Painter,Original Warpaints,Rough Iron,Warhammer Colour,Base,Warplock Bronze,"chart prints ""Warlock Bronze"""
Army Painter Warpaints conversion chart (Citadel & Vallejo),https://www.thearmypainter.com,,Army Painter,Original Warpaints,Rough Iron,Vallejo,Game Color Metallic,Tinny Tin,
Army Painter Warpaints conversion chart (Citadel & Vallejo),https://www.thearmypainter.com,,Army Painter,Original Warpaints,Gun Metal,Warhammer Colour,Base,Leadbelcher,100% match to the Army Painter Colour Primer of the same name
Army Painter Warpaints conversion chart (Citadel & Vallejo),https://www.thearmypainter.com,,Army Painter,Original Warpaints,Plate Mail Metal,Warhammer Colour,Layer,Ironbreaker,100% match to the Army Painter Colour Primer of the same name
Army Painter Warpaints conversion chart (Citadel & Vallejo),https://www.thearmypainter.com,,Army Painter,Original Warpaints,Plate Mail Metal,Vallejo,Game Color Metallic,Chainmail,"100% match to the Army Painter Colour Primer of the same name; chart prints ""Chainmail Silver"""
Army Painter Warpaints conversion chart (Citadel & Vallejo),https://www.thearmypainter.com,,Army Painter,Original Warpaints,Shining Silver,Warhammer Colour,Layer,Runefang Steel,"chart prints ""Runefang/Stormhost Silver"""
Army Painter Warpaints conversion chart (Citadel & Vallejo),https://www.thearmypainter.com,,Army Painter,Original Warpaints,Shining Silver,Warhammer Colour,Layer,Stormhost Silver,"chart prints ""Runefang/Stormhost Silver"""
Army Painter Warpaints conversion chart (Citadel & Vallejo),https://www.thearmypainter.com,,Army Painter,Original Warpaints,Shining Silver,Vallejo,Game Color Metallic,Silver,
Army Painter Warpaints conversion chart (Citadel & Vallejo),https://www.thearmypainter.com,,Army Painter,Original Warpaints,Weapon Bronze,Warhammer Colour,Layer,Brass Scorpion,
Army Painter Warpaints conversion chart (Citadel & Vallejo),https://www.thearmypainter.com,,Army Painter,Original Warpaints,True Copper,Vallejo,Game Color Metallic,Hammered Copper,
Army Painter Warpaints conversion chart (Citadel & Vallejo),https://www.thearmypainter.com,,Army Painter,Original Warpaints,Greedy Gold,Warhammer Colour,Layer,Gehenna's Gold,"chart prints ""Gehenna Gold"""
Army Painter Warpaints conversion chart (Citadel & Vallejo),https://www.thearmypainter.com,,Army Painter,Original Warpaints,Greedy Gold,Vallejo,Game Color Metallic,Glorious Gold,
Army Painter Warpaints conversion chart (Citadel & Vallejo),https://www.thearmypainter.com,,Army Painter,Original Warpaints,Bright Gold,Warhammer Colour,Layer,Auric Armour Gold,
Army Painter Warpaints conversion chart (Citadel & Vallejo),https://www.thearmypainter.com,,Army Painter,Original Warpaints,Bright Gold,Vallejo,Game Color Metallic,Polished Gold,
Army Painter Warpaints conversion chart (Citadel & Vallejo),https://www.thearmypainter.com,,Army Painter,Original Warpaints,Red Tone,Warhammer Colour,Shade,Carroburg Crimson,
Army Painter Warpaints conversion chart (Citadel & Vallejo),https://www.thearmypainter.com,,Army Painter,Original Warpaints,Red Tone,Vallejo,Game Color Wash,Red,"chart prints ""Red Wash"""
Army Painter Warpaints conversion chart (Citadel & Vallejo),https://www.thearmypainter.com,,Army Painter,Original Warpaints,Flesh Wash,Warhammer Colour,Shade,Reikland Fleshshade,
Army Painter Warpaints conversion chart (Citadel & Vallejo),https://www.thearmypainter.com,,Army Painter,Original Warpaints,Flesh Wash,Vallejo,Game Color Wash,Flesh,"chart prints ""Flesh Wash"""
Army Painter Warpaints conversion chart (Citadel & Vallejo),https://www.thearmypainter.com,,Army Painter,Original Warpaints,Light Tone,Warhammer Colour,Shade,Seraphim Sepia,
Army Painter Warpaints conversion chart (Citadel & Vallejo),https://www.thearmypainter.com,,Army Painter,Original Warpaints,Light Tone,Vallejo,Game Color Wash,Sepia,"chart prints ""Sepia Wash"""
Army Painter Warpaints conversion chart (Citadel & Vallejo),https://www.thearmypainter.com,,Army Painter,Original Warpaints,Dark Tone,Warhammer Colour,Shade,Nuln Oil,
Army Painter Warpaints conversion chart (Citadel & Vallejo),https://www.thearmypainter.com,,Army Painter,Original Warpaints,Dark Tone,Vallejo,Game Color Wash,Black,"chart prints ""Black Wash"""
Army Painter Warpaints conversion chart (Citadel & Vallejo),https://www.thearmypainter.com,,Army Painter,Original Warpaints,Mid Brown,Warhammer Colour,Shade,Agrax Earthshade,"chart prints ""Agrax/ Reikland"""
Army Painter Warpaints conversion chart (Citadel & Vallejo),https://www.thearmypainter.com,,Army Painter,Original Warpaints,Mid Brown,Warhammer Colour,Shade,Reikland Fleshshade,"chart prints ""Agrax/ Reikland"""
Army Painter Warpaints conversion chart (Citadel & Vallejo),https://www.thearmypainter.com,,Army Painter,Original Warpaints,Mid Brown,Vallejo,Game Color Wash,Umber,"chart prints ""Umber Wash"""
Army Painter Warpaints conversion chart (Citadel & Vallejo),https://www.thearmypainter.com,,Army Painter,Original Warpaints,Strong Tone,Warhammer Colour,Shade,Agrax Earthshade,
Army Painter Warpaints conversion chart (Citadel & Vallejo),https://www.thearmypainter.com,,Army Painter,Original Warpaints,Strong Tone,Vallejo,Game Color Wash,Umber,"chart prints ""Umber Wash"""
Army Painter Warpaints conversion chart (Citadel & Vallejo),https://www.thearmypainter.com,,Army Painter,Original Warpaints,Purple Tone,Warhammer Colour,Shade,Druchii Violet,
Army Painter Warpaints conversion chart (Citadel & Vallejo),https://www.thearmypainter.com,,Army Painter,Original Warpaints,Green Tone,Warhammer Colour,Shade,Biel-Tan Green,"chart prints ""Beil-Tan Green"""
Army Painter Warpaints conversion chart (Citadel & Vallejo),https://www.thearmypainter.com,,Army Painter,Original Warpaints,Military Shader,Warhammer Colour,Shade,Athonian Camoshade,
Army Painter Warpaints conversion chart (Citadel & Vallejo),https://www.thearmypainter.com,,Army Painter,Original Warpaints,Blue Tone,Warhammer Colour,Shade,Drakenhof Nightshade,
Army Painter Warpaints conversion chart (Citadel & Vallejo),https://www.thearmypainter.com,,Army Painter,Original Warpaints,Blue Tone,Vallejo,Game Color Wash,Blue,"chart prints ""Blue Wash"""
Army Painter Warpaints conversion chart (Citadel & Vallejo),https://www.thearmypainter.com,,Army Painter,Original Warpaints,Soft Tone,Warhammer Colour,Shade,Seraphim Sepia,"chart prints ""Seraphim/Agrax"""
Army Painter Warpaints conversion chart (Citadel & Vallejo),https://www.thearmypainter.com,,Army Painter,Original Warpaints,Soft Tone,Warhammer Colour,Shade,Agrax Earthshade,"chart prints ""Seraphim/Agrax"""
Army Painter Warpaints conversion chart (Citadel & Vallejo),https://www.thearmypainter.com,,Army Painter,Original Warpaints,Soft Tone,Vallejo,Game Color Wash,Sepia,"chart prints ""Sepia/Umber Wash"""
Army Painter Warpaints conversion chart (Citadel & Vallejo),https://www.thearmypainter.com,,Army Painter,Original Warpaints,Soft Tone,Vallejo,Game Color Wash,Umber,"chart prints ""Sepia/Umber Wash"""
Army Painter Historical to Warpaints Fanatic colour comparison chart (2026),https://www.thearmypainter.com,World War II American,Army Painter,Historical,Paratrooper Tan,Army Painter,Warpaints Fanatic,Paratrooper Tan,
Army Painter Historical to Warpaints Fanatic colour comparison chart (2026),https://www.thearmypainter.com,World War II British 8th Army,Army Painter,Historical,Soft Tone,Army Painter,Warpaints Fanatic,Soft Tone,
Army Painter Historical to Warpaints Fanatic colour comparison chart (2026),https://www.thearmypainter.com,World War II American,Army Painter,Historical,Light Drab,Army Painter,Warpaints Fanatic,Olive Drab,
Army Painter Historical to Warpaints Fanatic colour comparison chart (2026),https://www.thearmypainter.com,World War II American,Army Painter,Historical,Ensign Blue,Army Painter,Warpaints Fanatic,Imperial Navy,
Army Painter Historical to Warpaints Fanatic colour comparison chart (2026),https://www.thearmypainter.com,World War II American,Army Painter,Historical,Life Vest Yellow,Army Painter,Warpaints Fanatic,Daemonic Yellow,
Army Painter Historical to Warpaints Fanatic colour comparison chart (2026),https://www.thearmypainter.com,World War II German,Army Painter,Historical,Leather Brown,Army Painter,Warpaints Fanatic,Leather Brown,
Army Painter Historical to Warpaints Fanatic colour comparison chart (2026),https://www.thearmypainter.com,World War II British,Army Painter,Historical,Commando Green,Army Painter,Warpaints Fanatic,Scarab Green,
Army Painter Historical to Warpaints Fanatic colour comparison chart (2026),https://www.thearmypainter.com,World War II American,Army Painter,Historical,Rosy Skin,Army Painter,Warpaints Fanatic,Barbarian Flesh,
Army Painter Historical to Warpaints Fanatic colour comparison chart (2026),https://www.thearmypainter.com,World War II German,Army Painter,Historical,Weathered Skin,Army Painter,Warpaints Fanatic,Agate Skin,
Army Painter Historical to Warpaints Fanatic colour comparison chart (2026),https://www.thearmypainter.com,World War II British,Army Painter,Historical,Command Red,Army Painter,Warpaints Fanatic,Pure Red,
Army Painter Historical to Warpaints Fanatic colour comparison chart (2026),https://www.thearmypainter.com,World War II American,Army Painter,Historical,Flag Red,Army Painter,Warpaints Fanatic,Pure Red,
Army Painter Historical to Warpaints Fanatic colour comparison chart (2026),https://www.thearmypainter.com,World War II German,Army Painter,Historical,Command Red,Army Painter,Warpaints Fanatic,Pure Red,
Army Painter Historical to Warpaints Fanatic colour comparison chart (2026),https://www.thearmypainter.com,World War II Soviet Union,Army Painter,Historical,Yellow Ochre,Army Painter,Warpaints Fanatic,Wasteland Clay,
Army Painter Historical to Warpaints Fanatic colour comparison chart (2026),https://www.thearmypainter.com,World War II American,Army Painter,Historical,Black Tone,Army Painter,Warpaints Fanatic,Dark Tone,
Army Painter Historical to Warpaints Fanatic colour comparison chart (2026),https://www.thearmypainter.com,World War II German,Army Painter,Historical,Black Tone,Army Painter,Warpaints Fanatic,Dark Tone,
Army Painter Historical to Warpaints Fanatic colour comparison chart (2026),https://www.thearmypainter.com,World War II British,Army Painter,Historical,Black Tone,Army Painter,Warpaints Fanatic,Dark Tone,
Army Painter Historical to Warpaints Fanatic colour comparison chart (2026),https://www.thearmypainter.com,World War II Soviet Union,Army Painter,Historical,Black Tone,Army Painter,Warpaints Fanatic,Dark Tone,
Army Painter Historical to Warpaints Fanatic colour comparison chart (2026),https://www.thearmypainter.com,World War II Imperial Japanese,Army Painter,Historical,Imperial Red,Army Painter,Warpaints Fanatic,Pure Red,
Army Painter Historical to Warpaints Fanatic colour comparison chart (2026),https://www.thearmypainter.com,World War II Imperial Japanese,Army Painter,Historical,Black Tone,Army Painter,Warpaints Fanatic,Dark Tone,
Army Painter Historical to Warpaints Fanatic colour comparison chart (2026),https://www.thearmypainter.com,World War II British,Army Painter,Historical,Rust,Army Painter,Warpaints Fanatic Effects,Fresh Rust,
Army Painter Historical to Warpaints Fanatic colour comparison chart (2026),https://www.thearmypainter.com,World War II American,Army Painter,Historical,Rust,Army Painter,Warpaints Fanatic Effects,Fresh Rust,
Army Painter Historical to Warpaints Fanatic colour comparison chart (2026),https://www.thearmypainter.com,World War II German,Army Painter,Historical,Rust,Army Painter,Warpaints Fanatic Effects,Fresh Rust,
Army Painter Historical to Warpaints Fanatic colour comparison chart (2026),https://www.thearmypainter.com,World War II Soviet Union,Army Painter,Historical,Rust,Army Painter,Warpaints Fanatic Effects,Fresh Rust,
Army Painter Historical to Warpaints Fanatic colour comparison chart (2026),https://www.thearmypainter.com,World War II British,Army Painter,Historical,Brown Tone,Army Painter,Warpaints Fanatic,Strong Tone,
Army Painter Historical to Warpaints Fanatic colour comparison chart (2026),https://www.thearmypainter.com,World War II American,Army Painter,Historical,Brown Tone,Army Painter,Warpaints Fanatic,Strong Tone,
Army Painter Historical to Warpaints Fanatic colour comparison chart (2026),https://www.thearmypainter.com,World War II German,Army Painter,Historical,Brown Tone,Army Painter,Warpaints Fanatic,Strong Tone,
Army Painter Historical to Warpaints Fanatic colour comparison chart (2026),https://www.thearmypainter.com,World War II Soviet Union,Army Painter,Historical,Brown Tone,Army Painter,Warpaints Fanatic,Strong Tone,
Army Painter Historical to Warpaints Fanatic colour comparison chart (2026),https://www.thearmypainter.com,World War II Imperial Japanese,Army Painter,Historical,Brown Tone,Army Painter,Warpaints Fanatic,Strong Tone,
Army Painter Historical to Warpaints Fanatic colour comparison chart (2026),https://www.thearmypainter.com,World War II Imperial Japanese,Army Painter,Historical,Shin Gunto Gold,Army Painter,Warpaints Fanatic,Greedy Gold,
Army Painter Historical to Warpaints Fanatic colour comparison chart (2026),https://www.thearmypainter.com,World War II British,Army Painter,Historical,Military Shade,Army Painter,Warpaints Fanatic,Military Shade,
Army Painter Historical to Warpaints Fanatic colour comparison chart (2026),https://www.thearmypainter.com,World War II American,Army Painter,Historical,Military Shade,Army Painter,Warpaints Fanatic,Military Shade,
Army Painter Historical to Warpaints Fanatic colour comparison chart (2026),https://www.thearmypainter.com,World War II German,Army Painter,Historical,Military Shade,Army Painter,Warpaints Fanatic,Military Shade,
Army Painter Historical to Warpaints Fanatic colour comparison chart (2026),https://www.thearmypainter.com,World War II Soviet Union,Army Painter,Historical,Military Shade,Army Painter,Warpaints Fanatic,Military Shade,
Army Painter Historical to Warpaints Fanatic colour comparison chart (2026),https://www.thearmypainter.com,World War II British,Army Painter,Historical,Steel,Army Painter,Warpaints Fanatic,Gun Metal,
Army Painter Historical to Warpaints Fanatic colour comparison chart (2026),https://www.thearmypainter.com,World War II American,Army Painter,Historical,Steel,Army Painter,Warpaints Fanatic,Gun Metal,
Army Painter Historical to Warpaints Fanatic colour comparison chart (2026),https://www.thearmypainter.com,World War II German,Army Painter,Historical,Steel,Army Painter,Warpaints Fanatic,Gun Metal,
Army Painter Historical to Warpaints Fanatic colour comparison chart (2026),https://www.thearmypainter.com,World War II Soviet Union,Army Painter,Historical,Steel,Army Painter,Warpaints Fanatic,Gun Metal,
Army Painter Historical to Warpaints Fanatic colour comparison chart (2026),https://www.thearmypainter.com,World War II Imperial Japanese,Army Painter,Historical,Steel,Army Painter,Warpaints Fanatic,Gun Metal,
Army Painter Historical to Warpaints Fanatic colour comparison chart (2026),https://www.thearmypainter.com,World War II British,Army Painter,Historical,Warm Skin Tone,Army Painter,Warpaints Fanatic,Warm Skin Shade,
Army Painter Historical to Warpaints Fanatic colour comparison chart (2026),https://www.thearmypainter.com,World War II American,Army Painter,Historical,Warm Skin Tone,Army Painter,Warpaints Fanatic,Warm Skin Shade,
Army Painter Historical to Warpaints Fanatic colour comparison chart (2026),https://www.thearmypainter.com,World War II German,Army Painter,Historical,Warm Skin Tone,Army Painter,Warpaints Fanatic,Warm Skin Shade,
Army Painter Historical to Warpaints Fanatic colour comparison chart (2026),https://www.thearmypainter.com,World War II Soviet Union,Army Painter,Historical,Warm Skin Tone,Army Painter,Warpaints Fanatic,Warm Skin Shade,
Army Painter Historical to Warpaints Fanatic colour comparison chart (2026),https://www.thearmypainter.com,World War II Imperial Japanese,Army Painter,Historical,Warm Skin Tone,Army Painter,Warpaints Fanatic,Warm Skin Shade,
Army Painter Historical to Warpaints Fanatic colour comparison chart (2026),https://www.thearmypainter.com,World War II British,Army Painter,Historical,Matt Black,Army Painter,Warpaints Fanatic,Matt Black,
Army Painter Historical to Warpaints Fanatic colour comparison chart (2026),https://www.thearmypainter.com,World War II American,Army Painter,Historical,Matt Black,Army Painter,Warpaints Fanatic,Matt Black,
Army Painter Historical to Warpaints Fanatic colour comparison chart (2026),https://www.thearmypainter.com,World War II German,Army Painter,Historical,Matt Black,Army Painter,Warpaints Fanatic,Matt Black,
Army Painter Historical to Warpaints Fanatic colour comparison chart (2026),https://www.thearmypainter.com,World War II Soviet Union,Army Painter,Historical,Matt Black,Army Painter,Warpaints Fanatic,Matt Black,
Army Painter Historical to Warpaints Fanatic colour comparison chart (2026),https://www.thearmypainter.com,World War II Imperial Japanese,Army Painter,Historical,Matt Black,Army Painter,Warpaints Fanatic,Matt Black,
Army Painter Historical to Warpaints Fanatic colour comparison chart (2026),https://www.thearmypainter.com,World War II British,Army Painter,Historical,Matt White,Army Painter,Warpaints Fanatic,Matt White,
Army Painter Historical to Warpaints Fanatic colour comparison chart (2026),https://www.thearmypainter.com,World War II American,Army Painter,Historical,Matt White,Army Painter,Warpaints Fanatic,Matt White,
Army Painter Historical to Warpaints Fanatic colour comparison chart (2026),https://www.thearmypainter.com,World War II German,Army Painter,Historical,Matt White,Army Painter,Warpaints Fanatic,Matt White,
Army Painter Historical to Warpaints Fanatic colour comparison chart (2026),https://www.thearmypainter.com,World War II Soviet Union,Army Painter,Historical,Matt White,Army Painter,Warpaints Fanatic,Matt White,
Army Painter Historical to Warpaints Fanatic colour comparison chart (2026),https://www.thearmypainter.com,World War II Imperial Japanese,Army Painter,Historical,Matt White,Army Painter,Warpaints Fanatic,Matt White,
Army Painter GameMaster to Warpaints colour comparison chart (2023),https://www.thearmypainter.com/gamemaster,Character Starter Paint Set,Army Painter,GameMaster,Chaotic Black,Army Painter,Original Warpaints,Matt Black,
Army Painter GameMaster to Warpaints colour comparison chart (2023),https://www.thearmypainter.com/gamemaster,Character Starter Paint Set,Army Painter,GameMaster,Lawful White,Army Painter,Original Warpaints,Matt White,
Army Painter GameMaster to Warpaints colour comparison chart (2023),https://www.thearmypainter.com/gamemaster,Character Starter Paint Set,Army Painter,GameMaster,Neutral Red,Army Painter,Original Warpaints,Dragon Red,
Army Painter GameMaster to Warpaints colour comparison chart (2023),https://www.thearmypainter.com/gamemaster,Character Starter Paint Set,Army Painter,GameMaster,Angelic Yellow,Army Painter,Original Warpaints,Daemonic Yellow,
Army Painter GameMaster to Warpaints colour comparison chart (2023),https://www.thearmypainter.com/gamemaster,Character Starter Paint Set,Army Painter,GameMaster,Elven Green,Army Painter,Original Warpaints,Greenskin,
Army Painter GameMaster to Warpaints colour comparison chart (2023),https://www.thearmypainter.com/gamemaster,Character Starter Paint Set,Army Painter,GameMaster,Kraken Blue,Army Painter,Original Warpaints,Ultramarine Blue,
Army Painter GameMaster to Warpaints colour comparison chart (2023),https://www.thearmypainter.com/gamemaster,Character Starter Paint Set,Army Painter,GameMaster,Dryad Brown,Army Painter,Original Warpaints,Leather Brown,
Army Painter GameMaster to Warpaints colour comparison chart (2023),https://www.thearmypainter.com/gamemaster,Character Starter Paint Set,Army Painter,GameMaster,Rosy Skin,Army Painter,Original Warpaints,Barbarian Flesh,
Army Painter GameMaster to Warpaints colour comparison chart (2023),https://www.thearmypainter.com/gamemaster,Character Starter Paint Set,Army Painter,GameMaster,Worm Purple,Army Painter,Original Warpaints,Alien Purple,
Army Painter GameMaster to Warpaints colour comparison chart (2023),https://www.thearmypainter.com/gamemaster,Character Starter Paint Set,Army Painter,GameMaster,Wildfire Orange,Army Painter,Original Warpaints,Mythical Orange,
Army Painter GameMaster to Warpaints colour comparison chart (2023),https://www.thearmypainter.com/gamemaster,Character Starter Paint Set,Army Painter,GameMaster,Bear Brown,Army Painter,Original Warpaints,Oak Brown,
Army Painter GameMaster to Warpaints colour comparison chart (2023),https://www.thearmypainter.com/gamemaster,Character Starter Paint Set,Army Painter,GameMaster,Ancient Bones,Army Painter,Original Warpaints,Skeleton Bone,
Army Painter GameMaster to Warpaints colour comparison chart (2023),https://www.thearmypainter.com/gamemaster,Character Starter Paint Set,Army Painter,GameMaster,Orc Grey,Army Painter,Original Warpaints,Uniform Grey,
Army Painter GameMaster to Warpaints colour comparison chart (2023),https://www.thearmypainter.com/gamemaster,Character Starter Paint Set,Army Painter,GameMaster,Mermaid Turquoise,Army Painter,Original Warpaints,Hydra Turquoise,
Army Painter GameMaster to Warpaints colour comparison chart (2023),https://www.thearmypainter.com/gamemaster,Character Starter Paint Set,Army Painter,GameMaster,Elven Skin,Army Painter,Original Warpaints,Elven Flesh,
Army Painter GameMaster to Warpaints colour comparison chart (2023),https://www.thearmypainter.com/gamemaster,Character Starter Paint Set,Army Painter,GameMaster,Grey Undercoat,Army Painter,Original Warpaints,Brush-On Primer,
Army Painter GameMaster to Warpaints colour comparison chart (2023),https://www.thearmypainter.com/gamemaster,Character Starter Paint Set,Army Painter,GameMaster,Flesh Wash,Army Painter,Original Warpaints,Flesh Wash,
Army Painter GameMaster to Warpaints colour comparison chart (2023),https://www.thearmypainter.com/gamemaster,Character Starter Paint Set,Army Painter,GameMaster,Shadow Wash,Army Painter,Original Warpaints,Dark Tone,
Army Painter GameMaster to Warpaints colour comparison chart (2023),https://www.thearmypainter.com/gamemaster,Character Starter Paint Set,Army Painter,GameMaster,Deadly Iron,Army Painter,Original Warpaints,Plate Mail Metal,
Army Painter GameMaster to Warpaints colour comparison chart (2023),https://www.thearmypainter.com/gamemaster,Character Starter Paint Set,Army Painter,GameMaster,Dwarf Gold,Army Painter,Original Warpaints,Greedy Gold,
Army Painter GameMaster to Warpaints colour comparison chart (2023),https://www.thearmypainter.com/gamemaster,Wandering Monsters Paint Set,Army Painter,GameMaster,Gorgon Skin,Army Painter,Original Warpaints,Necrotic Flesh,
Army Painter GameMaster to Warpaints colour comparison chart (2023),https://www.thearmypainter.com/gamemaster,Wandering Monsters Paint Set,Army Painter,GameMaster,Malachite Green,Army Painter,Original Warpaints,Angel Green,
Army Painter GameMaster to Warpaints colour comparison chart (2023),https://www.thearmypainter.com/gamemaster,Wandering Monsters Paint Set,Army Painter,GameMaster,Burlap Sack,Army Painter,Original Warpaints,Monster Brown,
Army Painter GameMaster to Warpaints colour comparison chart (2023),https://www.thearmypainter.com/gamemaster,Wandering Monsters Paint Set,Army Painter,GameMaster,Clotted Blood,Army Painter,Original Warpaints,Chaotic Red,
Army Painter GameMaster to Warpaints colour comparison chart (2023),https://www.thearmypainter.com/gamemaster,Wandering Monsters Paint Set,Army Painter,GameMaster,Surcoat Blue,Army Painter,Original Warpaints,Deep Blue,
Army Painter GameMaster to Warpaints colour comparison chart (2023),https://www.thearmypainter.com/gamemaster,Wandering Monsters Paint Set,Army Painter,GameMaster,Harpy Feathers,Army Painter,Original Warpaints,Desert Yellow,
Army Painter GameMaster to Warpaints colour comparison chart (2023),https://www.thearmypainter.com/gamemaster,Wandering Monsters Paint Set,Army Painter,GameMaster,Star Ruby,Army Painter,Original Warpaints,Warlock Purple,
Army Painter GameMaster to Warpaints colour comparison chart (2023),https://www.thearmypainter.com/gamemaster,Wandering Monsters Paint Set,Army Painter,GameMaster,Heraldric Red,Army Painter,Original Warpaints,Pure Red,
Army Painter GameMaster to Warpaints colour comparison chart (2023),https://www.thearmypainter.com/gamemaster,Wandering Monsters Paint Set,Army Painter,GameMaster,Cyclops Flesh,Army Painter,Original Warpaints,Tanned Flesh,
Army Painter GameMaster to Warpaints colour comparison chart (2023),https://www.thearmypainter.com/gamemaster,Wandering Monsters Paint Set,Army Painter,GameMaster,Acid Spray,Army Painter,Original Warpaints,Jungle Green,
Army Painter GameMaster to Warpaints colour comparison chart (2023),https://www.thearmypainter.com/gamemaster,Wandering Monsters Paint Set,Army Painter,GameMaster,Forcefield Blue,Army Painter,Original Warpaints,Electric Blue,
Army Painter GameMaster to Warpaints colour comparison chart (2023),https://www.thearmypainter.com/gamemaster,Wandering Monsters Paint Set,Army Painter,GameMaster,Troll Teeth,Army Painter,Original Warpaints,Mummy Robes,
Army Painter GameMaster to Warpaints colour comparison chart (2023),https://www.thearmypainter.com/gamemaster,Wandering Monsters Paint Set,Army Painter,GameMaster,Kelpie Fins,Army Painter,Original Warpaints,Pixie Pink,
Army Painter GameMaster to Warpaints colour comparison chart (2023),https://www.thearmypainter.com/gamemaster,Wandering Monsters Paint Set,Army Painter,GameMaster,Drow Skin,Army Painter,Original Warpaints,Necromancer Cloak,
Army Painter GameMaster to Warpaints colour comparison chart (2023),https://www.thearmypainter.com/gamemaster,Wandering Monsters Paint Set,Army Painter,GameMaster,Warlock Hex,Army Painter,Original Warpaints,Oozing Purple,
Army Painter GameMaster to Warpaints colour comparison chart (2023),https://www.thearmypainter.com/gamemaster,Wandering Monsters Paint Set,Army Painter,GameMaster,Elven Silver,Army Painter,Original Warpaints,Shining Silver,
Army Painter GameMaster to Warpaints colour comparison chart (2023),https://www.thearmypainter.com/gamemaster,Wandering Monsters Paint Set,Army Painter,GameMaster,Cast Bronze,Army Painter,Original Warpaints,Weapon Bronze,
Army Painter GameMaster to Warpaints colour comparison chart (2023),https://www.thearmypainter.com/gamemaster,Wandering Monsters Paint Set,Army Painter,GameMaster,Grime Wash,Army Painter,Original Warpaints,Strong Tone,
Army Painter GameMaster to Warpaints colour comparison chart (2023),https://www.thearmypainter.com/gamemaster,Wandering Monsters Paint Set,Army Painter,GameMaster,Fresh Blood,Army Painter,Original Warpaints,Glistening Blood,
Army Painter GameMaster to Warpaints colour comparison chart (2023),https://www.thearmypainter.com/gamemaster,Wandering Monsters Paint Set,Army Painter,GameMaster,Rusted Metal,Army Painter,Original Warpaints,Dry Rust,
Army Painter GameMaster to Warpaints colour comparison chart (2023),https://www.thearmypainter.com/gamemaster,Wilderness Adventures Paint Set,Army Painter,GameMaster,Driftwood Brown,Army Painter,Original Warpaints,Banshee Brown,
Army Painter GameMaster to Warpaints colour comparison chart (2023),https://www.thearmypainter.com/gamemaster,Wilderness Adventures Paint Set,Army Painter,GameMaster,Cauldron Grey,Army Painter,Original Warpaints,Dark Stone,
Army Painter GameMaster to Warpaints colour comparison chart (2023),https://www.thearmypainter.com/gamemaster,Wilderness Adventures Paint Set,Army Painter,GameMaster,Moss Green,Army Painter,Original Warpaints,Army Green,
Army Painter GameMaster to Warpaints colour comparison chart (2023),https://www.thearmypainter.com/gamemaster,Wilderness Adventures Paint Set,Army Painter,GameMaster,Hag's Wart,Army Painter,Original Warpaints,Scaly Hide,
Army Painter GameMaster to Warpaints colour comparison chart (2023),https://www.thearmypainter.com/gamemaster,Wilderness Adventures Paint Set,Army Painter,GameMaster,Worn Leather,Army Painter,Original Warpaints,Fur Brown,
Army Painter GameMaster to Warpaints colour comparison chart (2023),https://www.thearmypainter.com/gamemaster,Wilderness Adventures Paint Set,Army Painter,GameMaster,Sacrificial Red,Army Painter,Original Warpaints,Crusted Sore,
Army Painter GameMaster to Warpaints colour comparison chart (2023),https://www.thearmypainter.com/gamemaster,Wilderness Adventures Paint Set,Army Painter,GameMaster,Aesir Gem,Army Painter,Original Warpaints,Crystal Blue,
Army Painter GameMaster to Warpaints colour comparison chart (2023),https://www.thearmypainter.com/gamemaster,Wilderness Adventures Paint Set,Army Painter,GameMaster,Toxic Toad,Army Painter,Original Warpaints,Kraken Skin,
Army Painter GameMaster to Warpaints colour comparison chart (2023),https://www.thearmypainter.com/gamemaster,Wilderness Adventures Paint Set,Army Painter,GameMaster,Bat Skin,Army Painter,Original Warpaints,Filthy Cape,
Army Painter GameMaster to Warpaints colour comparison chart (2023),https://www.thearmypainter.com/gamemaster,Wilderness Adventures Paint Set,Army Painter,GameMaster,Wyrm Blood,Army Painter,Original Warpaints,Orc Blood,
Army Painter GameMaster to Warpaints colour comparison chart (2023),https://www.thearmypainter.com/gamemaster,Wilderness Adventures Paint Set,Army Painter,GameMaster,Banshee Hair,Army Painter,Original Warpaints,Gorgon Hide,
Army Painter GameMaster to Warpaints colour comparison chart (2023),https://www.thearmypainter.com/gamemaster,Wilderness Adventures Paint Set,Army Painter,GameMaster,Scrying Bones,Army Painter,Original Warpaints,Drake Tooth,
Army Painter GameMaster to Warpaints colour comparison chart (2023),https://www.thearmypainter.com/gamemaster,Wilderness Adventures Paint Set,Army Painter,GameMaster,Heavy Clouds,Army Painter,Original Warpaints,Wolf Grey,
Army Painter GameMaster to Warpaints colour comparison chart (2023),https://www.thearmypainter.com/gamemaster,Wilderness Adventures Paint Set,Army Painter,GameMaster,Old Hut Brown,Army Painter,Original Warpaints,Werewolf Fur,
Army Painter GameMaster to Warpaints colour comparison chart (2023),https://www.thearmypainter.com/gamemaster,Wilderness Adventures Paint Set,Army Painter,GameMaster,Meteorite Metal,Army Painter,Original Warpaints,Gun Metal,
Army Painter GameMaster to Warpaints colour comparison chart (2023),https://www.thearmypainter.com/gamemaster,Wilderness Adventures Paint Set,Army Painter,GameMaster,Aging Metal,Army Painter,Original Warpaints,Evil Chrome,
Army Painter GameMaster to Warpaints colour comparison chart (2023),https://www.thearmypainter.com/gamemaster,Wilderness Adventures Paint Set,Army Painter,GameMaster,Dusk Tone,Army Painter,Original Warpaints,Soft Tone,
Army Painter GameMaster to Warpaints colour comparison chart (2023),https://www.thearmypainter.com/gamemaster,Wilderness Adventures Paint Set,Army Painter,GameMaster,Swamp Tone,Army Painter,Original Warpaints,Military Shader,
Army Painter GameMaster to Warpaints colour comparison chart (2023),https://www.thearmypainter.com/gamemaster,Wilderness Adventures Paint Set,Army Painter,GameMaster,Troll Snot,Army Painter,Original Warpaints,Disgusting Slime,
Army Painter GameMaster to Warpaints Fanatic colour comparison chart (2024),https://www.thearmypainter.com/gamemaster,Adventure Starter,Army Painter,GameMaster,Chaotic Black,Army Painter,Warpaints Fanatic,Matt Black,
Army Painter GameMaster to Warpaints Fanatic colour comparison chart (2024),https://www.thearmypainter.com/gamemaster,Adventure Starter,Army Painter,GameMaster,Orc Grey,Army Painter,Warpaints Fanatic,Uniform Grey,
Army Painter GameMaster to Warpaints Fanatic colour comparison chart (2024),https://www.thearmypainter.com/gamemaster,Adventure Starter,Army Painter,GameMaster,Lawful White,Army Painter,Warpaints Fanatic,Matt White,
Army Painter GameMaster to Warpaints Fanatic colour comparison chart (2024),https://www.thearmypainter.com/gamemaster,Adventure Starter,Army Painter,GameMaster,Angelic Yellow,Army Painter,Warpaints Fanatic,Daemonic Yellow,
Army Painter GameMaster to Warpaints Fanatic colour comparison chart (2024),https://www.thearmypainter.com/gamemaster,Adventure Starter,Army Painter,GameMaster,Kraken Blue,Army Painter,Warpaints Fanatic,Crystal Blue,
Army Painter GameMaster to Warpaints Fanatic colour comparison chart (2024),https://www.thearmypainter.com/gamemaster,Adventure Starter,Army Painter,GameMaster,Neutral Red,Army Painter,Warpaints Fanatic,Pure Red,
Army Painter GameMaster to Warpaints Fanatic colour comparison chart (2024),https://www.thearmypainter.com/gamemaster,Adventure Starter,Army Painter,GameMaster,Elven Green,Army Painter,Warpaints Fanatic,Greenskin,
Army Painter GameMaster to Warpaints Fanatic colour comparison chart (2024),https://www.thearmypainter.com/gamemaster,Adventure Starter,Army Painter,GameMaster,Soft Leather,Army Painter,Warpaints Fanatic,Leather Brown,
Army Painter GameMaster to Warpaints Fanatic colour comparison chart (2024),https://www.thearmypainter.com/gamemaster,Adventure Starter,Army Painter,GameMaster,Rosy Skin,Army Painter,Warpaints Fanatic,Barbarian Flesh,
Army Painter GameMaster to Warpaints Fanatic colour comparison chart (2024),https://www.thearmypainter.com/gamemaster,Adventure Starter,Army Painter,GameMaster,Wildfire Orange,Army Painter,Warpaints Fanatic,Burning Ore,
Army Painter GameMaster to Warpaints Fanatic colour comparison chart (2024),https://www.thearmypainter.com/gamemaster,Adventure Starter,Army Painter,GameMaster,Plate Mail Metal,Army Painter,Warpaints Fanatic,Plate Mail Metal,
Army Painter GameMaster to Warpaints Fanatic colour comparison chart (2024),https://www.thearmypainter.com/gamemaster,Adventure Starter,Army Painter,GameMaster,Dwarf Gold,Army Painter,Warpaints Fanatic,Greedy Gold,
Army Painter GameMaster to Warpaints Fanatic colour comparison chart (2024),https://www.thearmypainter.com/gamemaster,Adventure Starter,Army Painter,GameMaster,Strong Tone,Army Painter,Warpaints Fanatic,Strong Tone,
Army Painter GameMaster to Warpaints Fanatic colour comparison chart (2024),https://www.thearmypainter.com/gamemaster,Adventure Starter,Army Painter,GameMaster,Fresh Blood,Army Painter,Warpaints Fanatic Effects,True Blood,
Army Painter GameMaster to Warpaints Fanatic colour comparison chart (2024),https://www.thearmypainter.com/gamemaster,Adventure Starter,Army Painter,GameMaster,Brush-On Primer,Army Painter,Warpaints Fanatic Effects,Brush-On Primer,
Army Painter GameMaster to Warpaints Fanatic colour comparison chart (2024),https://www.thearmypainter.com/gamemaster,Wandering Monsters,Army Painter,GameMaster,Dungeon Fungus,Army Painter,Warpaints Fanatic,Mulled Berry,
Army Painter GameMaster to Warpaints Fanatic colour comparison chart (2024),https://www.thearmypainter.com/gamemaster,Wandering Monsters,Army Painter,GameMaster,Phantasmal Illusion,Army Painter,Warpaints Fanatic,Glowing Inferno,
Army Painter GameMaster to Warpaints Fanatic colour comparison chart (2024),https://www.thearmypainter.com/gamemaster,Wandering Monsters,Army Painter,GameMaster,Skeleton Bones,Army Painter,Warpaints Fanatic,Bony Spikes,
Army Painter GameMaster to Warpaints Fanatic colour comparison chart (2024),https://www.thearmypainter.com/gamemaster,Wandering Monsters,Army Painter,GameMaster,Mutant Purple,Army Painter,Warpaints Fanatic,Magecast Magenta,
Army Painter GameMaster to Warpaints Fanatic colour comparison chart (2024),https://www.thearmypainter.com/gamemaster,Wandering Monsters,Army Painter,GameMaster,Magi Missile,Army Painter,Warpaints Fanatic,Deep Ocean Blue,
Army Painter GameMaster to Warpaints Fanatic colour comparison chart (2024),https://www.thearmypainter.com/gamemaster,Wandering Monsters,Army Painter,GameMaster,Lycanthrope Grey,Army Painter,Warpaints Fanatic,Wolf Grey,
Army Painter GameMaster to Warpaints Fanatic colour comparison chart (2024),https://www.thearmypainter.com/gamemaster,Wandering Monsters,Army Painter,GameMaster,Gorgon Skin,Army Painter,Warpaints Fanatic,Marine Mist,
Army Painter GameMaster to Warpaints Fanatic colour comparison chart (2024),https://www.thearmypainter.com/gamemaster,Wandering Monsters,Army Painter,GameMaster,Rigid Leather,Army Painter,Warpaints Fanatic,Brigandine Brown,
Army Painter GameMaster to Warpaints Fanatic colour comparison chart (2024),https://www.thearmypainter.com/gamemaster,Wandering Monsters,Army Painter,GameMaster,Warlock Hex,Army Painter,Warpaints Fanatic,Prairie Ochre,
Army Painter GameMaster to Warpaints Fanatic colour comparison chart (2024),https://www.thearmypainter.com/gamemaster,Wandering Monsters,Army Painter,GameMaster,Zombie Flesh,Army Painter,Warpaints Fanatic,Necrotic Flesh,
Army Painter GameMaster to Warpaints Fanatic colour comparison chart (2024),https://www.thearmypainter.com/gamemaster,Wandering Monsters,Army Painter,GameMaster,Cursed Weapon,Army Painter,Warpaints Fanatic,Dark Emerald,
Army Painter GameMaster to Warpaints Fanatic colour comparison chart (2024),https://www.thearmypainter.com/gamemaster,Wandering Monsters,Army Painter,GameMaster,Copper Coin,Army Painter,Warpaints Fanatic,True Copper,
Army Painter GameMaster to Warpaints Fanatic colour comparison chart (2024),https://www.thearmypainter.com/gamemaster,Wandering Monsters,Army Painter,GameMaster,Dark Tone,Army Painter,Warpaints Fanatic,Dark Tone,
Army Painter GameMaster to Warpaints Fanatic colour comparison chart (2024),https://www.thearmypainter.com/gamemaster,Wandering Monsters,Army Painter,GameMaster,True Rust,Army Painter,Warpaints Fanatic Effects,Fresh Rust,
Army Painter GameMaster to Warpaints Fanatic colour comparison chart (2024),https://www.thearmypainter.com/gamemaster,Wandering Monsters,Army Painter,GameMaster,Brush-On Primer,Army Painter,Warpaints Fanatic Effects,Brush-On Primer,
Army Painter GameMaster to Warpaints Fanatic colour comparison chart (2024),https://www.thearmypainter.com/gamemaster,Wilderness Adventures,Army Painter,GameMaster,Dryad Green,Army Painter,Warpaints Fanatic,Leafy Green,
Army Painter GameMaster to Warpaints Fanatic colour comparison chart (2024),https://www.thearmypainter.com/gamemaster,Wilderness Adventures,Army Painter,GameMaster,Polymorph Green,Army Painter,Warpaints Fanatic,Scarab Green,
Army Painter GameMaster to Warpaints Fanatic colour comparison chart (2024),https://www.thearmypainter.com/gamemaster,Wilderness Adventures,Army Painter,GameMaster,Poisoned Leaf,Army Painter,Warpaints Fanatic,Medieval Forest,
Army Painter GameMaster to Warpaints Fanatic colour comparison chart (2024),https://www.thearmypainter.com/gamemaster,Wilderness Adventures,Army Painter,GameMaster,Aesir Gem,Army Painter,Warpaints Fanatic,Ultramarine Blue,
Army Painter GameMaster to Warpaints Fanatic colour comparison chart (2024),https://www.thearmypainter.com/gamemaster,Wilderness Adventures,Army Painter,GameMaster,Fire Dragon,Army Painter,Warpaints Fanatic,Dragon Red,
Army Painter GameMaster to Warpaints Fanatic colour comparison chart (2024),https://www.thearmypainter.com/gamemaster,Wilderness Adventures,Army Painter,GameMaster,Wyrm Blood,Army Painter,Warpaints Fanatic,Alien Purple,
Army Painter GameMaster to Warpaints Fanatic colour comparison chart (2024),https://www.thearmypainter.com/gamemaster,Wilderness Adventures,Army Painter,GameMaster,Hobgoblin Yellow,Army Painter,Warpaints Fanatic,Ice Yellow,
Army Painter GameMaster to Warpaints Fanatic colour comparison chart (2024),https://www.thearmypainter.com/gamemaster,Wilderness Adventures,Army Painter,GameMaster,Bear Brown,Army Painter,Warpaints Fanatic,Oak Brown,
Army Painter GameMaster to Warpaints Fanatic colour comparison chart (2024),https://www.thearmypainter.com/gamemaster,Wilderness Adventures,Army Painter,GameMaster,Carnelian Skin,Army Painter,Warpaints Fanatic,Carnelian Skin,
Army Painter GameMaster to Warpaints Fanatic colour comparison chart (2024),https://www.thearmypainter.com/gamemaster,Wilderness Adventures,Army Painter,GameMaster,Topaz Skin,Army Painter,Warpaints Fanatic,Topaz Skin,
Army Painter GameMaster to Warpaints Fanatic colour comparison chart (2024),https://www.thearmypainter.com/gamemaster,Wilderness Adventures,Army Painter,GameMaster,Meteorite Metal,Army Painter,Warpaints Fanatic,Rough Iron,
Army Painter GameMaster to Warpaints Fanatic colour comparison chart (2024),https://www.thearmypainter.com/gamemaster,Wilderness Adventures,Army Painter,GameMaster,Swamp Tone,Army Painter,Warpaints Fanatic,Military Shade,
Army Painter GameMaster to Warpaints Fanatic colour comparison chart (2024),https://www.thearmypainter.com/gamemaster,Wilderness Adventures,Army Painter,GameMaster,Rust Tone,Army Painter,Warpaints Fanatic,Rust Tone,
Army Painter GameMaster to Warpaints Fanatic colour comparison chart (2024),https://www.thearmypainter.com/gamemaster,Wilderness Adventures,Army Painter,GameMaster,Cauldron Ooze,Army Painter,Warpaints Fanatic Effects,Oozing Vomit,
Army Painter GameMaster to Warpaints Fanatic colour comparison chart (2024),https://www.thearmypainter.com/gamemaster,Wilderness Adventures,Army Painter,GameMaster,Brush-On Primer,Army Painter,Warpaints Fanatic Effects,Brush-On Primer,
Army Painter licensed colour comparison chart (2026),https://www.thearmypainter.com,BattleTech,Army Painter,BattleTech,Bounty Hunter Green,Army Painter,Speedpaint,Shamrock Green,
Army Painter licensed colour comparison chart (2026),https://www.thearmypainter.com,HeroScape,Army Painter,HeroScape,Matt Black,Army Painter,Warpaints Fanatic,Matt Black,
Army Painter licensed colour comparison chart (2026),https://www.thearmypainter.com,HeroScape,Army Painter,HeroScape,Gun Metal,Army Painter,Warpaints Fanatic,Gun Metal,
Army Painter licensed colour comparison chart (2026),https://www.thearmypainter.com,BattleTech,Army Painter,BattleTech,Revenant Bone,Army Painter,Warpaints Fanatic,Bony Spikes,
Army Painter licensed colour comparison chart (2026),https://www.thearmypainter.com,Infinity,Army Painter,Infinity,Matt Black,Army Painter,Warpaints Fanatic,Matt Black,
Army Painter licensed colour comparison chart (2026),https://www.thearmypainter.com,Infinity,Army Painter,Infinity,Gecko Armour,Army Painter,Warpaints Fanatic,Dragon Red,
Army Painter licensed colour comparison chart (2026),https://www.thearmypainter.com,HeroScape,Army Painter,HeroScape,Burrowbreaker Blue Metal,Army Painter,Warpaints Fanatic,Cobalt Metal,
Army Painter licensed colour comparison chart (2026),https://www.thearmypainter.com,HeroScape,Army Painter,HeroScape,Vydar Gray,Army Painter,Warpaints Fanatic,Deep Grey,
Army Painter licensed colour comparison chart (2026),https://www.thearmypainter.com,BattleTech,Army Painter,BattleTech,Parade Chrome,Army Painter,Warpaints Fanatic,Shining Silver,
Army Painter licensed colour comparison chart (2026),https://www.thearmypainter.com,BattleTech,Army Painter,BattleTech,Wolf Gray,Army Painter,Speedpaint,Ashen Stone,
Army Painter licensed colour comparison chart (2026),https://www.thearmypainter.com,Infinity,Army Painter,Infinity,Matt White,Army Painter,Warpaints Fanatic,Matt White,
Army Painter licensed colour comparison chart (2026),https://www.thearmypainter.com,Infinity,Army Painter,Infinity,Svartfang Skin,Army Painter,Warpaints Fanatic,Carnelian Skin,
Army Painter licensed colour comparison chart (2026),https://www.thearmypainter.com,BattleTech,Army Painter,BattleTech,Rolling Thunder Tan,Army Painter,Warpaints Fanatic,Command Khaki,
Army Painter licensed colour comparison chart (2026),https://www.thearmypainter.com,HeroScape,Army Painter,HeroScape,Noxdorman Grime,Army Painter,Warpaints Fanatic,Dark Tone,
Army Painter licensed colour comparison chart (2026),https://www.thearmypainter.com,HeroScape,Army Painter,HeroScape,Jandar Blue,Army Painter,Warpaints Fanatic,Crystal Blue,
Army Painter licensed colour comparison chart (2026),https://www.thearmypainter.com,BattleTech,Army Painter,BattleTech,Widow Black,Army Painter,Speedpaint,Grim Black,
Army Painter licensed colour comparison chart (2026),https://www.thearmypainter.com,Infinity,Army Painter,Infinity,Norstralia Green,Army Painter,Warpaints Fanatic,Scarab Green,
Army Painter licensed colour comparison chart (2026),https://www.thearmypainter.com,Infinity,Army Painter,Infinity,Synthetic Skin,Army Painter,Warpaints Fanatic,Leopard Stone Skin,
Army Painter licensed colour comparison chart (2026),https://www.thearmypainter.com,HeroScape,Army Painter,HeroScape,Deep Water Blue,Army Painter,Warpaints Fanatic,Deep Ocean Blue,
Army Painter licensed colour comparison chart (2026),https://www.thearmypainter.com,HeroScape,Army Painter,HeroScape,Tan Dwarf,Army Painter,Warpaints Fanatic,Barbarian Flesh,
Army Painter licensed colour comparison chart (2026),https://www.thearmypainter.com,BattleTech,Army Painter,BattleTech,Fire Horse Orange,Army Painter,Warpaints Fanatic,Burning Ore,
Army Painter licensed colour comparison chart (2026),https://www.thearmypainter.com,BattleTech,Army Painter,BattleTech,Periphery Brown,Army Painter,Speedpaint,Ruddy Fur,
Army Painter licensed colour comparison chart (2026),https://www.thearmypainter.com,Infinity,Army Painter,Infinity,Spec-Ops Brown,Army Painter,Warpaints Fanatic,Bootstrap Brown,
Army Painter licensed colour comparison chart (2026),https://www.thearmypainter.com,HeroScape,Army Painter,HeroScape,Sundered Sea Green,Army Painter,Warpaints Fanatic,Leafy Green,
Army Painter licensed colour comparison chart (2026),https://www.thearmypainter.com,HeroScape,Army Painter,HeroScape,Bat Wing,Army Painter,Warpaints Fanatic,Carnelian Skin,
Army Painter licensed colour comparison chart (2026),https://www.thearmypainter.com,BattleTech,Army Painter,BattleTech,Donegal Blue,Army Painter,Warpaints Fanatic,Runic Cobalt,
Army Painter licensed colour comparison chart (2026),https://www.thearmypainter.com,BattleTech,Army Painter,BattleTech,Ryuken Gray,Army Painter,Speedpaint,Cloudburst Blue,
Army Painter licensed colour comparison chart (2026),https://www.thearmypainter.com,Infinity,Army Painter,Infinity,Outremer Tan,Army Painter,Warpaints Fanatic,Paratrooper Tan,
Army Painter licensed colour comparison chart (2026),https://www.thearmypainter.com,Infinity,Army Painter,Infinity,Starmada Navy,Army Painter,Warpaints Fanatic,Triumphant Navy,
Army Painter licensed colour comparison chart (2026),https://www.thearmypainter.com,HeroScape,Army Painter,HeroScape,Brigandine Brown,Army Painter,Warpaints Fanatic,Brigandine Brown,
Army Painter licensed colour comparison chart (2026),https://www.thearmypainter.com,HeroScape,Army Painter,HeroScape,Dryan Bark,Army Painter,Warpaints Fanatic,Tree Ancient,
Army Painter licensed colour comparison chart (2026),https://www.thearmypainter.com,BattleTech,Army Painter,BattleTech,Avalon Gray,Army Painter,Warpaints Fanatic,Brigade Grey,
Army Painter licensed colour comparison chart (2026),https://www.thearmypainter.com,BattleTech,Army Painter,BattleTech,War Grime,Army Painter,Speedpaint,Desolate Brown,
Army Painter licensed colour comparison chart (2026),https://www.thearmypainter.com,Infinity,Army Painter,Infinity,Neutral Flesh,Army Painter,Warpaints Fanatic,Barbarian Flesh,
Army Painter licensed colour comparison chart (2026),https://www.thearmypainter.com,Infinity,Army Painter,Infinity,Starboard Blue,Army Painter,Warpaints Fanatic,Bright Sapphire,
Army Painter licensed colour comparison chart (2026),https://www.thearmypainter.com,Infinity,Army Painter,Infinity,Varuna Tanned Skin,Army Painter,Warpaints Fanatic,Topaz Skin,
Army Painter licensed colour comparison chart (2026),https://www.thearmypainter.com,HeroScape,Army Painter,HeroScape,Leather Brown,Army Painter,Warpaints Fanatic,Leather Brown,
Army Painter licensed colour comparison chart (2026),https://www.thearmypainter.com,HeroScape,Army Painter,HeroScape,Tunnel Hide,Army Painter,Warpaints Fanatic,Agate Skin,
Army Painter licensed colour comparison chart (2026),https://www.thearmypainter.com,BattleTech,Army Painter,BattleTech,Gray Death,Army Painter,Warpaints Fanatic,Ash Grey,
Army Painter licensed colour comparison chart (2026),https://www.thearmypainter.com,BattleTech,Army Painter,BattleTech,Arkab Tan,Army Painter,Speedpaint,Bony Matter,
Army Painter licensed colour comparison chart (2026),https://www.thearmypainter.com,Infinity,Army Painter,Infinity,Aquamarine Seas,Army Painter,Warpaints Fanatic,Turquoise Siren,
Army Painter licensed colour comparison chart (2026),https://www.thearmypainter.com,HeroScape,Army Painter,HeroScape,Revna Ochre,Army Painter,Warpaints Fanatic,Prairie Ochre,
Army Painter licensed colour comparison chart (2026),https://www.thearmypainter.com,HeroScape,Army Painter,HeroScape,Weathered Sail,Army Painter,Warpaints Fanatic,Worn Stone,
Army Painter licensed colour comparison chart (2026),https://www.thearmypainter.com,BattleTech,Army Painter,BattleTech,Death Commando,Army Painter,Warpaints Fanatic,Deep Grey,
Army Painter licensed colour comparison chart (2026),https://www.thearmypainter.com,Infinity,Army Painter,Infinity,Hyperdrive Fluid,Army Painter,Warpaints Fanatic,Fiendish Yellow,
Army Painter licensed colour comparison chart (2026),https://www.thearmypainter.com,HeroScape,Army Painter,HeroScape,Ancient Stone,Army Painter,Warpaints Fanatic,Ancient Stone,
Army Painter licensed colour comparison chart (2026),https://www.thearmypainter.com,HeroScape,Army Painter,HeroScape,Sgt. Drake Drab,Army Painter,Warpaints Fanatic,Olive Drab,
Army Painter licensed colour comparison chart (2026),https://www.thearmypainter.com,BattleTech,Army Painter,BattleTech,Ricol Red,Army Painter,Warpaints Fanatic,Pure Red,
Army Painter licensed colour comparison chart (2026),https://www.thearmypainter.com,Infinity,Army Painter,Infinity,Tokai Grey,Army Painter,Warpaints Fanatic,Ash Grey,
Army Painter licensed colour comparison chart (2026),https://www.thearmypainter.com,Infinity,Army Painter,Infinity,Goldspark,Army Painter,Warpaints Fanatic,Space Dust,
Army Painter licensed colour comparison chart (2026),https://www.thearmypainter.com,HeroScape,Army Painter,HeroScape,Golden Aquilla Yellow,Army Painter,Warpaints Fanatic,Fiendish Yellow,
Army Painter licensed colour comparison chart (2026),https://www.thearmypainter.com,HeroScape,Army Painter,HeroScape,Molten Crustacean,Army Painter,Warpaints Fanatic,Glowing Inferno,
Army Painter licensed colour comparison chart (2026),https://www.thearmypainter.com,BattleTech,Army Painter,BattleTech,Muster Yellow,Army Painter,Warpaints Fanatic,Inner Light,
Army Painter licensed colour comparison chart (2026),https://www.thearmypainter.com,Infinity,Army Painter,Infinity,Kuraimori Fog,Army Painter,Warpaints Fanatic,Evergreen Fog,
Army Painter licensed colour comparison chart (2026),https://www.thearmypainter.com,Infinity,Army Painter,Infinity,Afterburner Brown,Army Painter,Warpaints Fanatic,Tree Ancient,
Army Painter licensed colour comparison chart (2026),https://www.thearmypainter.com,HeroScape,Army Painter,HeroScape,Hive Bone,Army Painter,Warpaints Fanatic,Ice Yellow,
Army Painter licensed colour comparison chart (2026),https://www.thearmypainter.com,HeroScape,Army Painter,HeroScape,Tainted Gold,Army Painter,Warpaints Fanatic,Tainted Gold,
Army Painter licensed colour comparison chart (2026),https://www.thearmypainter.com,BattleTech,Army Painter,BattleTech,St. Ives Green,Army Painter,Warpaints Fanatic,Army Green,
Army Painter licensed colour comparison chart (2026),https://www.thearmypainter.com,Infinity,Army Painter,Infinity,Shuto Skin,Army Painter,Warpaints Fanatic,Moonstone Skin,
Army Painter licensed colour comparison chart (2026),https://www.thearmypainter.com,Infinity,Army Painter,Infinity,Synth Leather,Army Painter,Warpaints Fanatic,Agate Skin,
Army Painter licensed colour comparison chart (2026),https://www.thearmypainter.com,HeroScape,Army Painter,HeroScape,Raelin's Manticore,Army Painter,Warpaints Fanatic,Burning Ore,
Army Painter licensed colour comparison chart (2026),https://www.thearmypainter.com,HeroScape,Army Painter,HeroScape,Plate Mail Metal,Army Painter,Warpaints Fanatic,Plate Mail Metal,
Army Painter licensed colour comparison chart (2026),https://www.thearmypainter.com,BattleTech,Army Painter,BattleTech,Combat Wash,Army Painter,Warpaints Fanatic,Dark Tone,
Army Painter licensed colour comparison chart (2026),https://www.thearmypainter.com,Infinity,Army Painter,Infinity,Kaseitoshi Skin,Army Painter,Warpaints Fanatic,Ruby Skin,
Army Painter licensed colour comparison chart (2026),https://www.thearmypainter.com,BattleTech,Army Painter,BattleTech,Factory Primer Gray,Army Painter,Warpaints Fanatic Effects,Brush-On Primer,
Army Painter licensed colour comparison chart (2026),https://www.thearmypainter.com,HeroScape,Army Painter,HeroScape,Crimson Red,Army Painter,Warpaints Fanatic,Dragon Red,
Army Painter licensed colour comparison chart (2026),https://www.thearmypainter.com,HeroScape,Army Painter,HeroScape,Einar Purple,Army Painter,Warpaints Fanatic,Magecast Magenta,
Army Painter licensed colour comparison chart (2026),https://www.thearmypainter.com,Infinity,Army Painter,Infinity,Zensho Skin,Army Painter,Warpaints Fanatic,Opal Skin,
Army Painter licensed colour comparison chart (2026),https://www.thearmypainter.com,Infinity,Army Painter,Infinity,Multitask Grey,Army Painter,Warpaints Fanatic,Worn Stone,
Army Painter licensed colour comparison chart (2026),https://www.thearmypainter.com,HeroScape,Army Painter,HeroScape,Admiral Purple,Army Painter,Warpaints Fanatic,Alien Purple,
Army Painter licensed colour comparison chart (2026),https://www.thearmypainter.com,HeroScape,Army Painter,HeroScape,Arboreas Berry,Army Painter,Warpaints Fanatic,Mulled Berry,
Army Painter licensed colour comparison chart (2026),https://www.thearmypainter.com,Infinity,Army Painter,Infinity,Oni Red,Army Painter,Warpaints Fanatic,Basilisk Red,
Army Painter licensed colour comparison chart (2026),https://www.thearmypainter.com,Infinity,Army Painter,Infinity,Alien Azure,Army Painter,Warpaints Fanatic,Deep Azure,
Army Painter licensed colour comparison chart (2026),https://www.thearmypainter.com,Infinity,Army Painter,Infinity,Rising Red,Army Painter,Warpaints Fanatic,Pure Red,
Army Painter licensed colour comparison chart (2026),https://www.thearmypainter.com,Infinity,Army Painter,Infinity,Combined Red,Army Painter,Warpaints Fanatic,Angelic Red,
Army Painter licensed colour comparison chart (2026),https://www.thearmypainter.com,Infinity,Army Painter,Infinity,Rotten Rot,Army Painter,Warpaints Fanatic,Raging Rouge,
Army Painter licensed colour comparison chart (2026),https://www.thearmypainter.com,Infinity,Army Painter,Infinity,State Grey,Army Painter,Warpaints Fanatic,Uniform Grey,
Army Painter licensed colour comparison chart (2026),https://www.thearmypainter.com,Infinity,Army Painter,Infinity,Xenofucsia,Army Painter,Warpaints Fanatic,Wicked Pink,
Army Painter licensed colour comparison chart (2026),https://www.thearmypainter.com,Infinity,Army Painter,Infinity,Acon Green,Army Painter,Warpaints Fanatic,Temple Gate Teal,
Army Painter licensed colour comparison chart (2026),https://www.thearmypainter.com,Infinity,Army Painter,Infinity,Mercurian Skin,Army Painter,Warpaints Fanatic,Obsidian Skin,
Army Painter licensed colour comparison chart (2026),https://www.thearmypainter.com,Infinity,Army Painter,Infinity,Invincible Orange,Army Painter,Warpaints Fanatic,Lava Orange,
Army Painter licensed colour comparison chart (2026),https://www.thearmypainter.com,Arcworld,Army Painter,Arcworld,Bandit Black,Army Painter,Warpaints Fanatic,Matt Black,
Army Painter licensed colour comparison chart (2026),https://www.thearmypainter.com,Halo Flashpoint,Army Painter,Halo Flashpoint,Banished Black,Army Painter,Warpaints Fanatic,Matt Black,
Army Painter licensed colour comparison chart (2026),https://www.thearmypainter.com,Halo Flashpoint,Army Painter,Halo Flashpoint,The Flood,Army Painter,Warpaints Fanatic,Dark Tone,
Army Painter licensed colour comparison chart (2026),https://www.thearmypainter.com,Infinity,Army Painter,Infinity,Yutang Sunset,Army Painter,Warpaints Fanatic,Flickering Flame,
Army Painter licensed colour comparison chart (2026),https://www.thearmypainter.com,Infinity,Army Painter,Infinity,Quantronic Glow,Army Painter,Warpaints Fanatic Effects,Data System Glow,
Army Painter licensed colour comparison chart (2026),https://www.thearmypainter.com,Arcworld,Army Painter,Arcworld,Trollhide,Army Painter,Warpaints Fanatic,Ruddy Umber,
Army Painter licensed colour comparison chart (2026),https://www.thearmypainter.com,Halo Flashpoint,Army Painter,Halo Flashpoint,UNSC Visor Gold,Army Painter,Warpaints Fanatic,Greedy Gold,
Army Painter licensed colour comparison chart (2026),https://www.thearmypainter.com,Arcworld,Army Painter,Arcworld,Wizard's Beard,Army Painter,Warpaints Fanatic,Matt White,
Army Painter licensed colour comparison chart (2026),https://www.thearmypainter.com,Arcworld,Army Painter,Arcworld,Imperial Crimson,Army Painter,Warpaints Fanatic,Dragon Red,
Army Painter licensed colour comparison chart (2026),https://www.thearmypainter.com,Halo Flashpoint,Army Painter,Halo Flashpoint,Forerunner White,Army Painter,Warpaints Fanatic,Matt White,
Army Painter licensed colour comparison chart (2026),https://www.thearmypainter.com,Infinity,Army Painter,Infinity,Glory Glow,Army Painter,Warpaints Fanatic Effects,Power Node Glow,
Army Painter licensed colour comparison chart (2026),https://www.thearmypainter.com,Halo Flashpoint,Army Painter,Halo Flashpoint,Red Team Red,Army Painter,Warpaints Fanatic,Pure Red,
Army Painter licensed colour comparison chart (2026),https://www.thearmypainter.com,Arcworld,Army Painter,Arcworld,Wild Elven Woad,Army Painter,Warpaints Fanatic,Gothic Blue,
Army Painter licensed colour comparison chart (2026),https://www.thearmypainter.com,Arcworld,Army Painter,Arcworld,Ancient Bone,Army Painter,Warpaints Fanatic,Amber Skin,
Army Painter licensed colour comparison chart (2026),https://www.thearmypainter.com,Arcworld,Army Painter,Arcworld,Arcanite Glow,Army Painter,Warpaints Fanatic,Amulet Aqua,
Army Painter licensed colour comparison chart (2026),https://www.thearmypainter.com,Arcworld,Army Painter,Arcworld,Tinkerer's Bronze,Army Painter,Warpaints Fanatic,True Copper,
Army Painter licensed colour comparison chart (2026),https://www.thearmypainter.com,Infinity,Army Painter,Infinity,Meteor Head Grey,Army Painter,Warpaints Fanatic,Deep Grey,
Army Painter licensed colour comparison chart (2026),https://www.thearmypainter.com,Infinity,Army Painter,Infinity,Hyperpower Blue,Army Painter,Speedpaint,Magic Blue,
Army Painter licensed colour comparison chart (2026),https://www.thearmypainter.com,Arcworld,Army Painter,Arcworld,Mildaark Wood,Army Painter,Warpaints Fanatic,Leather Brown,
Army Painter licensed colour comparison chart (2026),https://www.thearmypainter.com,Arcworld,Army Painter,Arcworld,Dark Lord Iron,Army Painter,Warpaints Fanatic,Gun Metal,
Army Painter licensed colour comparison chart (2026),https://www.thearmypainter.com,Infinity,Army Painter,Infinity,Holoscreen Teal,Army Painter,Warpaints Fanatic,Talisman Teal,
Army Painter licensed colour comparison chart (2026),https://www.thearmypainter.com,Infinity,Army Painter,Infinity,Stateempire Pride,Army Painter,Speedpaint,Nuclear Sunrise,
Army Painter licensed colour comparison chart (2026),https://www.thearmypainter.com,Arcworld,Army Painter,Arcworld,Dragon's Eye Yellow,Army Painter,Warpaints Fanatic,Fiendish Yellow,
Army Painter licensed colour comparison chart (2026),https://www.thearmypainter.com,Infinity,Army Painter,Infinity,Corregidor Red,Army Painter,Warpaints Fanatic,Violent Vermillion,
Army Painter licensed colour comparison chart (2026),https://www.thearmypainter.com,Infinity,Army Painter,Infinity,Sepsitor Red,Army Painter,Speedpaint,Slaughter Red,
