brand,line,name,sku,hex,hex_source,paint_type,type_from,partner,swatch_file,swatch_x,swatch_y,charts
Army Painter,Original Warpaints,Wizards Orb,AP-WP-WIZARDS-ORB,#1E7560,chart_swatch,acrylic,chart partner,,original-warpaints-conversion.csv,83,144.0,"Army Painter Warpaints conversion chart (Citadel & Vallejo) | Army Painter Warpaints Fanatic conversion chart (A3, v1.0)"
Army Painter,Original Warpaints,Elemental Bolt,AP-WP-ELEMENTAL-BOLT,#269577,chart_swatch,acrylic,chart partner,,original-warpaints-conversion.csv,83,184.3,"Army Painter Warpaints conversion chart (Citadel & Vallejo) | Army Painter Warpaints Fanatic conversion chart (A3, v1.0)"
Army Painter,Original Warpaints,Toxic Mist,AP-WP-TOXIC-MIST,#47C5C4,chart_swatch,acrylic,chart partner,,original-warpaints-conversion.csv,83,224.6,"Army Painter Warpaints conversion chart (Citadel & Vallejo) | Army Painter Warpaints Fanatic conversion chart (A3, v1.0)"
Army Painter,Original Warpaints,Royal Cloak,AP-WP-ROYAL-CLOAK,#259799,chart_swatch,acrylic,chart partner,,original-warpaints-conversion.csv,83,264.9,"Army Painter Warpaints conversion chart (Citadel & Vallejo) | Army Painter Warpaints Fanatic conversion chart (A3, v1.0)"
Army Painter,Original Warpaints,Hydra Turquoise,AP-WP-HYDRA-TURQUOISE,#26999F,chart_swatch,acrylic,chart partner,,original-warpaints-conversion.csv,83,305.2,"Army Painter Warpaints conversion chart (Citadel & Vallejo) | Army Painter Warpaints Fanatic conversion chart (A3, v1.0) | Army Painter GameMaster to Warpaints colour comparison chart (2023)"
Army Painter,Original Warpaints,Deep Blue,AP-WP-DEEP-BLUE,#0F3C5A,chart_swatch,acrylic,chart partner,,original-warpaints-conversion.csv,83,345.5,"Army Painter Warpaints conversion chart (Citadel & Vallejo) | Army Painter Warpaints Fanatic conversion chart (A3, v1.0) | Army Painter GameMaster to Warpaints colour comparison chart (2023)"
Army Painter,Original Warpaints,Griffon Blue,AP-WP-GRIFFON-BLUE,#13427B,chart_swatch,acrylic,chart partner,,original-warpaints-conversion.csv,83,385.8,"Army Painter Warpaints conversion chart (Citadel & Vallejo) | Army Painter Warpaints Fanatic conversion chart (A3, v1.0)"
Army Painter,Original Warpaints,Ultramarine Blue,AP-WP-ULTRAMARINE-BLUE,#0F5286,chart_swatch,acrylic,chart partner,,original-warpaints-conversion.csv,83,426.1,"Army Painter Warpaints conversion chart (Citadel & Vallejo) | Army Painter Warpaints Fanatic conversion chart (A3, v1.0) | Army Painter GameMaster to Warpaints colour comparison chart (2023)"
Army Painter,Original Warpaints,Viking Blue,AP-WP-VIKING-BLUE,#0D589C,chart_swatch,acrylic,chart partner,,original-warpaints-conversion.csv,83,466.4,"Army Painter Warpaints conversion chart (Citadel & Vallejo) | Army Painter Warpaints Fanatic conversion chart (A3, v1.0)"
Army Painter,Original Warpaints,Electric Blue,AP-WP-ELECTRIC-BLUE,#428EC0,chart_swatch,acrylic,chart partner,,original-warpaints-conversion.csv,83,506.7,"Army Painter Warpaints conversion chart (Citadel & Vallejo) | Army Painter Warpaints Fanatic conversion chart (A3, v1.0) | Army Painter GameMaster to Warpaints colour comparison chart (2023)"
Army Painter,Original Warpaints,Ice Storm,AP-WP-ICE-STORM,#58A6D0,chart_swatch,acrylic,chart partner,,original-warpaints-conversion.csv,83,547.0,"Army Painter Warpaints conversion chart (Citadel & Vallejo) | Army Painter Warpaints Fanatic conversion chart (A3, v1.0)"
Army Painter,Original Warpaints,Voidshield Blue,AP-WP-VOIDSHIELD-BLUE,#3DA9DB,chart_swatch,acrylic,chart partner,,original-warpaints-conversion.csv,83,587.3,"Army Painter Warpaints conversion chart (Citadel & Vallejo) | Army Painter Warpaints Fanatic conversion chart (A3, v1.0)"
Army Painter,Original Warpaints,Troglodyte Blue,AP-WP-TROGLODYTE-BLUE,#208DC0,chart_swatch,acrylic,chart partner,,original-warpaints-conversion.csv,83,627.6,"Army Painter Warpaints conversion chart (Citadel & Vallejo) | Army Painter Warpaints Fanatic conversion chart (A3, v1.0)"
Army Painter,Original Warpaints,Crystal Blue,AP-WP-CRYSTAL-BLUE,#1C7FC3,chart_swatch,acrylic,chart partner,,original-warpaints-conversion.csv,83,667.9,"Army Painter Warpaints conversion chart (Citadel & Vallejo) | Army Painter Warpaints Fanatic conversion chart (A3, v1.0) | Army Painter GameMaster to Warpaints colour comparison chart (2023)"
Army Painter,Original Warpaints,Dark Sky,AP-WP-DARK-SKY,#2A4D5E,chart_swatch,acrylic,chart partner,,original-warpaints-conversion.csv,83,708.2,"Army Painter Warpaints conversion chart (Citadel & Vallejo) | Army Painter Warpaints Fanatic conversion chart (A3, v1.0)"
Army Painter,Original Warpaints,Wolf Grey,AP-WP-WOLF-GREY,#497E91,chart_swatch,acrylic,chart partner,,original-warpaints-conversion.csv,83,748.5,"Army Painter Warpaints conversion chart (Citadel & Vallejo) | Army Painter Warpaints Fanatic conversion chart (A3, v1.0) | Army Painter GameMaster to Warpaints colour comparison chart (2023)"
Army Painter,Original Warpaints,Fog Grey,AP-WP-FOG-GREY,#6E9DB5,chart_swatch,acrylic,chart partner,,original-warpaints-conversion.csv,83,788.8,"Army Painter Warpaints conversion chart (Citadel & Vallejo) | Army Painter Warpaints Fanatic conversion chart (A3, v1.0)"
Army Painter,Original Warpaints,Gorgon Hide,AP-WP-GORGON-HIDE,#D1DEEC,chart_swatch,acrylic,chart partner,,original-warpaints-conversion.csv,83,829.1,"Army Painter Warpaints conversion chart (Citadel & Vallejo) | Army Painter Warpaints Fanatic conversion chart (A3, v1.0) | Army Painter GameMaster to Warpaints colour comparison chart (2023)"
Army Painter,Original Warpaints,Matt Black,AP-WP-MATT-BLACK,#0C0C0C,chart_swatch,acrylic,chart partner,,original-warpaints-conversion.csv,83,869.4,"Army Painter Warpaints conversion chart (Citadel & Vallejo) | Army Painter Warpaints Fanatic conversion chart (A3, v1.0) | Army Painter GameMaster to Warpaints colour comparison chart (2023)"
Army Painter,Original Warpaints,Necromancer Cloak,AP-WP-NECROMANCER-CLOAK,#30392F,chart_swatch,acrylic,chart partner,,original-warpaints-conversion.csv,83,909.7,"Army Painter Warpaints conversion chart (Citadel & Vallejo) | Army Painter Warpaints Fanatic conversion chart (A3, v1.0) | Army Painter GameMaster to Warpaints colour comparison chart (2023)"
Army Painter,Original Warpaints,Dungeon Grey,AP-WP-DUNGEON-GREY,#5D6C72,chart_swatch,acrylic,chart partner,,original-warpaints-conversion.csv,83,950.0,Army Painter Warpaints conversion chart (Citadel & Vallejo)
Army Painter,Original Warpaints,Field Grey,AP-WP-FIELD-GREY,#75837C,chart_swatch,acrylic,name guess,,original-warpaints-conversion.csv,83,990.3,Army Painter Warpaints conversion chart (Citadel & Vallejo)
Army Painter,Original Warpaints,Uniform Grey,AP-WP-UNIFORM-GREY,#51686E,chart_swatch,acrylic,chart partner,,original-warpaints-conversion.csv,83,1030.6,"Army Painter Warpaints conversion chart (Citadel & Vallejo) | Army Painter Warpaints Fanatic conversion chart (A3, v1.0) | Army Painter GameMaster to Warpaints colour comparison chart (2023)"
Army Painter,Original Warpaints,Castle Grey,AP-WP-CASTLE-GREY,#858B80,chart_swatch,acrylic,chart partner,,original-warpaints-conversion.csv,83,1070.9,Army Painter Warpaints conversion chart (Citadel & Vallejo)
Army Painter,Original Warpaints,Hardened Carapace,AP-WP-HARDENED-CARAPACE,#404238,chart_swatch,acrylic,chart partner,,original-warpaints-conversion.csv,83,1111.2,"Army Painter Warpaints conversion chart (Citadel & Vallejo) | Army Painter Warpaints Fanatic conversion chart (A3, v1.0)"
Army Painter,Original Warpaints,Hemp Rope,AP-WP-HEMP-ROPE,#9B7D37,chart_swatch,acrylic,chart partner,,original-warpaints-conversion.csv,228,144.0,"Army Painter Warpaints conversion chart (Citadel & Vallejo) | Army Painter Warpaints Fanatic conversion chart (A3, v1.0)"
Army Painter,Original Warpaints,Monster Brown,AP-WP-MONSTER-BROWN,#8B5B22,chart_swatch,acrylic,chart partner,,original-warpaints-conversion.csv,228,184.3,"Army Painter Warpaints conversion chart (Citadel & Vallejo) | Army Painter Warpaints Fanatic conversion chart (A3, v1.0) | Army Painter GameMaster to Warpaints colour comparison chart (2023)"
Army Painter,Original Warpaints,Leather Brown,AP-WP-LEATHER-BROWN,#824D1E,chart_swatch,acrylic,chart partner,,original-warpaints-conversion.csv,228,224.6,"Army Painter Warpaints conversion chart (Citadel & Vallejo) | Army Painter Warpaints Fanatic conversion chart (A3, v1.0) | Army Painter GameMaster to Warpaints colour comparison chart (2023)"
Army Painter,Original Warpaints,Dirt Spatter,AP-WP-DIRT-SPATTER,#62361F,chart_swatch,acrylic,chart partner,,original-warpaints-conversion.csv,228,264.9,"Army Painter Warpaints conversion chart (Citadel & Vallejo) | Army Painter Warpaints Fanatic conversion chart (A3, v1.0)"
Army Painter,Original Warpaints,Oak Brown,AP-WP-OAK-BROWN,#402215,chart_swatch,acrylic,chart partner,,original-warpaints-conversion.csv,228,305.2,"Army Painter Warpaints conversion chart (Citadel & Vallejo) | Army Painter Warpaints Fanatic conversion chart (A3, v1.0) | Army Painter GameMaster to Warpaints colour comparison chart (2023)"
Army Painter,Original Warpaints,Basilisk Brown,AP-WP-BASILISK-BROWN,#DB822A,chart_swatch,acrylic,chart partner,,original-warpaints-conversion.csv,228,345.5,"Army Painter Warpaints conversion chart (Citadel & Vallejo) | Army Painter Warpaints Fanatic conversion chart (A3, v1.0)"
Army Painter,Original Warpaints,Sulfide Ochre,AP-WP-SULFIDE-OCHRE,#D2862B,chart_swatch,acrylic,chart partner,,original-warpaints-conversion.csv,228,385.8,"Army Painter Warpaints conversion chart (Citadel & Vallejo) | Army Painter Warpaints Fanatic conversion chart (A3, v1.0)"
Army Painter,Original Warpaints,Desert Yellow,AP-WP-DESERT-YELLOW,#C99F32,chart_swatch,acrylic,chart partner,,original-warpaints-conversion.csv,228,426.1,"Army Painter Warpaints conversion chart (Citadel & Vallejo) | Army Painter Warpaints Fanatic conversion chart (A3, v1.0) | Army Painter GameMaster to Warpaints colour comparison chart (2023)"
Army Painter,Original Warpaints,Moon Dust,AP-WP-MOON-DUST,#EED46E,chart_swatch,acrylic,chart partner,,original-warpaints-conversion.csv,228,466.4,"Army Painter Warpaints conversion chart (Citadel & Vallejo) | Army Painter Warpaints Fanatic conversion chart (A3, v1.0)"
Army Painter,Original Warpaints,Arid Earth,AP-WP-ARID-EARTH,#FFF0C9,chart_swatch,acrylic,chart partner,,original-warpaints-conversion.csv,228,506.7,"Army Painter Warpaints conversion chart (Citadel & Vallejo) | Army Painter Warpaints Fanatic conversion chart (A3, v1.0)"
Army Painter,Original Warpaints,Babe Blonde,AP-WP-BABE-BLONDE,#FFD83C,chart_swatch,acrylic,chart partner,,original-warpaints-conversion.csv,228,547.0,"Army Painter Warpaints conversion chart (Citadel & Vallejo) | Army Painter Warpaints Fanatic conversion chart (A3, v1.0)"
Army Painter,Original Warpaints,Daemonic Yellow,AP-WP-DAEMONIC-YELLOW,#FFD438,chart_swatch,acrylic,chart partner,,original-warpaints-conversion.csv,228,587.3,"Army Painter Warpaints conversion chart (Citadel & Vallejo) | Army Painter Warpaints Fanatic conversion chart (A3, v1.0) | Army Painter GameMaster to Warpaints colour comparison chart (2023)"
Army Painter,Original Warpaints,Phoenix Flames,AP-WP-PHOENIX-FLAMES,#FF9F2B,chart_swatch,acrylic,chart partner,,original-warpaints-conversion.csv,228,627.6,"Army Painter Warpaints conversion chart (Citadel & Vallejo) | Army Painter Warpaints Fanatic conversion chart (A3, v1.0)"
Army Painter,Original Warpaints,Fire Lizard,AP-WP-FIRE-LIZARD,#E66B24,chart_swatch,acrylic,chart partner,,original-warpaints-conversion.csv,228,667.9,"Army Painter Warpaints conversion chart (Citadel & Vallejo) | Army Painter Warpaints Fanatic conversion chart (A3, v1.0)"
Army Painter,Original Warpaints,Lava Orange,AP-WP-LAVA-ORANGE,#F5471C,chart_swatch,acrylic,chart partner,,original-warpaints-conversion.csv,228,708.2,"Army Painter Warpaints conversion chart (Citadel & Vallejo) | Army Painter Warpaints Fanatic conversion chart (A3, v1.0)"
Army Painter,Original Warpaints,Mythical Orange,AP-WP-MYTHICAL-ORANGE,#F83619,chart_swatch,acrylic,chart partner,,original-warpaints-conversion.csv,228,748.5,"Army Painter Warpaints conversion chart (Citadel & Vallejo) | Army Painter Warpaints Fanatic conversion chart (A3, v1.0) | Army Painter GameMaster to Warpaints colour comparison chart (2023)"
Army Painter,Original Warpaints,Mars Red,AP-WP-MARS-RED,#C4392F,chart_swatch,acrylic,chart partner,,original-warpaints-conversion.csv,228,788.8,"Army Painter Warpaints conversion chart (Citadel & Vallejo) | Army Painter Warpaints Fanatic conversion chart (A3, v1.0)"
Army Painter,Original Warpaints,Pure Red,AP-WP-PURE-RED,#DF2B1A,chart_swatch,acrylic,chart partner,,original-warpaints-conversion.csv,228,829.1,"Army Painter Warpaints conversion chart (Citadel & Vallejo) | Army Painter Warpaints Fanatic conversion chart (A3, v1.0) | Army Painter GameMaster to Warpaints colour comparison chart (2023)"
Army Painter,Original Warpaints,Dragon Red,AP-WP-DRAGON-RED,#A32118,chart_swatch,acrylic,chart partner,,original-warpaints-conversion.csv,228,869.4,"Army Painter Warpaints conversion chart (Citadel & Vallejo) | Army Painter Warpaints Fanatic conversion chart (A3, v1.0) | Army Painter GameMaster to Warpaints colour comparison chart (2023)"
Army Painter,Original Warpaints,Abomination Gore,AP-WP-ABOMINATION-GORE,#AE2F20,chart_swatch,acrylic,chart partner,,original-warpaints-conversion.csv,228,909.7,"Army Painter Warpaints conversion chart (Citadel & Vallejo) | Army Painter Warpaints Fanatic conversion chart (A3, v1.0)"
Army Painter,Original Warpaints,Vampire Red,AP-WP-VAMPIRE-RED,#A12024,chart_swatch,acrylic,chart partner,,original-warpaints-conversion.csv,228,950.0,"Army Painter Warpaints conversion chart (Citadel & Vallejo) | Army Painter Warpaints Fanatic conversion chart (A3, v1.0)"
Army Painter,Original Warpaints,Chaotic Red,AP-WP-CHAOTIC-RED,#6F2114,chart_swatch,acrylic,chart partner,,original-warpaints-conversion.csv,228,990.3,"Army Painter Warpaints conversion chart (Citadel & Vallejo) | Army Painter Warpaints Fanatic conversion chart (A3, v1.0) | Army Painter GameMaster to Warpaints colour comparison chart (2023)"
Army Painter,Original Warpaints,Crusted Sore,AP-WP-CRUSTED-SORE,#631A1F,chart_swatch,acrylic,chart partner,,original-warpaints-conversion.csv,228,1030.6,"Army Painter Warpaints conversion chart (Citadel & Vallejo) | Army Painter Warpaints Fanatic conversion chart (A3, v1.0) | Army Painter GameMaster to Warpaints colour comparison chart (2023)"
Army Painter,Original Warpaints,Wasteland Soil,AP-WP-WASTELAND-SOIL,#734656,chart_swatch,acrylic,chart partner,,original-warpaints-conversion.csv,228,1070.9,"Army Painter Warpaints conversion chart (Citadel & Vallejo) | Army Painter Warpaints Fanatic conversion chart (A3, v1.0)"
Army Painter,Original Warpaints,Grimoire Purple,AP-WP-GRIMOIRE-PURPLE,#775453,chart_swatch,acrylic,chart partner,,original-warpaints-conversion.csv,228,1111.2,"Army Painter Warpaints conversion chart (Citadel & Vallejo) | Army Painter Warpaints Fanatic conversion chart (A3, v1.0)"
Army Painter,Original Warpaints,Dark Stone,AP-WP-DARK-STONE,#575650,chart_swatch,acrylic,chart partner,,original-warpaints-conversion.csv,373,144.0,Army Painter Warpaints conversion chart (Citadel & Vallejo) | Army Painter GameMaster to Warpaints colour comparison chart (2023)
Army Painter,Original Warpaints,Cultist Robe,AP-WP-CULTIST-ROBE,#707362,chart_swatch,acrylic,chart partner,,original-warpaints-conversion.csv,373,184.3,Army Painter Warpaints conversion chart (Citadel & Vallejo)
Army Painter,Original Warpaints,Werewolf Fur,AP-WP-WEREWOLF-FUR,#76624E,chart_swatch,acrylic,chart partner,,original-warpaints-conversion.csv,373,224.6,"Army Painter Warpaints conversion chart (Citadel & Vallejo) | Army Painter Warpaints Fanatic conversion chart (A3, v1.0) | Army Painter GameMaster to Warpaints colour comparison chart (2023)"
Army Painter,Original Warpaints,Banshee Brown,AP-WP-BANSHEE-BROWN,#C9BBA0,chart_swatch,acrylic,chart partner,,original-warpaints-conversion.csv,373,264.9,"Army Painter Warpaints conversion chart (Citadel & Vallejo) | Army Painter Warpaints Fanatic conversion chart (A3, v1.0) | Army Painter GameMaster to Warpaints colour comparison chart (2023)"
Army Painter,Original Warpaints,Brainmatter Beige,AP-WP-BRAINMATTER-BEIGE,#F6F6E7,chart_swatch,acrylic,chart partner,,original-warpaints-conversion.csv,373,305.2,"Army Painter Warpaints conversion chart (Citadel & Vallejo) | Army Painter Warpaints Fanatic conversion chart (A3, v1.0)"
Army Painter,Original Warpaints,Spaceship Exterior,AP-WP-SPACESHIP-EXTERIOR,#D7DDDC,chart_swatch,acrylic,chart partner,,original-warpaints-conversion.csv,373,345.5,"Army Painter Warpaints conversion chart (Citadel & Vallejo) | Army Painter Warpaints Fanatic conversion chart (A3, v1.0)"
Army Painter,Original Warpaints,Stone Golem,AP-WP-STONE-GOLEM,#C1C9C1,chart_swatch,acrylic,chart partner,,original-warpaints-conversion.csv,373,385.8,"Army Painter Warpaints conversion chart (Citadel & Vallejo) | Army Painter Warpaints Fanatic conversion chart (A3, v1.0)"
Army Painter,Original Warpaints,Matt White,AP-WP-MATT-WHITE,#FFFFFF,chart_swatch,acrylic,chart partner,,original-warpaints-conversion.csv,373,426.1,"Army Painter Warpaints conversion chart (Citadel & Vallejo) | Army Painter Warpaints Fanatic conversion chart (A3, v1.0) | Army Painter GameMaster to Warpaints colour comparison chart (2023)"
Army Painter,Original Warpaints,Ash Grey,AP-WP-ASH-GREY,#9FA9A3,chart_swatch,acrylic,chart partner,,original-warpaints-conversion.csv,373,466.4,"Army Painter Warpaints conversion chart (Citadel & Vallejo) | Army Painter Warpaints Fanatic conversion chart (A3, v1.0)"
Army Painter,Original Warpaints,Mutant Hue,AP-WP-MUTANT-HUE,#AB8C8E,chart_swatch,acrylic,chart partner,,original-warpaints-conversion.csv,373,506.7,"Army Painter Warpaints conversion chart (Citadel & Vallejo) | Army Painter Warpaints Fanatic conversion chart (A3, v1.0)"
Army Painter,Original Warpaints,Oozing Purple,AP-WP-OOZING-PURPLE,#ADA1BE,chart_swatch,acrylic,chart partner,,original-warpaints-conversion.csv,373,547.0,"Army Painter Warpaints conversion chart (Citadel & Vallejo) | Army Painter Warpaints Fanatic conversion chart (A3, v1.0) | Army Painter GameMaster to Warpaints colour comparison chart (2023)"
Army Painter,Original Warpaints,Orc Blood,AP-WP-ORC-BLOOD,#8B477E,chart_swatch,acrylic,chart partner,,original-warpaints-conversion.csv,373,587.3,"Army Painter Warpaints conversion chart (Citadel & Vallejo) | Army Painter Warpaints Fanatic conversion chart (A3, v1.0) | Army Painter GameMaster to Warpaints colour comparison chart (2023)"
Army Painter,Original Warpaints,Alien Purple,AP-WP-ALIEN-PURPLE,#312371,chart_swatch,acrylic,chart partner,,original-warpaints-conversion.csv,373,627.6,"Army Painter Warpaints conversion chart (Citadel & Vallejo) | Army Painter Warpaints Fanatic conversion chart (A3, v1.0) | Army Painter GameMaster to Warpaints colour comparison chart (2023)"
Army Painter,Original Warpaints,Warlock Purple,AP-WP-WARLOCK-PURPLE,#AF396B,chart_swatch,acrylic,chart partner,,original-warpaints-conversion.csv,373,667.9,"Army Painter Warpaints conversion chart (Citadel & Vallejo) | Army Painter Warpaints Fanatic conversion chart (A3, v1.0) | Army Painter GameMaster to Warpaints colour comparison chart (2023)"
Army Painter,Original Warpaints,Pixie Pink,AP-WP-PIXIE-PINK,#DF7984,chart_swatch,acrylic,chart partner,,original-warpaints-conversion.csv,373,708.2,"Army Painter Warpaints conversion chart (Citadel & Vallejo) | Army Painter Warpaints Fanatic conversion chart (A3, v1.0) | Army Painter GameMaster to Warpaints colour comparison chart (2023)"
Army Painter,Original Warpaints,Centaur Skin,AP-WP-CENTAUR-SKIN,#E8B3A6,chart_swatch,acrylic,chart partner,,original-warpaints-conversion.csv,373,748.5,"Army Painter Warpaints conversion chart (Citadel & Vallejo) | Army Painter Warpaints Fanatic conversion chart (A3, v1.0)"
Army Painter,Original Warpaints,Scar Tissue,AP-WP-SCAR-TISSUE,#D78B73,chart_swatch,acrylic,chart partner,,original-warpaints-conversion.csv,373,788.8,"Army Painter Warpaints conversion chart (Citadel & Vallejo) | Army Painter Warpaints Fanatic conversion chart (A3, v1.0)"
Army Painter,Original Warpaints,Tanned Flesh,AP-WP-TANNED-FLESH,#C66C4E,chart_swatch,acrylic,chart partner,,original-warpaints-conversion.csv,373,829.1,"Army Painter Warpaints conversion chart (Citadel & Vallejo) | Army Painter Warpaints Fanatic conversion chart (A3, v1.0) | Army Painter GameMaster to Warpaints colour comparison chart (2023)"
Army Painter,Original Warpaints,Fur Brown,AP-WP-FUR-BROWN,#AC381B,chart_swatch,acrylic,chart partner,,original-warpaints-conversion.csv,373,869.4,"Army Painter Warpaints conversion chart (Citadel & Vallejo) | Army Painter Warpaints Fanatic conversion chart (A3, v1.0) | Army Painter GameMaster to Warpaints colour comparison chart (2023)"
Army Painter,Original Warpaints,Troll Claws,AP-WP-TROLL-CLAWS,#D8863A,chart_swatch,acrylic,chart partner,,original-warpaints-conversion.csv,373,909.7,"Army Painter Warpaints conversion chart (Citadel & Vallejo) | Army Painter Warpaints Fanatic conversion chart (A3, v1.0)"
Army Painter,Original Warpaints,Barbarian Flesh,AP-WP-BARBARIAN-FLESH,#F59955,chart_swatch,acrylic,chart partner,,original-warpaints-conversion.csv,373,950.0,"Army Painter Warpaints conversion chart (Citadel & Vallejo) | Army Painter Warpaints Fanatic conversion chart (A3, v1.0) | Army Painter GameMaster to Warpaints colour comparison chart (2023)"
Army Painter,Original Warpaints,Kobold Skin,AP-WP-KOBOLD-SKIN,#D3AD89,chart_swatch,acrylic,chart partner,,original-warpaints-conversion.csv,373,990.3,"Army Painter Warpaints conversion chart (Citadel & Vallejo) | Army Painter Warpaints Fanatic conversion chart (A3, v1.0)"
Army Painter,Original Warpaints,Elven Flesh,AP-WP-ELVEN-FLESH,#FFBE94,chart_swatch,acrylic,chart partner,,original-warpaints-conversion.csv,373,1030.6,Army Painter Warpaints conversion chart (Citadel & Vallejo) | Army Painter GameMaster to Warpaints colour comparison chart (2023)
Army Painter,Original Warpaints,Corpse Pale,AP-WP-CORPSE-PALE,#F5D2B2,chart_swatch,acrylic,chart partner,,original-warpaints-conversion.csv,373,1070.9,"Army Painter Warpaints conversion chart (Citadel & Vallejo) | Army Painter Warpaints Fanatic conversion chart (A3, v1.0)"
Army Painter,Original Warpaints,Toxic Boils,AP-WP-TOXIC-BOILS,#A76A81,chart_swatch,acrylic,chart partner,,original-warpaints-conversion.csv,373,1111.2,"Army Painter Warpaints conversion chart (Citadel & Vallejo) | Army Painter Warpaints Fanatic conversion chart (A3, v1.0)"
Army Painter,Original Warpaints,Skeleton Bone,AP-WP-SKELETON-BONE,#D6CC9E,chart_swatch,acrylic,chart partner,,original-warpaints-conversion.csv,517,144.0,"Army Painter Warpaints conversion chart (Citadel & Vallejo) | Army Painter Warpaints Fanatic conversion chart (A3, v1.0) | Army Painter GameMaster to Warpaints colour comparison chart (2023)"
Army Painter,Original Warpaints,Mummy Robes,AP-WP-MUMMY-ROBES,#EDE1DA,chart_swatch,acrylic,chart partner,,original-warpaints-conversion.csv,517,184.3,"Army Painter Warpaints conversion chart (Citadel & Vallejo) | Army Painter Warpaints Fanatic conversion chart (A3, v1.0) | Army Painter GameMaster to Warpaints colour comparison chart (2023)"
Army Painter,Original Warpaints,Drake Tooth,AP-WP-DRAKE-TOOTH,#D4D6BE,chart_swatch,acrylic,chart partner,,original-warpaints-conversion.csv,517,224.6,"Army Painter Warpaints conversion chart (Citadel & Vallejo) | Army Painter Warpaints Fanatic conversion chart (A3, v1.0) | Army Painter GameMaster to Warpaints colour comparison chart (2023)"
Army Painter,Original Warpaints,Necrotic Flesh,AP-WP-NECROTIC-FLESH,#B6C690,chart_swatch,acrylic,chart partner,,original-warpaints-conversion.csv,517,264.9,"Army Painter Warpaints conversion chart (Citadel & Vallejo) | Army Painter Warpaints Fanatic conversion chart (A3, v1.0) | Army Painter GameMaster to Warpaints colour comparison chart (2023)"
Army Painter,Original Warpaints,Combat Fatigues,AP-WP-COMBAT-FATIGUES,#81905B,chart_swatch,acrylic,chart partner,,original-warpaints-conversion.csv,517,305.2,"Army Painter Warpaints conversion chart (Citadel & Vallejo) | Army Painter Warpaints Fanatic conversion chart (A3, v1.0)"
Army Painter,Original Warpaints,Venom Wyrm,AP-WP-VENOM-WYRM,#63653C,chart_swatch,acrylic,chart partner,,original-warpaints-conversion.csv,517,345.5,"Army Painter Warpaints conversion chart (Citadel & Vallejo) | Army Painter Warpaints Fanatic conversion chart (A3, v1.0)"
Army Painter,Original Warpaints,Filthy Cape,AP-WP-FILTHY-CAPE,#797959,chart_swatch,acrylic,chart partner,,original-warpaints-conversion.csv,517,385.8,Army Painter Warpaints conversion chart (Citadel & Vallejo) | Army Painter GameMaster to Warpaints colour comparison chart (2023)
Army Painter,Original Warpaints,Crypt Wraith,AP-WP-CRYPT-WRAITH,#575F4A,chart_swatch,acrylic,chart partner,,original-warpaints-conversion.csv,517,426.1,Army Painter Warpaints conversion chart (Citadel & Vallejo)
Army Painter,Original Warpaints,Elf Green,AP-WP-ELF-GREEN,#495121,chart_swatch,acrylic,chart partner,,original-warpaints-conversion.csv,517,466.4,"Army Painter Warpaints conversion chart (Citadel & Vallejo) | Army Painter Warpaints Fanatic conversion chart (A3, v1.0)"
Army Painter,Original Warpaints,Commando Green,AP-WP-COMMANDO-GREEN,#838034,chart_swatch,acrylic,chart partner,,original-warpaints-conversion.csv,517,506.7,"Army Painter Warpaints conversion chart (Citadel & Vallejo) | Army Painter Warpaints Fanatic conversion chart (A3, v1.0)"
Army Painter,Original Warpaints,Witch Brew,AP-WP-WITCH-BREW,#8F973D,chart_swatch,acrylic,chart partner,,original-warpaints-conversion.csv,517,547.0,"Army Painter Warpaints conversion chart (Citadel & Vallejo) | Army Painter Warpaints Fanatic conversion chart (A3, v1.0)"
Army Painter,Original Warpaints,Scaly Hide,AP-WP-SCALY-HIDE,#7E973D,chart_swatch,acrylic,chart partner,,original-warpaints-conversion.csv,517,587.3,"Army Painter Warpaints conversion chart (Citadel & Vallejo) | Army Painter Warpaints Fanatic conversion chart (A3, v1.0) | Army Painter GameMaster to Warpaints colour comparison chart (2023)"
Army Painter,Original Warpaints,Goblin Green,AP-WP-GOBLIN-GREEN,#41963F,chart_swatch,acrylic,chart partner,,original-warpaints-conversion.csv,517,627.6,"Army Painter Warpaints conversion chart (Citadel & Vallejo) | Army Painter Warpaints Fanatic conversion chart (A3, v1.0)"
Army Painter,Original Warpaints,Kraken Skin,AP-WP-KRAKEN-SKIN,#6CC789,chart_swatch,acrylic,chart partner,,original-warpaints-conversion.csv,517,667.9,"Army Painter Warpaints conversion chart (Citadel & Vallejo) | Army Painter Warpaints Fanatic conversion chart (A3, v1.0) | Army Painter GameMaster to Warpaints colour comparison chart (2023)"
Army Painter,Original Warpaints,Greenskin,AP-WP-GREENSKIN,#1F6831,chart_swatch,acrylic,chart partner,,original-warpaints-conversion.csv,517,708.2,"Army Painter Warpaints conversion chart (Citadel & Vallejo) | Army Painter Warpaints Fanatic conversion chart (A3, v1.0) | Army Painter GameMaster to Warpaints colour comparison chart (2023)"
Army Painter,Original Warpaints,Angel Green,AP-WP-ANGEL-GREEN,#1B341D,chart_swatch,acrylic,chart partner,,original-warpaints-conversion.csv,517,748.5,"Army Painter Warpaints conversion chart (Citadel & Vallejo) | Army Painter Warpaints Fanatic conversion chart (A3, v1.0) | Army Painter GameMaster to Warpaints colour comparison chart (2023)"
Army Painter,Original Warpaints,Mouldy Clothes,AP-WP-MOULDY-CLOTHES,#387835,chart_swatch,acrylic,chart partner,,original-warpaints-conversion.csv,517,788.8,Army Painter Warpaints conversion chart (Citadel & Vallejo)
Army Painter,Original Warpaints,Army Green,AP-WP-ARMY-GREEN,#4F7434,chart_swatch,acrylic,chart partner,,original-warpaints-conversion.csv,517,829.1,"Army Painter Warpaints conversion chart (Citadel & Vallejo) | Army Painter Warpaints Fanatic conversion chart (A3, v1.0) | Army Painter GameMaster to Warpaints colour comparison chart (2023)"
Army Painter,Original Warpaints,Snake Scales,AP-WP-SNAKE-SCALES,#86B340,chart_swatch,acrylic,chart partner,,original-warpaints-conversion.csv,517,869.4,"Army Painter Warpaints conversion chart (Citadel & Vallejo) | Army Painter Warpaints Fanatic conversion chart (A3, v1.0)"
Army Painter,Original Warpaints,Jungle Green,AP-WP-JUNGLE-GREEN,#88AF3F,chart_swatch,acrylic,chart partner,,original-warpaints-conversion.csv,517,909.7,"Army Painter Warpaints conversion chart (Citadel & Vallejo) | Army Painter Warpaints Fanatic conversion chart (A3, v1.0) | Army Painter GameMaster to Warpaints colour comparison chart (2023)"
Army Painter,Original Warpaints,Poisonous Cloud,AP-WP-POISONOUS-CLOUD,#D0D943,chart_swatch,acrylic,chart partner,,original-warpaints-conversion.csv,517,950.0,"Army Painter Warpaints conversion chart (Citadel & Vallejo) | Army Painter Warpaints Fanatic conversion chart (A3, v1.0)"
Army Painter,Original Warpaints,Dry Rust,AP-WP-DRY-RUST,#C25724,chart_swatch,acrylic,chart partner,,original-warpaints-conversion.csv,517,990.3,Army Painter Warpaints conversion chart (Citadel & Vallejo) | Army Painter GameMaster to Warpaints colour comparison chart (2023)
Army Painter,Original Warpaints,Glistening Blood,AP-WP-GLISTENING-BLOOD,#C42D1D,chart_swatch,acrylic,chart partner,,original-warpaints-conversion.csv,517,1030.6,Army Painter Warpaints conversion chart (Citadel & Vallejo) | Army Painter GameMaster to Warpaints colour comparison chart (2023)
Army Painter,Original Warpaints,Wet Mud,AP-WP-WET-MUD,#94572F,chart_swatch,acrylic,chart partner,,original-warpaints-conversion.csv,517,1070.9,Army Painter Warpaints conversion chart (Citadel & Vallejo)
Army Painter,Original Warpaints,Disgusting Slime,AP-WP-DISGUSTING-SLIME,#BDA737,chart_swatch,acrylic,chart partner,,original-warpaints-conversion.csv,517,1111.2,Army Painter Warpaints conversion chart (Citadel & Vallejo) | Army Painter GameMaster to Warpaints colour comparison chart (2023)
Army Painter,Original Warpaints,Brush-On Primer,AP-WP-BRUSH-ON-PRIMER,#9AA6A4,chart_swatch,primer,name guess,,original-warpaints-conversion.csv,661,144.0,Army Painter Warpaints conversion chart (Citadel & Vallejo) | Army Painter GameMaster to Warpaints colour comparison chart (2023)
Army Painter,Original Warpaints,Warpaints Mixing Medium,AP-WP-WARPAINTS-MIXING-MEDIUM,#E4E7E6,chart_swatch,auxiliary,chart partner,,original-warpaints-conversion.csv,661,184.3,Army Painter Warpaints conversion chart (Citadel & Vallejo)
Army Painter,Original Warpaints,Quickshade Wash Mixing Medium,AP-WP-QUICKSHADE-WASH-MIXING-MEDIUM,#E4E7E7,chart_swatch,auxiliary,chart partner,,original-warpaints-conversion.csv,661,224.6,Army Painter Warpaints conversion chart (Citadel & Vallejo)
Army Painter,Original Warpaints,Anti-Shine Matt Varnish,AP-WP-ANTI-SHINE-MATT-VARNISH,#E4E7E6,chart_swatch,varnish,name guess,,original-warpaints-conversion.csv,661,264.9,Army Painter Warpaints conversion chart (Citadel & Vallejo)
Army Painter,Original Warpaints,Gloss Varnish,AP-WP-GLOSS-VARNISH,#E4E7E6,chart_swatch,varnish,chart partner,,original-warpaints-conversion.csv,661,305.2,Army Painter Warpaints conversion chart (Citadel & Vallejo)
Army Painter,Original Warpaints,Rough Iron,AP-WP-ROUGH-IRON,#251414,chart_swatch,metallic,chart partner,,original-warpaints-conversion.csv,661,345.5,"Army Painter Warpaints conversion chart (Citadel & Vallejo) | Army Painter Warpaints Fanatic conversion chart (A3, v1.0)"
Army Painter,Original Warpaints,Gun Metal,AP-WP-GUN-METAL,#636B69,chart_swatch,metallic,chart partner,,original-warpaints-conversion.csv,661,385.8,"Army Painter Warpaints conversion chart (Citadel & Vallejo) | Army Painter Warpaints Fanatic conversion chart (A3, v1.0) | Army Painter GameMaster to Warpaints colour comparison chart (2023)"
Army Painter,Original Warpaints,Plate Mail Metal,AP-WP-PLATE-MAIL-METAL,#7B8684,chart_swatch,metallic,chart partner,,original-warpaints-conversion.csv,661,426.1,"Army Painter Warpaints conversion chart (Citadel & Vallejo) | Army Painter Warpaints Fanatic conversion chart (A3, v1.0) | Army Painter GameMaster to Warpaints colour comparison chart (2023)"
Army Painter,Original Warpaints,Shining Silver,AP-WP-SHINING-SILVER,#ABB4B2,chart_swatch,metallic,chart partner,,original-warpaints-conversion.csv,661,466.4,"Army Painter Warpaints conversion chart (Citadel & Vallejo) | Army Painter Warpaints Fanatic conversion chart (A3, v1.0) | Army Painter GameMaster to Warpaints colour comparison chart (2023)"
Army Painter,Original Warpaints,Weapon Bronze,AP-WP-WEAPON-BRONZE,#D85521,chart_swatch,metallic,chart partner,,original-warpaints-conversion.csv,661,506.7,"Army Painter Warpaints conversion chart (Citadel & Vallejo) | Army Painter Warpaints Fanatic conversion chart (A3, v1.0) | Army Painter GameMaster to Warpaints colour comparison chart (2023)"
Army Painter,Original Warpaints,True Copper,AP-WP-TRUE-COPPER,#E97534,chart_swatch,metallic,chart partner,,original-warpaints-conversion.csv,661,547.0,"Army Painter Warpaints conversion chart (Citadel & Vallejo) | Army Painter Warpaints Fanatic conversion chart (A3, v1.0)"
Army Painter,Original Warpaints,Greedy Gold,AP-WP-GREEDY-GOLD,#D87928,chart_swatch,metallic,chart partner,,original-warpaints-conversion.csv,661,587.3,"Army Painter Warpaints conversion chart (Citadel & Vallejo) | Army Painter Warpaints Fanatic conversion chart (A3, v1.0) | Army Painter GameMaster to Warpaints colour comparison chart (2023)"
Army Painter,Original Warpaints,Bright Gold,AP-WP-BRIGHT-GOLD,#C68C2D,chart_swatch,metallic,chart partner,,original-warpaints-conversion.csv,661,627.6,"Army Painter Warpaints conversion chart (Citadel & Vallejo) | Army Painter Warpaints Fanatic conversion chart (A3, v1.0)"
Army Painter,Original Warpaints,Red Tone,AP-WP-RED-TONE,#451B17,chart_swatch,wash,chart partner,,original-warpaints-conversion.csv,661,667.9,"Army Painter Warpaints conversion chart (Citadel & Vallejo) | Army Painter Warpaints Fanatic conversion chart (A3, v1.0)"
Army Painter,Original Warpaints,Flesh Wash,AP-WP-FLESH-WASH,#451B17,chart_swatch,wash,chart partner,,original-warpaints-conversion.csv,661,708.2,Army Painter Warpaints conversion chart (Citadel & Vallejo) | Army Painter GameMaster to Warpaints colour comparison chart (2023)
Army Painter,Original Warpaints,Light Tone,AP-WP-LIGHT-TONE,#C07729,chart_swatch,wash,chart partner,,original-warpaints-conversion.csv,661,748.5,"Army Painter Warpaints conversion chart (Citadel & Vallejo) | Army Painter Warpaints Fanatic conversion chart (A3, v1.0)"
Army Painter,Original Warpaints,Dark Tone,AP-WP-DARK-TONE,#0C0D0D,chart_swatch,wash,chart partner,,original-warpaints-conversion.csv,661,788.8,"Army Painter Warpaints conversion chart (Citadel & Vallejo) | Army Painter Warpaints Fanatic conversion chart (A3, v1.0) | Army Painter GameMaster to Warpaints colour comparison chart (2023)"
Army Painter,Original Warpaints,Mid Brown,AP-WP-MID-BROWN,#985722,chart_swatch,acrylic,chart partner,,original-warpaints-conversion.csv,661,829.1,"Army Painter Warpaints conversion chart (Citadel & Vallejo) | Army Painter Warpaints Fanatic conversion chart (A3, v1.0)"
Army Painter,Original Warpaints,Strong Tone,AP-WP-STRONG-TONE,#322618,chart_swatch,wash,chart partner,,original-warpaints-conversion.csv,661,869.4,"Army Painter Warpaints conversion chart (Citadel & Vallejo) | Army Painter Warpaints Fanatic conversion chart (A3, v1.0) | Army Painter GameMaster to Warpaints colour comparison chart (2023)"
Army Painter,Original Warpaints,Purple Tone,AP-WP-PURPLE-TONE,#201C4D,chart_swatch,wash,chart partner,,original-warpaints-conversion.csv,661,909.7,"Army Painter Warpaints conversion chart (Citadel & Vallejo) | Army Painter Warpaints Fanatic conversion chart (A3, v1.0)"
Army Painter,Original Warpaints,Green Tone,AP-WP-GREEN-TONE,#1D2D1C,chart_swatch,wash,chart partner,,original-warpaints-conversion.csv,661,950.0,"Army Painter Warpaints conversion chart (Citadel & Vallejo) | Army Painter Warpaints Fanatic conversion chart (A3, v1.0)"
Army Painter,Original Warpaints,Military Shader,AP-WP-MILITARY-SHADER,#49642A,chart_swatch,wash,chart partner,,original-warpaints-conversion.csv,661,990.3,"Army Painter Warpaints conversion chart (Citadel & Vallejo) | Army Painter Warpaints Fanatic conversion chart (A3, v1.0) | Army Painter GameMaster to Warpaints colour comparison chart (2023)"
Army Painter,Original Warpaints,Blue Tone,AP-WP-BLUE-TONE,#112844,chart_swatch,wash,chart partner,,original-warpaints-conversion.csv,661,1030.6,"Army Painter Warpaints conversion chart (Citadel & Vallejo) | Army Painter Warpaints Fanatic conversion chart (A3, v1.0)"
Army Painter,Original Warpaints,Soft Tone,AP-WP-SOFT-TONE,#51271A,chart_swatch,wash,chart partner,,original-warpaints-conversion.csv,661,1070.9,"Army Painter Warpaints conversion chart (Citadel & Vallejo) | Army Painter Warpaints Fanatic conversion chart (A3, v1.0) | Army Painter GameMaster to Warpaints colour comparison chart (2023)"
Army Painter,Historical,Light Khaki Drill,AP-HIST-LIGHT-KHAKI-DRILL,#DAC595,chart_swatch,acrylic,name guess,,historical-to-fanatic.csv,744.4,295.2,Army Painter Historical to Warpaints Fanatic colour comparison chart (2026)
Army Painter,Historical,Light Battle Dress,AP-HIST-LIGHT-BATTLE-DRESS,#9D8F70,chart_swatch,acrylic,name guess,,historical-to-fanatic.csv,325.4,332.6,Army Painter Historical to Warpaints Fanatic colour comparison chart (2026)
Army Painter,Historical,Mid Khaki Drill,AP-HIST-MID-KHAKI-DRILL,#B99B70,chart_swatch,acrylic,name guess,,historical-to-fanatic.csv,744.4,331.6,Army Painter Historical to Warpaints Fanatic colour comparison chart (2026)
Army Painter,Historical,Light Feldgrau,AP-HIST-LIGHT-FELDGRAU,#719382,chart_swatch,acrylic,name guess,,historical-to-fanatic.csv,185.2,332.6,Army Painter Historical to Warpaints Fanatic colour comparison chart (2026)
Army Painter,Historical,Banner Red,AP-HIST-BANNER-RED,#7A151C,chart_swatch,acrylic,name guess,,historical-to-fanatic.csv,465.8,332.6,Army Painter Historical to Warpaints Fanatic colour comparison chart (2026)
Army Painter,Historical,Senshi Skin,AP-HIST-SENSHI-SKIN,#DFC69A,chart_swatch,acrylic,name guess,,historical-to-fanatic.csv,606.1,332.6,Army Painter Historical to Warpaints Fanatic colour comparison chart (2026)
Army Painter,Historical,Canvas,AP-HIST-CANVAS,#AB9D80,chart_swatch,acrylic,name guess,,historical-to-fanatic.csv,44.8,332.6,Army Painter Historical to Warpaints Fanatic colour comparison chart (2026)
Army Painter,Historical,Deep Khaki Drill,AP-HIST-DEEP-KHAKI-DRILL,#907754,chart_swatch,acrylic,name guess,,historical-to-fanatic.csv,744.4,368.0,Army Painter Historical to Warpaints Fanatic colour comparison chart (2026)
Army Painter,Historical,Mid Battle Dress,AP-HIST-MID-BATTLE-DRESS,#5C4F31,chart_swatch,acrylic,name guess,,historical-to-fanatic.csv,325.4,375.7,Army Painter Historical to Warpaints Fanatic colour comparison chart (2026)
Army Painter,Historical,Medium Drab,AP-HIST-MEDIUM-DRAB,#545337,chart_swatch,acrylic,name guess,,historical-to-fanatic.csv,44.8,375.8,Army Painter Historical to Warpaints Fanatic colour comparison chart (2026)
Army Painter,Historical,Mid Feldgrau,AP-HIST-MID-FELDGRAU,#405548,chart_swatch,acrylic,name guess,,historical-to-fanatic.csv,185.2,375.8,Army Painter Historical to Warpaints Fanatic colour comparison chart (2026)
Army Painter,Historical,Navy Blue,AP-HIST-NAVY-BLUE,#183141,chart_swatch,acrylic,name guess,,historical-to-fanatic.csv,465.8,375.8,Army Painter Historical to Warpaints Fanatic colour comparison chart (2026)
Army Painter,Historical,Helmet Brown,AP-HIST-HELMET-BROWN,#494C28,chart_swatch,acrylic,name guess,,historical-to-fanatic.csv,606.1,375.8,Army Painter Historical to Warpaints Fanatic colour comparison chart (2026)
Army Painter,Historical,Desert Webbing,AP-HIST-DESERT-WEBBING,#BCB77B,chart_swatch,acrylic,name guess,,historical-to-fanatic.csv,744.4,404.5,Army Painter Historical to Warpaints Fanatic colour comparison chart (2026)
Army Painter,Historical,Dark Battle Dress,AP-HIST-DARK-BATTLE-DRESS,#453A26,chart_swatch,acrylic,name guess,,historical-to-fanatic.csv,325.4,418.8,Army Painter Historical to Warpaints Fanatic colour comparison chart (2026)
Army Painter,Historical,Dark Drab,AP-HIST-DARK-DRAB,#2D3E35,chart_swatch,acrylic,name guess,,historical-to-fanatic.csv,44.8,418.9,Army Painter Historical to Warpaints Fanatic colour comparison chart (2026)
Army Painter,Historical,Dark Feldgrau,AP-HIST-DARK-FELDGRAU,#2D3E35,chart_swatch,acrylic,name guess,,historical-to-fanatic.csv,185.2,418.9,Army Painter Historical to Warpaints Fanatic colour comparison chart (2026)
Army Painter,Historical,Telogreika Ochre,AP-HIST-TELOGREIKA-OCHRE,#AF8557,chart_swatch,acrylic,name guess,,historical-to-fanatic.csv,465.8,418.9,Army Painter Historical to Warpaints Fanatic colour comparison chart (2026)
Army Painter,Historical,Kawa Brown,AP-HIST-KAWA-BROWN,#A16038,chart_swatch,acrylic,name guess,,historical-to-fanatic.csv,606.1,418.9,Army Painter Historical to Warpaints Fanatic colour comparison chart (2026)
Army Painter,Historical,Stone Grey,AP-HIST-STONE-GREY,#BEB4A0,chart_swatch,acrylic,name guess,,historical-to-fanatic.csv,744.4,440.9,Army Painter Historical to Warpaints Fanatic colour comparison chart (2026)
Army Painter,Historical,Light Soviet Khaki,AP-HIST-LIGHT-SOVIET-KHAKI,#958F4C,chart_swatch,acrylic,name guess,,historical-to-fanatic.csv,465.8,462.0,Army Painter Historical to Warpaints Fanatic colour comparison chart (2026)
Army Painter,Historical,Light Imperial Khaki,AP-HIST-LIGHT-IMPERIAL-KHAKI,#9BA575,chart_swatch,acrylic,name guess,,historical-to-fanatic.csv,606.1,462.0,Army Painter Historical to Warpaints Fanatic colour comparison chart (2026)
Army Painter,Historical,Beret Maroon,AP-HIST-BERET-MAROON,#66191B,chart_swatch,acrylic,name guess,,historical-to-fanatic.csv,325.4,461.9,Army Painter Historical to Warpaints Fanatic colour comparison chart (2026)
Army Painter,Historical,Boot Brown,AP-HIST-BOOT-BROWN,#3C2C28,chart_swatch,acrylic,name guess,,historical-to-fanatic.csv,44.8,462.0,Army Painter Historical to Warpaints Fanatic colour comparison chart (2026)
Army Painter,Historical,Camo Sand,AP-HIST-CAMO-SAND,#AD7D33,chart_swatch,acrylic,name guess,,historical-to-fanatic.csv,185.2,462.0,Army Painter Historical to Warpaints Fanatic colour comparison chart (2026)
Army Painter,Historical,Greatcoat Green,AP-HIST-GREATCOAT-GREEN,#787839,chart_swatch,acrylic,name guess,,historical-to-fanatic.csv,744.4,477.3,Army Painter Historical to Warpaints Fanatic colour comparison chart (2026)
Army Painter,Historical,Mid Soviet Khaki,AP-HIST-MID-SOVIET-KHAKI,#5D582C,chart_swatch,acrylic,name guess,,historical-to-fanatic.csv,465.8,505.1,Army Painter Historical to Warpaints Fanatic colour comparison chart (2026)
Army Painter,Historical,Mid Imperial Khaki,AP-HIST-MID-IMPERIAL-KHAKI,#8EA27B,chart_swatch,acrylic,name guess,,historical-to-fanatic.csv,606.1,505.1,Army Painter Historical to Warpaints Fanatic colour comparison chart (2026)
Army Painter,Historical,Webbing Green,AP-HIST-WEBBING-GREEN,#3E492A,chart_swatch,acrylic,name guess,,historical-to-fanatic.csv,325.4,505.0,Army Painter Historical to Warpaints Fanatic colour comparison chart (2026)
Army Painter,Historical,Dark Olive,AP-HIST-DARK-OLIVE,#282625,chart_swatch,acrylic,name guess,,historical-to-fanatic.csv,44.8,505.1,Army Painter Historical to Warpaints Fanatic colour comparison chart (2026)
Army Painter,Historical,Camo Brown,AP-HIST-CAMO-BROWN,#6B3127,chart_swatch,acrylic,name guess,,historical-to-fanatic.csv,185.2,505.1,Army Painter Historical to Warpaints Fanatic colour comparison chart (2026)
Army Painter,Historical,Desert Olive Green,AP-HIST-DESERT-OLIVE-GREEN,#959B85,chart_swatch,acrylic,name guess,,historical-to-fanatic.csv,744.4,513.8,Army Painter Historical to Warpaints Fanatic colour comparison chart (2026)
Army Painter,Historical,British Camo Green,AP-HIST-BRITISH-CAMO-GREEN,#6A8751,chart_swatch,acrylic,name guess,,historical-to-fanatic.csv,325.4,548.2,Army Painter Historical to Warpaints Fanatic colour comparison chart (2026)
Army Painter,Historical,Dark Soviet Khaki,AP-HIST-DARK-SOVIET-KHAKI,#3F3B27,chart_swatch,acrylic,name guess,,historical-to-fanatic.csv,465.8,548.2,Army Painter Historical to Warpaints Fanatic colour comparison chart (2026)
Army Painter,Historical,Dark Imperial Khaki,AP-HIST-DARK-IMPERIAL-KHAKI,#70866A,chart_swatch,acrylic,name guess,,historical-to-fanatic.csv,606.1,548.2,Army Painter Historical to Warpaints Fanatic colour comparison chart (2026)
Army Painter,Historical,Rifle Brown,AP-HIST-RIFLE-BROWN,#4D2C23,chart_swatch,acrylic,name guess,,historical-to-fanatic.csv,606.1,806.9,Army Painter Historical to Warpaints Fanatic colour comparison chart (2026)
Army Painter,Historical,Strap Grey,AP-HIST-STRAP-GREY,#2B2C30,chart_swatch,acrylic,name guess,,historical-to-fanatic.csv,185.2,548.2,Army Painter Historical to Warpaints Fanatic colour comparison chart (2026)
Army Painter,Historical,Dark Leather,AP-HIST-DARK-LEATHER,#2D2D31,chart_swatch,acrylic,name guess,,historical-to-fanatic.csv,744.4,550.2,Army Painter Historical to Warpaints Fanatic colour comparison chart (2026)
Army Painter,Historical,Tanned Skin,AP-HIST-TANNED-SKIN,#E4AA8E,chart_swatch,acrylic,name guess,,historical-to-fanatic.csv,744.4,586.6,Army Painter Historical to Warpaints Fanatic colour comparison chart (2026)
Army Painter,Historical,Steel Helmet Green,AP-HIST-STEEL-HELMET-GREEN,#55572D,chart_swatch,acrylic,name guess,,historical-to-fanatic.csv,465.8,591.3,Army Painter Historical to Warpaints Fanatic colour comparison chart (2026)
Army Painter,Historical,Mud Spatter,AP-HIST-MUD-SPATTER,#3E2C1C,chart_swatch,effect,name guess,,historical-to-fanatic.csv,325.4,591.3,Army Painter Historical to Warpaints Fanatic colour comparison chart (2026)
Army Painter,Historical,Paratrooper Tan,AP-HIST-PARATROOPER-TAN,#9E7B6C,chart_swatch,acrylic,chart partner,,historical-to-fanatic.csv,44.8,591.3,Army Painter Historical to Warpaints Fanatic colour comparison chart (2026)
Army Painter,Historical,Meisai Green,AP-HIST-MEISAI-GREEN,#00543B,chart_swatch,acrylic,name guess,,historical-to-fanatic.csv,606.1,591.3,Army Painter Historical to Warpaints Fanatic colour comparison chart (2026)
Army Painter,Historical,Soft Tone,AP-HIST-SOFT-TONE,#775834,chart_swatch,wash,chart partner,,historical-to-fanatic.csv,744.4,623.1,Army Painter Historical to Warpaints Fanatic colour comparison chart (2026)
Army Painter,Historical,German Camo Green,AP-HIST-GERMAN-CAMO-GREEN,#2A7642,chart_swatch,acrylic,name guess,,historical-to-fanatic.csv,185.2,634.4,Army Painter Historical to Warpaints Fanatic colour comparison chart (2026)
Army Painter,Historical,Light Mustard Khaki,AP-HIST-LIGHT-MUSTARD-KHAKI,#AD9D5E,chart_swatch,acrylic,name guess,,historical-to-fanatic.csv,606.1,634.4,Army Painter Historical to Warpaints Fanatic colour comparison chart (2026)
Army Painter,Historical,Light Drab,AP-HIST-LIGHT-DRAB,#728552,chart_swatch,acrylic,chart partner,,historical-to-fanatic.csv,44.8,634.4,Army Painter Historical to Warpaints Fanatic colour comparison chart (2026)
Army Painter,Historical,Peachy Skin,AP-HIST-PEACHY-SKIN,#FDDCBC,chart_swatch,acrylic,name guess,,historical-to-fanatic.csv,465.8,634.4,Army Painter Historical to Warpaints Fanatic colour comparison chart (2026)
Army Painter,Historical,Ammo Pouch Brown,AP-HIST-AMMO-POUCH-BROWN,#645242,chart_swatch,acrylic,name guess,,historical-to-fanatic.csv,465.8,677.6,Army Painter Historical to Warpaints Fanatic colour comparison chart (2026)
Army Painter,Historical,Mid Mustard Khaki,AP-HIST-MID-MUSTARD-KHAKI,#98884C,chart_swatch,acrylic,name guess,,historical-to-fanatic.csv,606.1,677.6,Army Painter Historical to Warpaints Fanatic colour comparison chart (2026)
Army Painter,Historical,Fair Skin,AP-HIST-FAIR-SKIN,#E9A48C,chart_swatch,acrylic,name guess,,historical-to-fanatic.csv,325.4,677.5,Army Painter Historical to Warpaints Fanatic colour comparison chart (2026)
Army Painter,Historical,Ensign Blue,AP-HIST-ENSIGN-BLUE,#003560,chart_swatch,acrylic,chart partner,,historical-to-fanatic.csv,44.8,677.6,Army Painter Historical to Warpaints Fanatic colour comparison chart (2026)
Army Painter,Historical,Tanker Grey,AP-HIST-TANKER-GREY,#788C9E,chart_swatch,acrylic,name guess,,historical-to-fanatic.csv,185.2,677.6,Army Painter Historical to Warpaints Fanatic colour comparison chart (2026)
Army Painter,Historical,Dark Boot Brown,AP-HIST-DARK-BOOT-BROWN,#484231,chart_swatch,acrylic,name guess,,historical-to-fanatic.csv,465.8,720.7,Army Painter Historical to Warpaints Fanatic colour comparison chart (2026)
Army Painter,Historical,Dark Mustard Khaki,AP-HIST-DARK-MUSTARD-KHAKI,#6C6036,chart_swatch,acrylic,name guess,,historical-to-fanatic.csv,606.1,720.7,Army Painter Historical to Warpaints Fanatic colour comparison chart (2026)
Army Painter,Historical,Webbing Khaki,AP-HIST-WEBBING-KHAKI,#CFB057,chart_swatch,acrylic,name guess,,historical-to-fanatic.csv,325.4,720.6,Army Painter Historical to Warpaints Fanatic colour comparison chart (2026)
Army Painter,Historical,Life Vest Yellow,AP-HIST-LIFE-VEST-YELLOW,#FECB00,chart_swatch,acrylic,chart partner,,historical-to-fanatic.csv,44.8,720.7,Army Painter Historical to Warpaints Fanatic colour comparison chart (2026)
Army Painter,Historical,Leather Brown,AP-HIST-LEATHER-BROWN,#694433,chart_swatch,acrylic,chart partner,,historical-to-fanatic.csv,185.2,720.7,Army Painter Historical to Warpaints Fanatic colour comparison chart (2026)
Army Painter,Historical,Commando Green,AP-HIST-COMMANDO-GREEN,#1F3C42,chart_swatch,acrylic,chart partner,,historical-to-fanatic.csv,325.4,763.7,Army Painter Historical to Warpaints Fanatic colour comparison chart (2026)
Army Painter,Historical,Rosy Skin,AP-HIST-ROSY-SKIN,#F49A7D,chart_swatch,acrylic,chart partner,,historical-to-fanatic.csv,44.8,763.8,Army Painter Historical to Warpaints Fanatic colour comparison chart (2026)
Army Painter,Historical,Weathered Skin,AP-HIST-WEATHERED-SKIN,#D88779,chart_swatch,acrylic,chart partner,,historical-to-fanatic.csv,185.2,763.8,Army Painter Historical to Warpaints Fanatic colour comparison chart (2026)
Army Painter,Historical,Hanpu Beige,AP-HIST-HANPU-BEIGE,#BEB897,chart_swatch,acrylic,name guess,,historical-to-fanatic.csv,606.1,763.8,Army Painter Historical to Warpaints Fanatic colour comparison chart (2026)
Army Painter,Historical,Command Red,AP-HIST-COMMAND-RED,#DE1312,chart_swatch,acrylic,chart partner,,historical-to-fanatic.csv,185.2,806.9,Army Painter Historical to Warpaints Fanatic colour comparison chart (2026)
Army Painter,Historical,Yellow Ochre,AP-HIST-YELLOW-OCHRE,#A98C4E,chart_swatch,acrylic,chart partner,,historical-to-fanatic.csv,465.8,806.9,Army Painter Historical to Warpaints Fanatic colour comparison chart (2026)
Army Painter,Historical,Light DAK Sand,AP-HIST-LIGHT-DAK-SAND,#E9B56B,chart_swatch,acrylic,name guess,,historical-to-fanatic.csv,744.4,815.2,Army Painter Historical to Warpaints Fanatic colour comparison chart (2026)
Army Painter,Historical,Black Tone,AP-HIST-BLACK-TONE,#2B2A26,chart_swatch,wash,chart partner,,historical-to-fanatic.csv,606.1,893.1,Army Painter Historical to Warpaints Fanatic colour comparison chart (2026)
Army Painter,Historical,Imperial Red,AP-HIST-IMPERIAL-RED,#DE1312,chart_swatch,acrylic,chart partner,,historical-to-fanatic.csv,606.1,850.0,Army Painter Historical to Warpaints Fanatic colour comparison chart (2026)
Army Painter,Historical,Mid DAK Sand,AP-HIST-MID-DAK-SAND,#B78B4C,chart_swatch,acrylic,name guess,,historical-to-fanatic.csv,744.4,852.7,Army Painter Historical to Warpaints Fanatic colour comparison chart (2026)
Army Painter,Historical,Dark DAK Sand,AP-HIST-DARK-DAK-SAND,#8A6431,chart_swatch,acrylic,name guess,,historical-to-fanatic.csv,744.4,890.2,Army Painter Historical to Warpaints Fanatic colour comparison chart (2026)
Army Painter,Historical,Rust,AP-HIST-RUST,#C44D18,chart_swatch,effect,chart partner,,historical-to-fanatic.csv,465.8,893.1,Army Painter Historical to Warpaints Fanatic colour comparison chart (2026)
Army Painter,Historical,Desert Skin,AP-HIST-DESERT-SKIN,#AF7349,chart_swatch,acrylic,name guess,,historical-to-fanatic.csv,744.4,927.8,Army Painter Historical to Warpaints Fanatic colour comparison chart (2026)
Army Painter,Historical,Brown Tone,AP-HIST-BROWN-TONE,#423019,chart_swatch,wash,chart partner,,historical-to-fanatic.csv,606.1,936.2,Army Painter Historical to Warpaints Fanatic colour comparison chart (2026)
Army Painter,Historical,Bleached Strap Grey,AP-HIST-BLEACHED-STRAP-GREY,#404143,chart_swatch,acrylic,name guess,,historical-to-fanatic.csv,744.4,965.3,Army Painter Historical to Warpaints Fanatic colour comparison chart (2026)
Army Painter,Historical,Shin Gunto Gold,AP-HIST-SHIN-GUNTO-GOLD,#79550B,chart_swatch,metallic,chart partner,,historical-to-fanatic.csv,606.1,979.4,Army Painter Historical to Warpaints Fanatic colour comparison chart (2026)
Army Painter,Historical,Military Shade,AP-HIST-MILITARY-SHADE,#444719,chart_swatch,wash,chart partner,,historical-to-fanatic.csv,465.8,979.4,Army Painter Historical to Warpaints Fanatic colour comparison chart (2026)
Army Painter,Historical,Light DAK Green,AP-HIST-LIGHT-DAK-GREEN,#7B8851,chart_swatch,acrylic,name guess,,historical-to-fanatic.csv,744.4,1002.9,Army Painter Historical to Warpaints Fanatic colour comparison chart (2026)
Army Painter,Historical,Steel,AP-HIST-STEEL,#474948,chart_swatch,metallic,chart partner,,historical-to-fanatic.csv,606.1,1022.5,Army Painter Historical to Warpaints Fanatic colour comparison chart (2026)
Army Painter,Historical,Mid DAK Green,AP-HIST-MID-DAK-GREEN,#525D32,chart_swatch,acrylic,name guess,,historical-to-fanatic.csv,744.4,1040.4,Army Painter Historical to Warpaints Fanatic colour comparison chart (2026)
Army Painter,Historical,Warm Skin Tone,AP-HIST-WARM-SKIN-TONE,#9E6C49,chart_swatch,wash,chart partner,,historical-to-fanatic.csv,606.1,1065.6,Army Painter Historical to Warpaints Fanatic colour comparison chart (2026)
Army Painter,Historical,Dark DAK Green,AP-HIST-DARK-DAK-GREEN,#444928,chart_swatch,acrylic,name guess,,historical-to-fanatic.csv,744.4,1077.9,Army Painter Historical to Warpaints Fanatic colour comparison chart (2026)
Army Painter,Historical,Matt Black,AP-HIST-MATT-BLACK,#000000,chart_swatch,acrylic,chart partner,,historical-to-fanatic.csv,606.1,1108.7,Army Painter Historical to Warpaints Fanatic colour comparison chart (2026)
Army Painter,Historical,Raw Wool,AP-HIST-RAW-WOOL,#818C70,chart_swatch,acrylic,name guess,,historical-to-fanatic.csv,744.4,1115.5,Army Painter Historical to Warpaints Fanatic colour comparison chart (2026)
Army Painter,Historical,Matt White,AP-HIST-MATT-WHITE,#FFFFFF,chart_swatch,acrylic,chart partner,,historical-to-fanatic.csv,606.1,1151.8,Army Painter Historical to Warpaints Fanatic colour comparison chart (2026)
Army Painter,Historical,Schilf Green,AP-HIST-SCHILF-GREEN,#2D4528,chart_swatch,acrylic,name guess,,historical-to-fanatic.csv,744.4,1153.0,Army Painter Historical to Warpaints Fanatic colour comparison chart (2026)
Army Painter,GameMaster,Chaotic Black,AP-GM-CHAOTIC-BLACK,#050504,chart_swatch,acrylic,chart partner,,gamemaster-to-fanatic.csv,270.0,134.2,Army Painter GameMaster to Warpaints colour comparison chart (2023) | Army Painter GameMaster to Warpaints Fanatic colour comparison chart (2024)
Army Painter,GameMaster,Lawful White,AP-GM-LAWFUL-WHITE,#FFFFFF,chart_swatch,acrylic,chart partner,,gamemaster-to-fanatic.csv,347.3,134.2,Army Painter GameMaster to Warpaints colour comparison chart (2023) | Army Painter GameMaster to Warpaints Fanatic colour comparison chart (2024)
Army Painter,GameMaster,Neutral Red,AP-GM-NEUTRAL-RED,#E22614,chart_swatch,acrylic,chart partner,,gamemaster-to-fanatic.csv,463.4,134.2,Army Painter GameMaster to Warpaints colour comparison chart (2023) | Army Painter GameMaster to Warpaints Fanatic colour comparison chart (2024)
Army Painter,GameMaster,Angelic Yellow,AP-GM-ANGELIC-YELLOW,#FFCA43,chart_swatch,acrylic,chart partner,,gamemaster-to-fanatic.csv,386.0,134.2,Army Painter GameMaster to Warpaints colour comparison chart (2023) | Army Painter GameMaster to Warpaints Fanatic colour comparison chart (2024)
Army Painter,GameMaster,Elven Green,AP-GM-ELVEN-GREEN,#277037,chart_swatch,acrylic,chart partner,,gamemaster-to-fanatic.csv,502.1,134.2,Army Painter GameMaster to Warpaints colour comparison chart (2023) | Army Painter GameMaster to Warpaints Fanatic colour comparison chart (2024)
Army Painter,GameMaster,Kraken Blue,AP-GM-KRAKEN-BLUE,#1177C1,chart_swatch,acrylic,chart partner,,gamemaster-to-fanatic.csv,424.7,134.2,Army Painter GameMaster to Warpaints colour comparison chart (2023) | Army Painter GameMaster to Warpaints Fanatic colour comparison chart (2024)
Army Painter,GameMaster,Dryad Brown,AP-GM-DRYAD-BROWN,#72501C,chart_swatch,acrylic,name guess,,gamemaster-to-original-warpaints.csv,348.9,162.2,Army Painter GameMaster to Warpaints colour comparison chart (2023)
Army Painter,GameMaster,Rosy Skin,AP-GM-ROSY-SKIN,#FF9980,chart_swatch,acrylic,chart partner,,gamemaster-to-fanatic.csv,579.4,134.2,Army Painter GameMaster to Warpaints colour comparison chart (2023) | Army Painter GameMaster to Warpaints Fanatic colour comparison chart (2024)
Army Painter,GameMaster,Worm Purple,AP-GM-WORM-PURPLE,#432B6D,chart_swatch,acrylic,name guess,,gamemaster-to-original-warpaints.csv,419.2,162.2,Army Painter GameMaster to Warpaints colour comparison chart (2023)
Army Painter,GameMaster,Wildfire Orange,AP-GM-WILDFIRE-ORANGE,#FF602A,chart_swatch,acrylic,chart partner,,gamemaster-to-fanatic.csv,618.1,134.2,Army Painter GameMaster to Warpaints colour comparison chart (2023) | Army Painter GameMaster to Warpaints Fanatic colour comparison chart (2024)
Army Painter,GameMaster,Bear Brown,AP-GM-BEAR-BROWN,#332527,chart_swatch,acrylic,chart partner,,gamemaster-to-fanatic.csv,540.7,482.5,Army Painter GameMaster to Warpaints colour comparison chart (2023) | Army Painter GameMaster to Warpaints Fanatic colour comparison chart (2024)
Army Painter,GameMaster,Ancient Bones,AP-GM-ANCIENT-BONES,#D2CA9D,chart_swatch,acrylic,name guess,,gamemaster-to-original-warpaints.csv,524.6,162.2,Army Painter GameMaster to Warpaints colour comparison chart (2023)
Army Painter,GameMaster,Orc Grey,AP-GM-ORC-GREY,#69737F,chart_swatch,acrylic,chart partner,,gamemaster-to-fanatic.csv,308.6,134.2,Army Painter GameMaster to Warpaints colour comparison chart (2023) | Army Painter GameMaster to Warpaints Fanatic colour comparison chart (2024)
Army Painter,GameMaster,Mermaid Turquoise,AP-GM-MERMAID-TURQUOISE,#1E7D8E,chart_swatch,acrylic,name guess,,gamemaster-to-original-warpaints.csv,594.9,162.2,Army Painter GameMaster to Warpaints colour comparison chart (2023)
Army Painter,GameMaster,Elven Skin,AP-GM-ELVEN-SKIN,#EABD93,chart_swatch,acrylic,name guess,,gamemaster-to-original-warpaints.csv,630.1,162.2,Army Painter GameMaster to Warpaints colour comparison chart (2023)
Army Painter,GameMaster,Grey Undercoat,AP-GM-GREY-UNDERCOAT,#9FA3A3,chart_swatch,acrylic,name guess,,gamemaster-to-original-warpaints.csv,665.2,162.2,Army Painter GameMaster to Warpaints colour comparison chart (2023)
Army Painter,GameMaster,Flesh Wash,AP-GM-FLESH-WASH,#5A311B,chart_swatch,wash,name guess,,gamemaster-to-original-warpaints.csv,770.6,162.2,Army Painter GameMaster to Warpaints colour comparison chart (2023)
Army Painter,GameMaster,Shadow Wash,AP-GM-SHADOW-WASH,#000000,chart_swatch,wash,name guess,,gamemaster-to-original-warpaints.csv,805.8,162.2,Army Painter GameMaster to Warpaints colour comparison chart (2023)
Army Painter,GameMaster,Deadly Iron,AP-GM-DEADLY-IRON,#A7A9A9,chart_swatch,metallic,name guess,,gamemaster-to-original-warpaints.csv,700.3,162.2,Army Painter GameMaster to Warpaints colour comparison chart (2023)
Army Painter,GameMaster,Dwarf Gold,AP-GM-DWARF-GOLD,#875B23,chart_swatch,metallic,chart partner,,gamemaster-to-fanatic.csv,695.5,134.2,Army Painter GameMaster to Warpaints colour comparison chart (2023) | Army Painter GameMaster to Warpaints Fanatic colour comparison chart (2024)
Army Painter,GameMaster,Gorgon Skin,AP-GM-GORGON-SKIN,#91DDD9,chart_swatch,acrylic,chart partner,,gamemaster-to-fanatic.csv,502.1,308.4,Army Painter GameMaster to Warpaints colour comparison chart (2023) | Army Painter GameMaster to Warpaints Fanatic colour comparison chart (2024)
Army Painter,GameMaster,Malachite Green,AP-GM-MALACHITE-GREEN,#24321B,chart_swatch,acrylic,name guess,,gamemaster-to-original-warpaints.csv,173.2,313.0,Army Painter GameMaster to Warpaints colour comparison chart (2023)
Army Painter,GameMaster,Burlap Sack,AP-GM-BURLAP-SACK,#7D5C24,chart_swatch,acrylic,name guess,,gamemaster-to-original-warpaints.csv,208.4,313.0,Army Painter GameMaster to Warpaints colour comparison chart (2023)
Army Painter,GameMaster,Clotted Blood,AP-GM-CLOTTED-BLOOD,#60230D,chart_swatch,effect,name guess,,gamemaster-to-original-warpaints.csv,243.5,313.0,Army Painter GameMaster to Warpaints colour comparison chart (2023)
Army Painter,GameMaster,Surcoat Blue,AP-GM-SURCOAT-BLUE,#25415A,chart_swatch,acrylic,name guess,,gamemaster-to-original-warpaints.csv,278.7,313.0,Army Painter GameMaster to Warpaints colour comparison chart (2023)
Army Painter,GameMaster,Harpy Feathers,AP-GM-HARPY-FEATHERS,#BA9D21,chart_swatch,acrylic,name guess,,gamemaster-to-original-warpaints.csv,313.8,313.0,Army Painter GameMaster to Warpaints colour comparison chart (2023)
Army Painter,GameMaster,Star Ruby,AP-GM-STAR-RUBY,#973D6A,chart_swatch,acrylic,name guess,,gamemaster-to-original-warpaints.csv,349.0,313.0,Army Painter GameMaster to Warpaints colour comparison chart (2023)
Army Painter,GameMaster,Heraldric Red,AP-GM-HERALDRIC-RED,#B1171C,chart_swatch,acrylic,name guess,,gamemaster-to-original-warpaints.csv,384.1,313.0,Army Painter GameMaster to Warpaints colour comparison chart (2023)
Army Painter,GameMaster,Cyclops Flesh,AP-GM-CYCLOPS-FLESH,#AB7156,chart_swatch,acrylic,name guess,,gamemaster-to-original-warpaints.csv,419.2,313.0,Army Painter GameMaster to Warpaints colour comparison chart (2023)
Army Painter,GameMaster,Acid Spray,AP-GM-ACID-SPRAY,#94A922,chart_swatch,acrylic,name guess,,gamemaster-to-original-warpaints.csv,454.4,313.0,Army Painter GameMaster to Warpaints colour comparison chart (2023)
Army Painter,GameMaster,Forcefield Blue,AP-GM-FORCEFIELD-BLUE,#6387C1,chart_swatch,acrylic,name guess,,gamemaster-to-original-warpaints.csv,489.5,313.0,Army Painter GameMaster to Warpaints colour comparison chart (2023)
Army Painter,GameMaster,Troll Teeth,AP-GM-TROLL-TEETH,#F9EDD9,chart_swatch,acrylic,name guess,,gamemaster-to-original-warpaints.csv,524.6,313.0,Army Painter GameMaster to Warpaints colour comparison chart (2023)
Army Painter,GameMaster,Kelpie Fins,AP-GM-KELPIE-FINS,#C35E9B,chart_swatch,acrylic,name guess,,gamemaster-to-original-warpaints.csv,559.8,313.0,Army Painter GameMaster to Warpaints colour comparison chart (2023)
Army Painter,GameMaster,Drow Skin,AP-GM-DROW-SKIN,#2C2E2F,chart_swatch,acrylic,name guess,,gamemaster-to-original-warpaints.csv,594.9,313.0,Army Painter GameMaster to Warpaints colour comparison chart (2023)
Army Painter,GameMaster,Warlock Hex,AP-GM-WARLOCK-HEX,#676240,chart_swatch,acrylic,chart partner,,gamemaster-to-fanatic.csv,579.4,308.4,Army Painter GameMaster to Warpaints colour comparison chart (2023) | Army Painter GameMaster to Warpaints Fanatic colour comparison chart (2024)
Army Painter,GameMaster,Elven Silver,AP-GM-ELVEN-SILVER,#C6C8C8,chart_swatch,metallic,name guess,,gamemaster-to-original-warpaints.csv,665.2,313.0,Army Painter GameMaster to Warpaints colour comparison chart (2023)
Army Painter,GameMaster,Cast Bronze,AP-GM-CAST-BRONZE,#A76903,chart_swatch,metallic,name guess,,gamemaster-to-original-warpaints.csv,700.3,313.0,Army Painter GameMaster to Warpaints colour comparison chart (2023)
Army Painter,GameMaster,Grime Wash,AP-GM-GRIME-WASH,#3F3220,chart_swatch,wash,name guess,,gamemaster-to-original-warpaints.csv,735.5,313.0,Army Painter GameMaster to Warpaints colour comparison chart (2023)
Army Painter,GameMaster,Fresh Blood,AP-GM-FRESH-BLOOD,#9C1725,chart_swatch,effect,chart partner,,gamemaster-to-fanatic.csv,772.8,134.2,Army Painter GameMaster to Warpaints colour comparison chart (2023) | Army Painter GameMaster to Warpaints Fanatic colour comparison chart (2024)
Army Painter,GameMaster,Rusted Metal,AP-GM-RUSTED-METAL,#AA5E2F,chart_swatch,metallic,name guess,,gamemaster-to-original-warpaints.csv,805.8,313.0,Army Painter GameMaster to Warpaints colour comparison chart (2023)
Army Painter,GameMaster,Driftwood Brown,AP-GM-DRIFTWOOD-BROWN,#C3B79D,chart_swatch,acrylic,name guess,,gamemaster-to-original-warpaints.csv,138.1,463.8,Army Painter GameMaster to Warpaints colour comparison chart (2023)
Army Painter,GameMaster,Cauldron Grey,AP-GM-CAULDRON-GREY,#5D5953,chart_swatch,acrylic,name guess,,gamemaster-to-original-warpaints.csv,173.2,463.8,Army Painter GameMaster to Warpaints colour comparison chart (2023)
Army Painter,GameMaster,Moss Green,AP-GM-MOSS-GREEN,#5F723D,chart_swatch,acrylic,name guess,,gamemaster-to-original-warpaints.csv,208.4,463.8,Army Painter GameMaster to Warpaints colour comparison chart (2023)
Army Painter,GameMaster,Hag's Wart,AP-GM-HAGS-WART,#879447,chart_swatch,acrylic,name guess,,gamemaster-to-original-warpaints.csv,243.5,463.8,Army Painter GameMaster to Warpaints colour comparison chart (2023)
Army Painter,GameMaster,Worn Leather,AP-GM-WORN-LEATHER,#8B3B19,chart_swatch,acrylic,name guess,,gamemaster-to-original-warpaints.csv,278.7,463.8,Army Painter GameMaster to Warpaints colour comparison chart (2023)
Army Painter,GameMaster,Sacrificial Red,AP-GM-SACRIFICIAL-RED,#562023,chart_swatch,acrylic,name guess,,gamemaster-to-original-warpaints.csv,313.8,463.8,Army Painter GameMaster to Warpaints colour comparison chart (2023)
Army Painter,GameMaster,Aesir Gem,AP-GM-AESIR-GEM,#1B4B92,chart_swatch,acrylic,chart partner,,gamemaster-to-fanatic.csv,386.0,482.5,Army Painter GameMaster to Warpaints colour comparison chart (2023) | Army Painter GameMaster to Warpaints Fanatic colour comparison chart (2024)
Army Painter,GameMaster,Toxic Toad,AP-GM-TOXIC-TOAD,#8DBD88,chart_swatch,acrylic,name guess,,gamemaster-to-original-warpaints.csv,384.1,463.8,Army Painter GameMaster to Warpaints colour comparison chart (2023)
Army Painter,GameMaster,Bat Skin,AP-GM-BAT-SKIN,#9D9F9D,chart_swatch,acrylic,name guess,,gamemaster-to-original-warpaints.csv,419.2,463.8,Army Painter GameMaster to Warpaints colour comparison chart (2023)
Army Painter,GameMaster,Wyrm Blood,AP-GM-WYRM-BLOOD,#4850A9,chart_swatch,acrylic,chart partner,,gamemaster-to-fanatic.csv,463.4,482.5,Army Painter GameMaster to Warpaints colour comparison chart (2023) | Army Painter GameMaster to Warpaints Fanatic colour comparison chart (2024)
Army Painter,GameMaster,Cauldron Ooze,AP-GM-CAULDRON-OOZE,#A47D2B,chart_swatch,effect,chart partner,,gamemaster-to-fanatic.csv,772.8,482.5,Army Painter GameMaster to Warpaints colour comparison chart (2023) | Army Painter GameMaster to Warpaints Fanatic colour comparison chart (2024)
Army Painter,GameMaster,Banshee Hair,AP-GM-BANSHEE-HAIR,#D1D6E5,chart_swatch,acrylic,name guess,,gamemaster-to-original-warpaints.csv,524.6,463.8,Army Painter GameMaster to Warpaints colour comparison chart (2023)
Army Painter,GameMaster,Scrying Bones,AP-GM-SCRYING-BONES,#D4D3BB,chart_swatch,acrylic,name guess,,gamemaster-to-original-warpaints.csv,559.8,463.8,Army Painter GameMaster to Warpaints colour comparison chart (2023)
Army Painter,GameMaster,Heavy Clouds,AP-GM-HEAVY-CLOUDS,#627A8A,chart_swatch,acrylic,name guess,,gamemaster-to-original-warpaints.csv,594.9,463.8,Army Painter GameMaster to Warpaints colour comparison chart (2023)
Army Painter,GameMaster,Old Hut Brown,AP-GM-OLD-HUT-BROWN,#736353,chart_swatch,acrylic,name guess,,gamemaster-to-original-warpaints.csv,630.1,463.8,Army Painter GameMaster to Warpaints colour comparison chart (2023)
Army Painter,GameMaster,Meteorite Metal,AP-GM-METEORITE-METAL,#221D19,chart_swatch,metallic,chart partner,,gamemaster-to-fanatic.csv,656.8,482.5,Army Painter GameMaster to Warpaints colour comparison chart (2023) | Army Painter GameMaster to Warpaints Fanatic colour comparison chart (2024)
Army Painter,GameMaster,Aging Metal,AP-GM-AGING-METAL,#8A6349,chart_swatch,metallic,name guess,,gamemaster-to-original-warpaints.csv,700.3,463.8,Army Painter GameMaster to Warpaints colour comparison chart (2023)
Army Painter,GameMaster,Dusk Tone,AP-GM-DUSK-TONE,#5C452B,chart_swatch,wash,name guess,,gamemaster-to-original-warpaints.csv,735.5,463.8,Army Painter GameMaster to Warpaints colour comparison chart (2023)
Army Painter,GameMaster,Swamp Tone,AP-GM-SWAMP-TONE,#3C401E,chart_swatch,wash,chart partner,,gamemaster-to-fanatic.csv,695.5,482.5,Army Painter GameMaster to Warpaints colour comparison chart (2023) | Army Painter GameMaster to Warpaints Fanatic colour comparison chart (2024)
Army Painter,GameMaster,Troll Snot,AP-GM-TROLL-SNOT,#C2B600,chart_swatch,effect,name guess,,gamemaster-to-original-warpaints.csv,805.8,463.8,Army Painter GameMaster to Warpaints colour comparison chart (2023)
Army Painter,GameMaster,Soft Leather,AP-GM-SOFT-LEATHER,#623D34,chart_swatch,acrylic,chart partner,,gamemaster-to-fanatic.csv,540.7,134.2,Army Painter GameMaster to Warpaints Fanatic colour comparison chart (2024)
Army Painter,GameMaster,Plate Mail Metal,AP-GM-PLATE-MAIL-METAL,#54555A,chart_swatch,metallic,chart partner,,gamemaster-to-fanatic.csv,656.8,134.2,Army Painter GameMaster to Warpaints Fanatic colour comparison chart (2024)
Army Painter,GameMaster,Strong Tone,AP-GM-STRONG-TONE,#3A2B20,chart_swatch,wash,chart partner,,gamemaster-to-fanatic.csv,734.1,134.2,Army Painter GameMaster to Warpaints Fanatic colour comparison chart (2024)
Army Painter,GameMaster,Brush-On Primer,AP-GM-BRUSH-ON-PRIMER,#929B9C,chart_swatch,primer,chart partner,,gamemaster-to-fanatic.csv,811.5,482.5,Army Painter GameMaster to Warpaints Fanatic colour comparison chart (2024)
Army Painter,GameMaster,Dungeon Fungus,AP-GM-DUNGEON-FUNGUS,#5D3146,chart_swatch,acrylic,chart partner,,gamemaster-to-fanatic.csv,270.0,308.4,Army Painter GameMaster to Warpaints Fanatic colour comparison chart (2024)
Army Painter,GameMaster,Phantasmal Illusion,AP-GM-PHANTASMAL-ILLUSION,#FF9942,chart_swatch,acrylic,chart partner,,gamemaster-to-fanatic.csv,308.6,308.4,Army Painter GameMaster to Warpaints Fanatic colour comparison chart (2024)
Army Painter,GameMaster,Skeleton Bones,AP-GM-SKELETON-BONES,#EAD9C3,chart_swatch,acrylic,chart partner,,gamemaster-to-fanatic.csv,347.3,308.4,Army Painter GameMaster to Warpaints Fanatic colour comparison chart (2024)
Army Painter,GameMaster,Mutant Purple,AP-GM-MUTANT-PURPLE,#5B3C9F,chart_swatch,acrylic,chart partner,,gamemaster-to-fanatic.csv,386.0,308.4,Army Painter GameMaster to Warpaints Fanatic colour comparison chart (2024)
Army Painter,GameMaster,Magi Missile,AP-GM-MAGI-MISSILE,#1A3040,chart_swatch,acrylic,chart partner,,gamemaster-to-fanatic.csv,424.7,308.4,Army Painter GameMaster to Warpaints Fanatic colour comparison chart (2024)
Army Painter,GameMaster,Lycanthrope Grey,AP-GM-LYCANTHROPE-GREY,#477EA8,chart_swatch,acrylic,chart partner,,gamemaster-to-fanatic.csv,463.4,308.4,Army Painter GameMaster to Warpaints Fanatic colour comparison chart (2024)
Army Painter,GameMaster,Rigid Leather,AP-GM-RIGID-LEATHER,#241E1F,chart_swatch,acrylic,chart partner,,gamemaster-to-fanatic.csv,540.7,308.4,Army Painter GameMaster to Warpaints Fanatic colour comparison chart (2024)
Army Painter,GameMaster,Zombie Flesh,AP-GM-ZOMBIE-FLESH,#99AE87,chart_swatch,acrylic,chart partner,,gamemaster-to-fanatic.csv,618.1,308.4,Army Painter GameMaster to Warpaints Fanatic colour comparison chart (2024)
Army Painter,GameMaster,Cursed Weapon,AP-GM-CURSED-WEAPON,#344624,chart_swatch,acrylic,chart partner,,gamemaster-to-fanatic.csv,656.8,308.4,Army Painter GameMaster to Warpaints Fanatic colour comparison chart (2024)
Army Painter,GameMaster,Copper Coin,AP-GM-COPPER-COIN,#784A34,chart_swatch,metallic,chart partner,,gamemaster-to-fanatic.csv,695.5,308.4,Army Painter GameMaster to Warpaints Fanatic colour comparison chart (2024)
Army Painter,GameMaster,Dark Tone,AP-GM-DARK-TONE,#252626,chart_swatch,wash,chart partner,,gamemaster-to-fanatic.csv,734.1,308.4,Army Painter GameMaster to Warpaints Fanatic colour comparison chart (2024)
Army Painter,GameMaster,True Rust,AP-GM-TRUE-RUST,#D55228,chart_swatch,effect,chart partner,,gamemaster-to-fanatic.csv,772.8,308.4,Army Painter GameMaster to Warpaints Fanatic colour comparison chart (2024)
Army Painter,GameMaster,Dryad Green,AP-GM-DRYAD-GREEN,#72C447,chart_swatch,acrylic,chart partner,,gamemaster-to-fanatic.csv,270.0,482.5,Army Painter GameMaster to Warpaints Fanatic colour comparison chart (2024)
Army Painter,GameMaster,Polymorph Green,AP-GM-POLYMORPH-GREEN,#1A3840,chart_swatch,acrylic,chart partner,,gamemaster-to-fanatic.csv,308.6,482.5,Army Painter GameMaster to Warpaints Fanatic colour comparison chart (2024)
Army Painter,GameMaster,Poisoned Leaf,AP-GM-POISONED-LEAF,#407E6E,chart_swatch,acrylic,chart partner,,gamemaster-to-fanatic.csv,347.3,482.5,Army Painter GameMaster to Warpaints Fanatic colour comparison chart (2024)
Army Painter,GameMaster,Fire Dragon,AP-GM-FIRE-DRAGON,#CF3036,chart_swatch,acrylic,chart partner,,gamemaster-to-fanatic.csv,424.7,482.5,Army Painter GameMaster to Warpaints Fanatic colour comparison chart (2024)
Army Painter,GameMaster,Hobgoblin Yellow,AP-GM-HOBGOBLIN-YELLOW,#FFEDB1,chart_swatch,acrylic,chart partner,,gamemaster-to-fanatic.csv,502.0,482.5,Army Painter GameMaster to Warpaints Fanatic colour comparison chart (2024)
Army Painter,GameMaster,Carnelian Skin,AP-GM-CARNELIAN-SKIN,#5B3B44,chart_swatch,acrylic,chart partner,,gamemaster-to-fanatic.csv,579.4,482.5,Army Painter GameMaster to Warpaints Fanatic colour comparison chart (2024)
Army Painter,GameMaster,Topaz Skin,AP-GM-TOPAZ-SKIN,#BE5751,chart_swatch,acrylic,chart partner,,gamemaster-to-fanatic.csv,618.1,482.5,Army Painter GameMaster to Warpaints Fanatic colour comparison chart (2024)
Army Painter,GameMaster,Rust Tone,AP-GM-RUST-TONE,#5D371A,chart_swatch,wash,chart partner,,gamemaster-to-fanatic.csv,734.1,482.5,Army Painter GameMaster to Warpaints Fanatic colour comparison chart (2024)
Army Painter,BattleTech,Bounty Hunter Green,AP-BT-BOUNTY-HUNTER-GREEN,#5FBF49,chart_swatch,acrylic,chart partner,,licensed-to-fanatic.csv,740.7,189.3,Army Painter licensed colour comparison chart (2026)
Army Painter,HeroScape,Matt Black,AP-HS-MATT-BLACK,#050504,chart_swatch,acrylic,chart partner,,licensed-to-fanatic.csv,319.7,189.1,Army Painter licensed colour comparison chart (2026)
Army Painter,HeroScape,Gun Metal,AP-HS-GUN-METAL,#53565B,chart_swatch,metallic,chart partner,,licensed-to-fanatic.csv,460.0,189.1,Army Painter licensed colour comparison chart (2026)
Army Painter,BattleTech,Revenant Bone,AP-BT-REVENANT-BONE,#EAD9C3,chart_swatch,acrylic,chart partner,,licensed-to-fanatic.csv,600.4,189.3,Army Painter licensed colour comparison chart (2026)
Army Painter,Infinity,Matt Black,AP-INF-MATT-BLACK,#050504,chart_swatch,acrylic,chart partner,,licensed-to-fanatic.csv,39.1,189.5,Army Painter licensed colour comparison chart (2026)
Army Painter,Infinity,Gecko Armour,AP-INF-GECKO-ARMOUR,#CF2C2E,chart_swatch,acrylic,chart partner,,licensed-to-fanatic.csv,179.4,189.5,Army Painter licensed colour comparison chart (2026)
Army Painter,HeroScape,Burrowbreaker Blue Metal,AP-HS-BURROWBREAKER-BLUE-METAL,#22393C,chart_swatch,metallic,chart partner,,licensed-to-fanatic.csv,460.0,228.0,Army Painter licensed colour comparison chart (2026)
Army Painter,HeroScape,Vydar Gray,AP-HS-VYDAR-GRAY,#495164,chart_swatch,acrylic,chart partner,,licensed-to-fanatic.csv,319.7,227.7,Army Painter licensed colour comparison chart (2026)
Army Painter,BattleTech,Parade Chrome,AP-BT-PARADE-CHROME,#2C2E35,chart_swatch,metallic,chart partner,,licensed-to-fanatic.csv,600.4,227.9,Army Painter licensed colour comparison chart (2026)
Army Painter,BattleTech,Wolf Gray,AP-BT-WOLF-GRAY,#B2BFC6,chart_swatch,acrylic,chart partner,,licensed-to-fanatic.csv,740.7,227.9,Army Painter licensed colour comparison chart (2026)
Army Painter,Infinity,Matt White,AP-INF-MATT-WHITE,#FFFFFF,chart_swatch,acrylic,chart partner,,licensed-to-fanatic.csv,39.1,228.2,Army Painter licensed colour comparison chart (2026)
Army Painter,Infinity,Svartfang Skin,AP-INF-SVARTFANG-SKIN,#5B3B44,chart_swatch,acrylic,chart partner,,licensed-to-fanatic.csv,179.4,228.2,Army Painter licensed colour comparison chart (2026)
Army Painter,BattleTech,Rolling Thunder Tan,AP-BT-ROLLING-THUNDER-TAN,#B8968B,chart_swatch,acrylic,chart partner,,licensed-to-fanatic.csv,600.4,266.6,Army Painter licensed colour comparison chart (2026)
Army Painter,HeroScape,Noxdorman Grime,AP-HS-NOXDORMAN-GRIME,#272727,chart_swatch,acrylic,chart partner,,licensed-to-fanatic.csv,460.0,266.5,Army Painter licensed colour comparison chart (2026)
Army Painter,HeroScape,Jandar Blue,AP-HS-JANDAR-BLUE,#1177C1,chart_swatch,acrylic,chart partner,,licensed-to-fanatic.csv,319.7,266.4,Army Painter licensed colour comparison chart (2026)
Army Painter,BattleTech,Widow Black,AP-BT-WIDOW-BLACK,#272728,chart_swatch,acrylic,chart partner,,licensed-to-fanatic.csv,740.7,266.6,Army Painter licensed colour comparison chart (2026)
Army Painter,Infinity,Norstralia Green,AP-INF-NORSTRALIA-GREEN,#1A3840,chart_swatch,acrylic,chart partner,,licensed-to-fanatic.csv,39.1,266.9,Army Painter licensed colour comparison chart (2026)
Army Painter,Infinity,Synthetic Skin,AP-INF-SYNTHETIC-SKIN,#EEB8B6,chart_swatch,acrylic,chart partner,,licensed-to-fanatic.csv,179.4,266.9,Army Painter licensed colour comparison chart (2026)
Army Painter,HeroScape,Deep Water Blue,AP-HS-DEEP-WATER-BLUE,#1A3040,chart_swatch,acrylic,chart partner,,licensed-to-fanatic.csv,319.7,305.1,Army Painter licensed colour comparison chart (2026)
Army Painter,HeroScape,Tan Dwarf,AP-HS-TAN-DWARF,#FF9980,chart_swatch,acrylic,chart partner,,licensed-to-fanatic.csv,460.0,305.1,Army Painter licensed colour comparison chart (2026)
Army Painter,BattleTech,Fire Horse Orange,AP-BT-FIRE-HORSE-ORANGE,#FF6139,chart_swatch,acrylic,chart partner,,licensed-to-fanatic.csv,600.4,305.3,Army Painter licensed colour comparison chart (2026)
Army Painter,BattleTech,Periphery Brown,AP-BT-PERIPHERY-BROWN,#A84829,chart_swatch,acrylic,chart partner,,licensed-to-fanatic.csv,740.7,305.3,Army Painter licensed colour comparison chart (2026)
Army Painter,Infinity,Spec-Ops Brown,AP-INF-SPEC-OPS-BROWN,#422B2D,chart_swatch,acrylic,chart partner,,licensed-to-fanatic.csv,39.1,305.6,Army Painter licensed colour comparison chart (2026)
Army Painter,Infinity,Bakunin Neon,AP-INF-BAKUNIN-NEON,#CC2114,chart_swatch,acrylic,name guess,,licensed-to-fanatic.csv,179.4,305.6,Army Painter licensed colour comparison chart (2026)
Army Painter,HeroScape,Sundered Sea Green,AP-HS-SUNDERED-SEA-GREEN,#72C447,chart_swatch,acrylic,chart partner,,licensed-to-fanatic.csv,319.7,343.8,Army Painter licensed colour comparison chart (2026)
Army Painter,HeroScape,Bat Wing,AP-HS-BAT-WING,#5B3B44,chart_swatch,acrylic,chart partner,,licensed-to-fanatic.csv,460.0,343.8,Army Painter licensed colour comparison chart (2026)
Army Painter,BattleTech,Donegal Blue,AP-BT-DONEGAL-BLUE,#6B9DBA,chart_swatch,acrylic,chart partner,,licensed-to-fanatic.csv,600.4,344.0,Army Painter licensed colour comparison chart (2026)
Army Painter,BattleTech,Ryuken Gray,AP-BT-RYUKEN-GRAY,#2C3F5A,chart_swatch,acrylic,chart partner,,licensed-to-fanatic.csv,740.7,344.0,Army Painter licensed colour comparison chart (2026)
Army Painter,Infinity,Outremer Tan,AP-INF-OUTREMER-TAN,#9B786D,chart_swatch,acrylic,chart partner,,licensed-to-fanatic.csv,39.1,344.2,Army Painter licensed colour comparison chart (2026)
Army Painter,Infinity,Starmada Navy,AP-INF-STARMADA-NAVY,#152C51,chart_swatch,acrylic,chart partner,,licensed-to-fanatic.csv,179.4,344.2,Army Painter licensed colour comparison chart (2026)
Army Painter,HeroScape,Brigandine Brown,AP-HS-BRIGANDINE-BROWN,#241E1F,chart_swatch,acrylic,chart partner,,licensed-to-fanatic.csv,319.7,382.5,Army Painter licensed colour comparison chart (2026)
Army Painter,HeroScape,Dryan Bark,AP-HS-DRYAN-BARK,#4A312D,chart_swatch,acrylic,chart partner,,licensed-to-fanatic.csv,460.0,382.5,Army Painter licensed colour comparison chart (2026)
Army Painter,BattleTech,Avalon Gray,AP-BT-AVALON-GRAY,#D7D7DA,chart_swatch,acrylic,chart partner,,licensed-to-fanatic.csv,600.4,382.7,Army Painter licensed colour comparison chart (2026)
Army Painter,BattleTech,War Grime,AP-BT-WAR-GRIME,#716D3D,chart_swatch,acrylic,chart partner,,licensed-to-fanatic.csv,740.7,382.7,Army Painter licensed colour comparison chart (2026)
Army Painter,Infinity,Neutral Flesh,AP-INF-NEUTRAL-FLESH,#FF9980,chart_swatch,acrylic,chart partner,,licensed-to-fanatic.csv,39.1,382.9,Army Painter licensed colour comparison chart (2026)
Army Painter,Infinity,Starboard Blue,AP-INF-STARBOARD-BLUE,#84D8F5,chart_swatch,acrylic,chart partner,,licensed-to-fanatic.csv,179.4,382.9,Army Painter licensed colour comparison chart (2026)
Army Painter,Infinity,Varuna Tanned Skin,AP-INF-VARUNA-TANNED-SKIN,#BE5751,chart_swatch,acrylic,chart partner,,licensed-to-fanatic.csv,39.1,421.6,Army Painter licensed colour comparison chart (2026)
Army Painter,HeroScape,Leather Brown,AP-HS-LEATHER-BROWN,#623D34,chart_swatch,acrylic,chart partner,,licensed-to-fanatic.csv,319.7,421.1,Army Painter licensed colour comparison chart (2026)
Army Painter,HeroScape,Tunnel Hide,AP-HS-TUNNEL-HIDE,#E2867D,chart_swatch,acrylic,chart partner,,licensed-to-fanatic.csv,460.0,421.1,Army Painter licensed colour comparison chart (2026)
Army Painter,BattleTech,Gray Death,AP-BT-GRAY-DEATH,#898E93,chart_swatch,acrylic,chart partner,,licensed-to-fanatic.csv,600.4,421.4,Army Painter licensed colour comparison chart (2026)
Army Painter,BattleTech,Arkab Tan,AP-BT-ARKAB-TAN,#B89374,chart_swatch,speedpaint,chart partner,,licensed-to-fanatic.csv,740.7,421.4,Army Painter licensed colour comparison chart (2026)
Army Painter,Infinity,Aquamarine Seas,AP-INF-AQUAMARINE-SEAS,#3DBDBE,chart_swatch,acrylic,chart partner,,licensed-to-fanatic.csv,179.4,421.6,Army Painter licensed colour comparison chart (2026)
Army Painter,HeroScape,Revna Ochre,AP-HS-REVNA-OCHRE,#676240,chart_swatch,acrylic,chart partner,,licensed-to-fanatic.csv,319.7,459.8,Army Painter licensed colour comparison chart (2026)
Army Painter,HeroScape,Weathered Sail,AP-HS-WEATHERED-SAIL,#CBC5B7,chart_swatch,acrylic,chart partner,,licensed-to-fanatic.csv,460.0,459.8,Army Painter licensed colour comparison chart (2026)
Army Painter,BattleTech,Death Commando,AP-BT-DEATH-COMMANDO,#495164,chart_swatch,acrylic,chart partner,,licensed-to-fanatic.csv,600.4,460.0,Army Painter licensed colour comparison chart (2026)
Army Painter,Infinity,Pano Blue,AP-INF-PANO-BLUE,#00B0C2,chart_swatch,acrylic,name guess,,licensed-to-fanatic.csv,39.1,460.3,Army Painter licensed colour comparison chart (2026)
Army Painter,Infinity,Hyperdrive Fluid,AP-INF-HYPERDRIVE-FLUID,#F39C38,chart_swatch,acrylic,chart partner,,licensed-to-fanatic.csv,179.4,460.3,Army Painter licensed colour comparison chart (2026)
Army Painter,HeroScape,Ancient Stone,AP-HS-ANCIENT-STONE,#D7C7A8,chart_swatch,acrylic,chart partner,,licensed-to-fanatic.csv,319.7,498.5,Army Painter licensed colour comparison chart (2026)
Army Painter,HeroScape,Sgt. Drake Drab,AP-HS-SGT-DRAKE-DRAB,#77945F,chart_swatch,acrylic,chart partner,,licensed-to-fanatic.csv,460.0,498.5,Army Painter licensed colour comparison chart (2026)
Army Painter,BattleTech,Ricol Red,AP-BT-RICOL-RED,#E22614,chart_swatch,acrylic,chart partner,,licensed-to-fanatic.csv,600.4,498.7,Army Painter licensed colour comparison chart (2026)
Army Painter,Infinity,Tokai Grey,AP-INF-TOKAI-GREY,#898E93,chart_swatch,acrylic,chart partner,,licensed-to-fanatic.csv,39.1,499.0,Army Painter licensed colour comparison chart (2026)
Army Painter,Infinity,Goldspark,AP-INF-GOLDSPARK,#FFE28A,chart_swatch,acrylic,chart partner,,licensed-to-fanatic.csv,179.4,499.0,Army Painter licensed colour comparison chart (2026)
Army Painter,HeroScape,Golden Aquilla Yellow,AP-HS-GOLDEN-AQUILLA-YELLOW,#F39C38,chart_swatch,acrylic,chart partner,,licensed-to-fanatic.csv,319.7,537.2,Army Painter licensed colour comparison chart (2026)
Army Painter,HeroScape,Molten Crustacean,AP-HS-MOLTEN-CRUSTACEAN,#FF9945,chart_swatch,acrylic,chart partner,,licensed-to-fanatic.csv,460.0,537.2,Army Painter licensed colour comparison chart (2026)
Army Painter,BattleTech,Muster Yellow,AP-BT-MUSTER-YELLOW,#FFC964,chart_swatch,acrylic,chart partner,,licensed-to-fanatic.csv,600.4,537.4,Army Painter licensed colour comparison chart (2026)
Army Painter,Infinity,Kuraimori Fog,AP-INF-KURAIMORI-FOG,#36645F,chart_swatch,acrylic,chart partner,,licensed-to-fanatic.csv,39.1,537.7,Army Painter licensed colour comparison chart (2026)
Army Painter,Infinity,Afterburner Brown,AP-INF-AFTERBURNER-BROWN,#4A312D,chart_swatch,acrylic,chart partner,,licensed-to-fanatic.csv,179.5,537.7,Army Painter licensed colour comparison chart (2026)
Army Painter,HeroScape,Hive Bone,AP-HS-HIVE-BONE,#FFEDB1,chart_swatch,acrylic,chart partner,,licensed-to-fanatic.csv,319.7,575.9,Army Painter licensed colour comparison chart (2026)
Army Painter,HeroScape,Tainted Gold,AP-HS-TAINTED-GOLD,#49462A,chart_swatch,metallic,chart partner,,licensed-to-fanatic.csv,460.0,575.9,Army Painter licensed colour comparison chart (2026)
Army Painter,BattleTech,St. Ives Green,AP-BT-ST-IVES-GREEN,#5A7750,chart_swatch,acrylic,chart partner,,licensed-to-fanatic.csv,600.4,576.1,Army Painter licensed colour comparison chart (2026)
Army Painter,Infinity,Shuto Skin,AP-INF-SHUTO-SKIN,#D07974,chart_swatch,acrylic,chart partner,,licensed-to-fanatic.csv,39.1,576.3,Army Painter licensed colour comparison chart (2026)
Army Painter,Infinity,Synth Leather,AP-INF-SYNTH-LEATHER,#E2867D,chart_swatch,acrylic,chart partner,,licensed-to-fanatic.csv,179.4,576.3,Army Painter licensed colour comparison chart (2026)
Army Painter,HeroScape,Raelin's Manticore,AP-HS-RAELINS-MANTICORE,#FF602A,chart_swatch,acrylic,chart partner,,licensed-to-fanatic.csv,319.7,614.6,Army Painter licensed colour comparison chart (2026)
Army Painter,HeroScape,Plate Mail Metal,AP-HS-PLATE-MAIL-METAL,#64666B,chart_swatch,metallic,chart partner,,licensed-to-fanatic.csv,460.0,614.6,Army Painter licensed colour comparison chart (2026)
Army Painter,BattleTech,Combat Wash,AP-BT-COMBAT-WASH,#272727,chart_swatch,wash,chart partner,,licensed-to-fanatic.csv,600.4,614.8,Army Painter licensed colour comparison chart (2026)
Army Painter,Infinity,Kaseitoshi Skin,AP-INF-KASEITOSHI-SKIN,#FFB8A0,chart_swatch,acrylic,chart partner,,licensed-to-fanatic.csv,39.1,615.0,Army Painter licensed colour comparison chart (2026)
Army Painter,Infinity,Aegis Blue,AP-INF-AEGIS-BLUE,#2A4571,chart_swatch,acrylic,name guess,,licensed-to-fanatic.csv,179.4,615.0,Army Painter licensed colour comparison chart (2026)
Army Painter,BattleTech,Factory Primer Gray,AP-BT-FACTORY-PRIMER-GRAY,#8C9395,chart_swatch,primer,chart partner,,licensed-to-fanatic.csv,600.4,653.4,Army Painter licensed colour comparison chart (2026)
Army Painter,HeroScape,Crimson Red,AP-HS-CRIMSON-RED,#CF3036,chart_swatch,acrylic,chart partner,,licensed-to-fanatic.csv,319.7,653.2,Army Painter licensed colour comparison chart (2026)
Army Painter,HeroScape,Einar Purple,AP-HS-EINAR-PURPLE,#5B3C9F,chart_swatch,acrylic,chart partner,,licensed-to-fanatic.csv,460.0,653.2,Army Painter licensed colour comparison chart (2026)
Army Painter,Infinity,Zensho Skin,AP-INF-ZENSHO-SKIN,#FFD4C8,chart_swatch,acrylic,chart partner,,licensed-to-fanatic.csv,39.1,653.7,Army Painter licensed colour comparison chart (2026)
Army Painter,Infinity,Multitask Grey,AP-INF-MULTITASK-GREY,#CBC5B7,chart_swatch,acrylic,chart partner,,licensed-to-fanatic.csv,179.4,653.7,Army Painter licensed colour comparison chart (2026)
Army Painter,HeroScape,Admiral Purple,AP-HS-ADMIRAL-PURPLE,#4850A9,chart_swatch,acrylic,chart partner,,licensed-to-fanatic.csv,319.7,691.9,Army Painter licensed colour comparison chart (2026)
Army Painter,HeroScape,Arboreas Berry,AP-HS-ARBOREAS-BERRY,#5D3146,chart_swatch,acrylic,chart partner,,licensed-to-fanatic.csv,460.0,691.9,Army Painter licensed colour comparison chart (2026)
Army Painter,Infinity,Oni Red,AP-INF-ONI-RED,#6D2438,chart_swatch,acrylic,chart partner,,licensed-to-fanatic.csv,39.1,692.4,Army Painter licensed colour comparison chart (2026)
Army Painter,Infinity,Alien Azure,AP-INF-ALIEN-AZURE,#0C6D7B,chart_swatch,acrylic,chart partner,,licensed-to-fanatic.csv,179.4,692.4,Army Painter licensed colour comparison chart (2026)
Army Painter,Infinity,Rising Red,AP-INF-RISING-RED,#E22614,chart_swatch,acrylic,chart partner,,licensed-to-fanatic.csv,39.1,731.1,Army Painter licensed colour comparison chart (2026)
Army Painter,Infinity,Combined Red,AP-INF-COMBINED-RED,#E83532,chart_swatch,acrylic,chart partner,,licensed-to-fanatic.csv,179.4,731.1,Army Painter licensed colour comparison chart (2026)
Army Painter,Infinity,Kyojin Grey,AP-INF-KYOJIN-GREY,#83B0AE,chart_swatch,acrylic,name guess,,licensed-to-fanatic.csv,39.1,769.8,Army Painter licensed colour comparison chart (2026)
Army Painter,Infinity,Rotten Rot,AP-INF-ROTTEN-ROT,#FF8E82,chart_swatch,acrylic,chart partner,,licensed-to-fanatic.csv,179.4,769.8,Army Painter licensed colour comparison chart (2026)
Army Painter,Infinity,State Grey,AP-INF-STATE-GREY,#69737F,chart_swatch,acrylic,chart partner,,licensed-to-fanatic.csv,39.1,808.4,Army Painter licensed colour comparison chart (2026)
Army Painter,Infinity,Xenofucsia,AP-INF-XENOFUCSIA,#DB2C92,chart_swatch,acrylic,chart partner,,licensed-to-fanatic.csv,179.4,808.4,Army Painter licensed colour comparison chart (2026)
Army Painter,Infinity,Acon Green,AP-INF-ACON-GREEN,#135F52,chart_swatch,acrylic,chart partner,,licensed-to-fanatic.csv,39.1,847.1,Army Painter licensed colour comparison chart (2026)
Army Painter,Infinity,Mercurian Skin,AP-INF-MERCURIAN-SKIN,#443D42,chart_swatch,acrylic,chart partner,,licensed-to-fanatic.csv,179.4,847.1,Army Painter licensed colour comparison chart (2026)
Army Painter,Infinity,Invincible Orange,AP-INF-INVINCIBLE-ORANGE,#FF7923,chart_swatch,acrylic,chart partner,,licensed-to-fanatic.csv,39.1,885.8,Army Painter licensed colour comparison chart (2026)
Army Painter,Infinity,Hegemonic Grey,AP-INF-HEGEMONIC-GREY,#7E858B,chart_swatch,acrylic,name guess,,licensed-to-fanatic.csv,179.4,885.8,Army Painter licensed colour comparison chart (2026)
Army Painter,Arcworld,Bandit Black,AP-ARC-BANDIT-BLACK,#050504,chart_swatch,acrylic,chart partner,,licensed-to-fanatic.csv,600.4,924.4,Army Painter licensed colour comparison chart (2026)
Army Painter,Halo Flashpoint,Banished Black,AP-HALO-BANISHED-BLACK,#050504,chart_swatch,acrylic,chart partner,,licensed-to-fanatic.csv,319.7,924.3,Army Painter licensed colour comparison chart (2026)
Army Painter,Halo Flashpoint,The Flood,AP-HALO-THE-FLOOD,#262727,chart_swatch,acrylic,chart partner,,licensed-to-fanatic.csv,460.0,924.3,Army Painter licensed colour comparison chart (2026)
Army Painter,Infinity,Yutang Sunset,AP-INF-YUTANG-SUNSET,#FF883D,chart_swatch,acrylic,chart partner,,licensed-to-fanatic.csv,39.1,924.5,Army Painter licensed colour comparison chart (2026)
Army Painter,Infinity,Quantronic Glow,AP-INF-QUANTRONIC-GLOW,#9AD485,chart_swatch,effect,chart partner,,licensed-to-fanatic.csv,179.4,924.5,Army Painter licensed colour comparison chart (2026)
Army Painter,Arcworld,Trollhide,AP-ARC-TROLLHIDE,#9C574F,chart_swatch,acrylic,chart partner,,licensed-to-fanatic.csv,740.7,924.7,Army Painter licensed colour comparison chart (2026)
Army Painter,Halo Flashpoint,UNSC Visor Gold,AP-HALO-UNSC-VISOR-GOLD,#885917,chart_swatch,metallic,chart partner,,licensed-to-fanatic.csv,460.0,963.0,Army Painter licensed colour comparison chart (2026)
Army Painter,Arcworld,Wizard's Beard,AP-ARC-WIZARDS-BEARD,#FFFFFF,chart_swatch,acrylic,chart partner,,licensed-to-fanatic.csv,600.4,963.0,Army Painter licensed colour comparison chart (2026)
Army Painter,Arcworld,Imperial Crimson,AP-ARC-IMPERIAL-CRIMSON,#CF2C2E,chart_swatch,acrylic,chart partner,,licensed-to-fanatic.csv,740.7,963.0,Army Painter licensed colour comparison chart (2026)
Army Painter,Halo Flashpoint,Forerunner White,AP-HALO-FORERUNNER-WHITE,#FFFFFF,chart_swatch,acrylic,chart partner,,licensed-to-fanatic.csv,319.7,963.0,Army Painter licensed colour comparison chart (2026)
Army Painter,Infinity,Chung Kuo Skin,AP-INF-CHUNG-KUO-SKIN,#FFA472,chart_swatch,acrylic,name guess,,licensed-to-fanatic.csv,39.1,963.2,Army Painter licensed colour comparison chart (2026)
Army Painter,Infinity,Glory Glow,AP-INF-GLORY-GLOW,#FF79B3,chart_swatch,effect,chart partner,,licensed-to-fanatic.csv,179.4,963.2,Army Painter licensed colour comparison chart (2026)
Army Painter,Halo Flashpoint,Red Team Red,AP-HALO-RED-TEAM-RED,#E22614,chart_swatch,acrylic,chart partner,,licensed-to-fanatic.csv,319.7,1001.7,Army Painter licensed colour comparison chart (2026)
Army Painter,Arcworld,Wild Elven Woad,AP-ARC-WILD-ELVEN-WOAD,#1E3C78,chart_swatch,acrylic,chart partner,,licensed-to-fanatic.csv,600.4,1001.7,Army Painter licensed colour comparison chart (2026)
Army Painter,Arcworld,Ancient Bone,AP-ARC-ANCIENT-BONE,#C8A384,chart_swatch,acrylic,chart partner,,licensed-to-fanatic.csv,740.7,1001.7,Army Painter licensed colour comparison chart (2026)
Army Painter,Infinity,Frontline Drab,AP-INF-FRONTLINE-DRAB,#544430,chart_swatch,acrylic,name guess,,licensed-to-fanatic.csv,39.1,1001.9,Army Painter licensed colour comparison chart (2026)
Army Painter,Halo Flashpoint,UNSC Techsuit Grey,AP-HALO-UNSC-TECHSUIT-GREY,#2E3441,chart_swatch,acrylic,name guess,,licensed-to-fanatic.csv,319.7,1040.4,Army Painter licensed colour comparison chart (2026)
Army Painter,Arcworld,Arcanite Glow,AP-ARC-ARCANITE-GLOW,#65CEB8,chart_swatch,acrylic,chart partner,,licensed-to-fanatic.csv,600.4,1040.4,Army Painter licensed colour comparison chart (2026)
Army Painter,Arcworld,Tinkerer's Bronze,AP-ARC-TINKERERS-BRONZE,#75462C,chart_swatch,metallic,chart partner,,licensed-to-fanatic.csv,740.7,1040.4,Army Painter licensed colour comparison chart (2026)
Army Painter,Infinity,Meteor Head Grey,AP-INF-METEOR-HEAD-GREY,#495164,chart_swatch,acrylic,chart partner,,licensed-to-fanatic.csv,39.1,1040.5,Army Painter licensed colour comparison chart (2026)
Army Painter,Infinity,Hyperpower Blue,AP-INF-HYPERPOWER-BLUE,#008AC1,chart_swatch,acrylic,chart partner,,licensed-to-fanatic.csv,179.4,1040.5,Army Painter licensed colour comparison chart (2026)
Army Painter,Halo Flashpoint,Blue Team Blue,AP-HALO-BLUE-TEAM-BLUE,#054393,chart_swatch,acrylic,name guess,,licensed-to-fanatic.csv,319.7,1079.0,Army Painter licensed colour comparison chart (2026)
Army Painter,Arcworld,Mildaark Wood,AP-ARC-MILDAARK-WOOD,#623D34,chart_swatch,acrylic,chart partner,,licensed-to-fanatic.csv,600.4,1079.0,Army Painter licensed colour comparison chart (2026)
Army Painter,Arcworld,Dark Lord Iron,AP-ARC-DARK-LORD-IRON,#54565B,chart_swatch,metallic,chart partner,,licensed-to-fanatic.csv,740.7,1079.0,Army Painter licensed colour comparison chart (2026)
Army Painter,Infinity,Holoscreen Teal,AP-INF-HOLOSCREEN-TEAL,#31B692,chart_swatch,acrylic,chart partner,,licensed-to-fanatic.csv,39.1,1079.2,Army Painter licensed colour comparison chart (2026)
Army Painter,Infinity,Stateempire Pride,AP-INF-STATEEMPIRE-PRIDE,#FF883D,chart_swatch,acrylic,chart partner,,licensed-to-fanatic.csv,179.4,1079.2,Army Painter licensed colour comparison chart (2026)
Army Painter,Halo Flashpoint,UNSC Armor Green,AP-HALO-UNSC-ARMOR-GREEN,#5B6A2E,chart_swatch,acrylic,name guess,,licensed-to-fanatic.csv,319.7,1117.7,Army Painter licensed colour comparison chart (2026)
Army Painter,Arcworld,Dragon's Eye Yellow,AP-ARC-DRAGONS-EYE-YELLOW,#F39C38,chart_swatch,acrylic,chart partner,,licensed-to-fanatic.csv,600.4,1118.4,Army Painter licensed colour comparison chart (2026)
Army Painter,Infinity,Corregidor Red,AP-INF-CORREGIDOR-RED,#FF765F,chart_swatch,acrylic,chart partner,,licensed-to-fanatic.csv,39.1,1117.9,Army Painter licensed colour comparison chart (2026)
Army Painter,Infinity,Sepsitor Red,AP-INF-SEPSITOR-RED,#A91F2A,chart_swatch,acrylic,chart partner,,licensed-to-fanatic.csv,179.4,1117.9,Army Painter licensed colour comparison chart (2026)
Army Painter,Warpaints Air,Cosmic Dust,AP-AIR-COSMIC-DUST,#FFEFAE,chart_partner,airbrush acrylic,chart partner,Warpaints Fanatic/Ice Yellow,,,,"Army Painter Warpaints Fanatic conversion chart (A3, v1.0)"
Army Painter,Warpaints Air,Matt White,AP-AIR-MATT-WHITE,#E2E3E3,chart_partner,airbrush acrylic,chart partner,Warpaints Fanatic/Matt White,,,,"Army Painter Warpaints Fanatic conversion chart (A3, v1.0)"
Army Painter,Warpaints Air,Company Grey,AP-AIR-COMPANY-GREY,#C5C6C9,chart_partner,airbrush acrylic,chart partner,Warpaints Fanatic/Company Grey,,,,"Army Painter Warpaints Fanatic conversion chart (A3, v1.0)"
Army Painter,Warpaints Air,Consul Blue,AP-AIR-CONSUL-BLUE,#8497CA,chart_partner,airbrush acrylic,chart partner,Warpaints Fanatic/Baron Blue,,,,"Army Painter Warpaints Fanatic conversion chart (A3, v1.0)"
Army Painter,Warpaints Air,Gnome Cheecks,AP-AIR-GNOME-CHEECKS,#B99889,chart_partner,airbrush acrylic,chart partner,Warpaints Fanatic/Command Khaki,,,,"Army Painter Warpaints Fanatic conversion chart (A3, v1.0)"
Army Painter,Original Warpaints,Opal Skin,AP-WP-OPAL-SKIN,#FBD5C7,chart_partner,acrylic,chart partner,Warpaints Fanatic/Opal Skin,,,,"Army Painter Warpaints Fanatic conversion chart (A3, v1.0)"
Army Painter,Warpaints Air,Bleached Bone,AP-AIR-BLEACHED-BONE,#E9D9C1,chart_partner,airbrush acrylic,chart partner,Warpaints Fanatic/Bony Spikes,,,,"Army Painter Warpaints Fanatic conversion chart (A3, v1.0)"
Army Painter,Warpaints Air,Moon Dust,AP-AIR-MOON-DUST,#FFE481,chart_partner,airbrush acrylic,chart partner,Warpaints Fanatic/Space Dust,,,,"Army Painter Warpaints Fanatic conversion chart (A3, v1.0)"
Army Painter,Warpaints Air,Necrotic Flesh,AP-AIR-NECROTIC-FLESH,#A1AD83,chart_partner,airbrush acrylic,chart partner,Warpaints Fanatic/Necrotic Flesh,,,,"Army Painter Warpaints Fanatic conversion chart (A3, v1.0)"
Army Painter,Warpaints Air,Viper Brown,AP-AIR-VIPER-BROWN,#9B5B4D,chart_partner,airbrush acrylic,chart partner,Warpaints Fanatic/Ruddy Umber,,,,"Army Painter Warpaints Fanatic conversion chart (A3, v1.0)"
Army Painter,Warpaints Air,Weapon Bronze,AP-AIR-WEAPON-BRONZE,#A06000,chart_partner,airbrush acrylic,chart partner,Warpaints Fanatic/Weapon Bronze,,,,"Army Painter Warpaints Fanatic conversion chart (A3, v1.0)"
Army Painter,Warpaints Air,Matt Black,AP-AIR-MATT-BLACK,#010100,chart_partner,airbrush acrylic,chart partner,Warpaints Fanatic/Matt Black,,,,"Army Painter Warpaints Fanatic conversion chart (A3, v1.0)"
Army Painter,Warpaints Air,Chaotic Red,AP-AIR-CHAOTIC-RED,#644245,chart_partner,airbrush acrylic,chart partner,Warpaints Fanatic/Carnelian Skin,,,,"Army Painter Warpaints Fanatic conversion chart (A3, v1.0)"
Army Painter,Original Warpaints,Obsidian Pigment Toner,AP-WP-OBSIDIAN-PIGMENT-TONER,#1F5E4F,chart_partner,acrylic,chart partner,Warpaints Fanatic/Scarab Green,,,,"Army Painter Warpaints Fanatic conversion chart (A3, v1.0)"
Army Painter,Original Warpaints,Onyx Skin,AP-WP-ONYX-SKIN,#4B4344,chart_partner,acrylic,chart partner,Warpaints Fanatic/Obsidian Skin,,,,"Army Painter Warpaints Fanatic conversion chart (A3, v1.0)"
Army Painter,Warpaints Air,Angel Green,AP-AIR-ANGEL-GREEN,#103C18,chart_partner,airbrush acrylic,chart partner,Warpaints Fanatic/Angel Green,,,,"Army Painter Warpaints Fanatic conversion chart (A3, v1.0)"
Army Painter,Warpaints Air,Undergrowth Green,AP-AIR-UNDERGROWTH-GREEN,#72AF30,chart_partner,airbrush acrylic,chart partner,Warpaints Fanatic/Emerald Forest,,,,"Army Painter Warpaints Fanatic conversion chart (A3, v1.0)"
Army Painter,Warpaints Air,Oak Brown,AP-AIR-OAK-BROWN,#B3B1B1,chart_partner,airbrush acrylic,chart partner,Warpaints Fanatic/Oak Brown,,,,"Army Painter Warpaints Fanatic conversion chart (A3, v1.0)"
Army Painter,Warpaints Air,Rough Iron,AP-AIR-ROUGH-IRON,#2A2217,chart_partner,airbrush acrylic,chart partner,Warpaints Fanatic/Rough Iron,,,,"Army Painter Warpaints Fanatic conversion chart (A3, v1.0)"
Army Painter,Warpaints Air,Crystal Blue,AP-AIR-CRYSTAL-BLUE,#006CB4,chart_partner,airbrush acrylic,chart partner,Warpaints Fanatic/Crystal Blue,,,,"Army Painter Warpaints Fanatic conversion chart (A3, v1.0)"
Army Painter,Original Warpaints,Ruby Skin,AP-WP-RUBY-SKIN,#F8BCA8,chart_partner,acrylic,chart partner,Warpaints Fanatic/Ruby Skin,,,,"Army Painter Warpaints Fanatic conversion chart (A3, v1.0)"
Army Painter,Warpaints Air,Yellow Dune,AP-AIR-YELLOW-DUNE,#A98C4E,chart_partner,airbrush acrylic,chart partner,Warpaints Fanatic/Wasteland Clay,,,,"Army Painter Warpaints Fanatic conversion chart (A3, v1.0)"
Army Painter,Original Warpaints,Dorado Skin,AP-WP-DORADO-SKIN,#BE7772,chart_partner,acrylic,chart partner,Warpaints Fanatic/Jasper Skin,,,,"Army Painter Warpaints Fanatic conversion chart (A3, v1.0)"
Army Painter,Original Warpaints,Amber Skin,AP-WP-AMBER-SKIN,#C7A482,chart_partner,acrylic,chart partner,Warpaints Fanatic/Amber Skin,,,,"Army Painter Warpaints Fanatic conversion chart (A3, v1.0)"
Army Painter,Warpaints Air,Meteor Rock,AP-AIR-METEOR-ROCK,#FFD434,chart_partner,airbrush acrylic,chart partner,Warpaints Fanatic/Warped Yellow,,,,"Army Painter Warpaints Fanatic conversion chart (A3, v1.0)"
Army Painter,Warpaints Air,Canopy Green,AP-AIR-CANOPY-GREEN,#BDD000,chart_partner,airbrush acrylic,chart partner,Warpaints Fanatic/Electric Lime,,,,"Army Painter Warpaints Fanatic conversion chart (A3, v1.0)"
Army Painter,Warpaints Air,Fur Brown,AP-AIR-FUR-BROWN,#7D4742,chart_partner,airbrush acrylic,chart partner,Warpaints Fanatic/Fur Brown,,,,"Army Painter Warpaints Fanatic conversion chart (A3, v1.0)"
Army Painter,Warpaints Air,True Copper,AP-AIR-TRUE-COPPER,#8D5C3A,chart_partner,airbrush acrylic,chart partner,Warpaints Fanatic/True Copper,,,,"Army Painter Warpaints Fanatic conversion chart (A3, v1.0)"
Army Painter,Warpaints Air,Uniform Grey,AP-AIR-UNIFORM-GREY,#727880,chart_partner,airbrush acrylic,chart partner,Warpaints Fanatic/Uniform Grey,,,,"Army Painter Warpaints Fanatic conversion chart (A3, v1.0)"
Army Painter,Warpaints Air,Ultramarine Blue,AP-AIR-ULTRAMARINE-BLUE,#264587,chart_partner,airbrush acrylic,chart partner,Warpaints Fanatic/Ultramarine Blue,,,,"Army Painter Warpaints Fanatic conversion chart (A3, v1.0)"
Army Painter,Warpaints Air,Leather Brown,AP-AIR-LEATHER-BROWN,#694433,chart_partner,airbrush acrylic,chart partner,Warpaints Fanatic/Leather Brown,,,,"Army Painter Warpaints Fanatic conversion chart (A3, v1.0)"
Army Painter,Warpaints Air,Barbarian Flesh,AP-AIR-BARBARIAN-FLESH,#F49A7D,chart_partner,airbrush acrylic,chart partner,Warpaints Fanatic/Barbarian Flesh,,,,"Army Painter Warpaints Fanatic conversion chart (A3, v1.0)"
Army Painter,Warpaints Air,Desert Yellow,AP-AIR-DESERT-YELLOW,#897440,chart_partner,airbrush acrylic,chart partner,Warpaints Fanatic/Desert Yellow,,,,"Army Painter Warpaints Fanatic conversion chart (A3, v1.0)"
Army Painter,Original Warpaints,Topaz Skin,AP-WP-TOPAZ-SKIN,#B5564D,chart_partner,acrylic,chart partner,Warpaints Fanatic/Topaz Skin,,,,"Army Painter Warpaints Fanatic conversion chart (A3, v1.0)"
Army Painter,Warpaints Air,Skeleton Bone,AP-AIR-SKELETON-BONE,#C6BA98,chart_partner,airbrush acrylic,chart partner,Warpaints Fanatic/Skeleton Bone,,,,"Army Painter Warpaints Fanatic conversion chart (A3, v1.0)"
Army Painter,Warpaints Air,Greenskin,AP-AIR-GREENSKIN,#076D2D,chart_partner,airbrush acrylic,chart partner,Warpaints Fanatic/Greenskin,,,,"Army Painter Warpaints Fanatic conversion chart (A3, v1.0)"
Army Painter,Warpaints Air,Daemonic Yellow,AP-AIR-DAEMONIC-YELLOW,#FECB00,chart_partner,airbrush acrylic,chart partner,Warpaints Fanatic/Daemonic Yellow,,,,"Army Painter Warpaints Fanatic conversion chart (A3, v1.0)"
Army Painter,Warpaints Air,Jungle Green,AP-AIR-JUNGLE-GREEN,#8BBD0E,chart_partner,airbrush acrylic,chart partner,Warpaints Fanatic/Rainforest,,,,"Army Painter Warpaints Fanatic conversion chart (A3, v1.0)"
Army Painter,Warpaints Air,Lava Orange,AP-AIR-LAVA-ORANGE,#F07500,chart_partner,airbrush acrylic,chart partner,Warpaints Fanatic/Lava Orange,,,,"Army Painter Warpaints Fanatic conversion chart (A3, v1.0)"
Army Painter,Warpaints Air,Evil Chrome,AP-AIR-EVIL-CHROME,#82583E,chart_partner,airbrush acrylic,chart partner,Warpaints Fanatic/Evil Chrome,,,,"Army Painter Warpaints Fanatic conversion chart (A3, v1.0)"
Army Painter,Warpaints Air,Hydra Turquoise,AP-AIR-HYDRA-TURQUOISE,#008F95,chart_partner,airbrush acrylic,chart partner,Warpaints Fanatic/Hydra Turquoise,,,,"Army Painter Warpaints Fanatic conversion chart (A3, v1.0)"
Army Painter,Warpaints Air,Barren Yellow,AP-AIR-BARREN-YELLOW,#6F683E,chart_partner,airbrush acrylic,chart partner,Warpaints Fanatic/Prairie Ochre,,,,"Army Painter Warpaints Fanatic conversion chart (A3, v1.0)"
Army Painter,Original Warpaints,Tiger's Eye Skin,AP-WP-TIGERS-EYE-SKIN,#944E4E,chart_partner,acrylic,chart partner,Warpaints Fanatic/Tiger's Eye Skin,,,,"Army Painter Warpaints Fanatic conversion chart (A3, v1.0)"
Army Painter,Warpaints Air,Husk Brown,AP-AIR-HUSK-BROWN,#944E4E,chart_partner,airbrush acrylic,chart partner,Warpaints Fanatic/Tiger's Eye Skin,,,,"Army Painter Warpaints Fanatic conversion chart (A3, v1.0)"
Army Painter,Warpaints Air,Army Green,AP-AIR-ARMY-GREEN,#767B72,chart_partner,airbrush acrylic,chart partner,Warpaints Fanatic/Army Green,,,,"Army Painter Warpaints Fanatic conversion chart (A3, v1.0)"
Army Painter,Warpaints Air,Wyrmling Red,AP-AIR-WYRMLING-RED,#E55D5A,chart_partner,airbrush acrylic,chart partner,Warpaints Fanatic/Raging Rose,,,,"Army Painter Warpaints Fanatic conversion chart (A3, v1.0)"
Army Painter,Original Warpaints,Gemstone,AP-WP-GEMSTONE,#6D1619,chart_partner,acrylic,chart partner,Warpaints Fanatic/Gemstone Red,,,,"Army Painter Warpaints Fanatic conversion chart (A3, v1.0)"
Army Painter,Warpaints Air,Shining Silver,AP-AIR-SHINING-SILVER,#939595,chart_partner,airbrush acrylic,chart partner,Warpaints Fanatic/Shining Silver,,,,"Army Painter Warpaints Fanatic conversion chart (A3, v1.0)"
Army Painter,Warpaints Air,Coven Purple,AP-AIR-COVEN-PURPLE,#E6B3C8,chart_partner,airbrush acrylic,chart partner,Warpaints Fanatic/Figgy Pink,,,,"Army Painter Warpaints Fanatic conversion chart (A3, v1.0)"
Army Painter,Original Warpaints,Strong Skin Wash,AP-WP-STRONG-SKIN-WASH,#3A241B,chart_partner,wash,chart partner,Warpaints Fanatic/Strong Skin Shade,,,,"Army Painter Warpaints Fanatic conversion chart (A3, v1.0)"
Army Painter,Warpaints Air,Chimera Red,AP-AIR-CHIMERA-RED,#802E3D,chart_partner,airbrush acrylic,chart partner,Warpaints Fanatic/Basilisk Red,,,,"Army Painter Warpaints Fanatic conversion chart (A3, v1.0)"
Army Painter,Original Warpaints,Tainted Gold,AP-WP-TAINTED-GOLD,#69643F,chart_partner,metallic,chart partner,Warpaints Fanatic/Tainted Gold,,,,"Army Painter Warpaints Fanatic conversion chart (A3, v1.0)"
Army Painter,Warpaints Air,Tainted Gold,AP-AIR-TAINTED-GOLD,#69643F,chart_partner,airbrush acrylic,chart partner,Warpaints Fanatic/Tainted Gold,,,,"Army Painter Warpaints Fanatic conversion chart (A3, v1.0)"
Army Painter,Warpaints Air,Broodmother Purple,AP-AIR-BROODMOTHER-PURPLE,#5F4B96,chart_partner,airbrush acrylic,chart partner,Warpaints Fanatic/Terrestrial Titan,,,,"Army Painter Warpaints Fanatic conversion chart (A3, v1.0)"
Army Painter,Warpaints Air,Pure Red,AP-AIR-PURE-RED,#B90119,chart_partner,airbrush acrylic,chart partner,Warpaints Fanatic/Pure Red,,,,"Army Painter Warpaints Fanatic conversion chart (A3, v1.0)"
Army Painter,Warpaints Air,Plate Mail Metal,AP-AIR-PLATE-MAIL-METAL,#AE8E02,chart_partner,airbrush acrylic,chart partner,Warpaints Fanatic/Plate Mail Metal,,,,"Army Painter Warpaints Fanatic conversion chart (A3, v1.0)"
Army Painter,Original Warpaints,Dark Skin Wash,AP-WP-DARK-SKIN-WASH,#3D2F2C,chart_partner,wash,chart partner,Warpaints Fanatic/Dark Skin Shade,,,,"Army Painter Warpaints Fanatic conversion chart (A3, v1.0)"
Army Painter,Warpaints Air,Dragon Red,AP-AIR-DRAGON-RED,#BE2131,chart_partner,airbrush acrylic,chart partner,Warpaints Fanatic/Dragon Red,,,,"Army Painter Warpaints Fanatic conversion chart (A3, v1.0)"
Army Painter,Warpaints Air,Bright Gold,AP-AIR-BRIGHT-GOLD,#C99A24,chart_partner,airbrush acrylic,chart partner,Warpaints Fanatic/Bright Gold,,,,"Army Painter Warpaints Fanatic conversion chart (A3, v1.0)"
Army Painter,Warpaints Air,Pixie Pink,AP-AIR-PIXIE-PINK,#D96AA5,chart_partner,airbrush acrylic,chart partner,Warpaints Fanatic/Pixie Pink,,,,"Army Painter Warpaints Fanatic conversion chart (A3, v1.0)"
Army Painter,Warpaints Air,Gun Metal,AP-AIR-GUN-METAL,#656867,chart_partner,airbrush acrylic,chart partner,Warpaints Fanatic/Gun Metal,,,,"Army Painter Warpaints Fanatic conversion chart (A3, v1.0)"
Army Painter,Warpaints Air,Rebel Red,AP-AIR-REBEL-RED,#9C2E3D,chart_partner,airbrush acrylic,chart partner,Warpaints Fanatic/Wyvern Fury,,,,"Army Painter Warpaints Fanatic conversion chart (A3, v1.0)"
Army Painter,Warpaints Air,Greedy Gold,AP-AIR-GREEDY-GOLD,#A67910,chart_partner,airbrush acrylic,chart partner,Warpaints Fanatic/Greedy Gold,,,,"Army Painter Warpaints Fanatic conversion chart (A3, v1.0)"
Army Painter,Original Warpaints,Glitter Green,AP-WP-GLITTER-GREEN,#205F31,chart_partner,acrylic,chart partner,Warpaints Fanatic/Glittering Green,,,,"Army Painter Warpaints Fanatic conversion chart (A3, v1.0)"
Army Painter,Warpaints Air,Alien Purple,AP-AIR-ALIEN-PURPLE,#644E97,chart_partner,airbrush acrylic,chart partner,Warpaints Fanatic/Alien Purple,,,,"Army Painter Warpaints Fanatic conversion chart (A3, v1.0)"
Army Painter,Original Warpaints,Evil Chrome,AP-WP-EVIL-CHROME,#8A6349,chart_partner,metallic,name guess,GameMaster/Aging Metal,,,,Army Painter GameMaster to Warpaints colour comparison chart (2023)
