source_brand,source_line,source_name,source_code,target_brand,target_line,target_name,target_code,notes,page
Vallejo,Game Color,Dead White,72.001,Vallejo,Model Color,White,70.951,matched by product code; matched by product code,https://www.mech9.com/p/vallejo-game-color-paint-conversion.html
Vallejo,Game Color,Dead White,72.001,Vallejo,Model Air,White,71.001,matched by product code; matched by product code,https://www.mech9.com/p/vallejo-game-color-paint-conversion.html
Vallejo,Game Color,Dead White,72.001,Warhammer Colour,Layer,White Scar,CT193,"matched by product code; mech9 prints ""White Scar (Layer)""",https://www.mech9.com/p/vallejo-game-color-paint-conversion.html
Vallejo,Game Color,Dead White,72.001,Vallejo,Game Air,Dead White,72.701,matched by product code,https://www.mech9.com/p/vallejo-game-color-paint-conversion.html
Vallejo,Game Color,Dead White,72.001,Vallejo,Mecha Color,Pure White,69.001,matched by product code; matched by product code,https://www.mech9.com/p/vallejo-game-color-paint-conversion.html
Vallejo,Game Color,Dead White,72.001,Tamiya,Lacquer Paint,Flat White,LP4,matched by product code; matched by product code,https://www.mech9.com/p/vallejo-game-color-paint-conversion.html
Vallejo,Game Color,Dead White,72.001,AK Interactive,3GEN Acrylics,White,AK11001,matched by product code; matched by product code,https://www.mech9.com/p/vallejo-game-color-paint-conversion.html
Vallejo,Game Color,Dead White,72.001,Army Painter,Original Warpaints,Matt White,WP1102P,matched by product code,https://www.mech9.com/p/vallejo-game-color-paint-conversion.html
Vallejo,Game Color,Dead White,72.001,Army Painter,Warpaints Fanatic,Matt White,WP3012P,matched by product code,https://www.mech9.com/p/vallejo-game-color-paint-conversion.html
Vallejo,Game Color,Dead White,72.001,Army Painter,Warpaints Air,Matt White,AW1102P,matched by product code,https://www.mech9.com/p/vallejo-game-color-paint-conversion.html
Vallejo,Game Color,Dead White,72.001,Vallejo,Mecha Primer,White,70.640,matched by product code; matched by product code,https://www.mech9.com/p/vallejo-game-color-paint-conversion.html
Vallejo,Game Color,Dead White,72.001,Vallejo,Hobby Paint,White,28.010,matched by product code; matched by product code,https://www.mech9.com/p/vallejo-game-color-paint-conversion.html
Vallejo,Game Color,Dead White,72.001,Vallejo,Game Air,White,70.600,"matched by product code; mech9 prints ""WHITE (PRIMER)""",https://www.mech9.com/p/vallejo-game-color-paint-conversion.html
Vallejo,Game Color,White Primer,72.002,Vallejo,Model Color,Cold White,70.919,matched by product code; matched by product code,https://www.mech9.com/p/vallejo-game-color-paint-conversion.html
Vallejo,Game Color,Pale Flesh,72.003,Vallejo,Game Air,Pale Flesh,72.703,matched by product code,https://www.mech9.com/p/vallejo-game-color-paint-conversion.html
Vallejo,Game Color,Pale Flesh,72.003,Vallejo,Hobby Paint,Pale Flesh,28.024,matched by product code; matched by product code,https://www.mech9.com/p/vallejo-game-color-paint-conversion.html
Vallejo,Game Color,Elf Skin Tone,72.004,Vallejo,Model Color,Beige Red,70.804,matched by product code; matched by product code,https://www.mech9.com/p/vallejo-game-color-paint-conversion.html
Vallejo,Game Color,Elf Skin Tone,72.004,Warhammer Colour,Layer,Kislev Flesh,CT95,"matched by product code; mech9 prints ""Kislev Flesh (Layer)""",https://www.mech9.com/p/vallejo-game-color-paint-conversion.html
Vallejo,Game Color,Elf Skin Tone,72.004,Vallejo,Game Air,Elf Skintone,72.704,matched by product code,https://www.mech9.com/p/vallejo-game-color-paint-conversion.html
Vallejo,Game Color,Elf Skin Tone,72.004,AK Interactive,3GEN Acrylics,Beige Red,AK11064,matched by product code; matched by product code,https://www.mech9.com/p/vallejo-game-color-paint-conversion.html
Vallejo,Game Color,Elf Skin Tone,72.004,Army Painter,Original Warpaints,Barbarian Flesh,WP1126P,matched by product code,https://www.mech9.com/p/vallejo-game-color-paint-conversion.html
Vallejo,Game Color,Elf Skin Tone,72.004,Army Painter,Warpaints Fanatic,Barbarian Flesh,WP3147P,matched by product code,https://www.mech9.com/p/vallejo-game-color-paint-conversion.html
Vallejo,Game Color,Elf Skin Tone,72.004,Army Painter,Warpaints Air,Barbarian Flesh,AW1126P,matched by product code,https://www.mech9.com/p/vallejo-game-color-paint-conversion.html
Vallejo,Game Color,Elf Skin Tone,72.004,Vallejo,Game Air,Bronze Fleshtone/Bronze Brown,72.736,matched by product code,https://www.mech9.com/p/vallejo-game-color-paint-conversion.html
Vallejo,Game Color,Elf Skin Tone,72.004,Vallejo,Game Air,Elf Skin Tone,76.004,matched by product code,https://www.mech9.com/p/vallejo-game-color-paint-conversion.html
Vallejo,Game Color,Elf Skin Tone,72.004,Army Painter,Original Warpaints,Amber Skin,WP8909PF,matched by product code,https://www.mech9.com/p/vallejo-game-color-paint-conversion.html
Vallejo,Game Color,Elf Skin Tone,72.004,Army Painter,Warpaints Fanatic,Amber Skin,WP3160P,matched by product code,https://www.mech9.com/p/vallejo-game-color-paint-conversion.html
Vallejo,Game Color,Elf Skin Tone,72.004,Army Painter,Warpaints Air,Charred Bone,AW3125P,matched by product code,https://www.mech9.com/p/vallejo-game-color-paint-conversion.html
Vallejo,Game Color,Moon Yellow,72.005,Vallejo,Model Color,Light Yellow,70.949,matched by product code; matched by product code,https://www.mech9.com/p/vallejo-game-color-paint-conversion.html
Vallejo,Game Color,Moon Yellow,72.005,Warhammer Colour,Layer,Flash Gitz Yellow,CT67,"matched by product code; mech9 prints ""Flash Gitz Yellow (Layer)""",https://www.mech9.com/p/vallejo-game-color-paint-conversion.html
Vallejo,Game Color,Moon Yellow,72.005,Vallejo,Game Air,Moon Yellow,72.705,matched by product code,https://www.mech9.com/p/vallejo-game-color-paint-conversion.html
Vallejo,Game Color,Moon Yellow,72.005,AK Interactive,3GEN Acrylics,Pale Yellow,AK11038,matched by product code; matched by product code,https://www.mech9.com/p/vallejo-game-color-paint-conversion.html
Vallejo,Game Color,Moon Yellow,72.005,Army Painter,Original Warpaints,Daemonic Yellow,WP1107P,matched by product code,https://www.mech9.com/p/vallejo-game-color-paint-conversion.html
Vallejo,Game Color,Moon Yellow,72.005,Army Painter,Warpaints Fanatic,Daemonic Yellow,WP3093P,matched by product code,https://www.mech9.com/p/vallejo-game-color-paint-conversion.html
Vallejo,Game Color,Moon Yellow,72.005,Army Painter,Warpaints Air,Daemonic Yellow,AW1107P,matched by product code,https://www.mech9.com/p/vallejo-game-color-paint-conversion.html
Vallejo,Game Color,Sun Yellow,72.006,Vallejo,Model Color,Deep Yellow,70.915,matched by product code; matched by product code,https://www.mech9.com/p/vallejo-game-color-paint-conversion.html
Vallejo,Game Color,Sun Yellow,72.006,Vallejo,Model Air,Medium Yellow,71.002,matched by product code; matched by product code,https://www.mech9.com/p/vallejo-game-color-paint-conversion.html
Vallejo,Game Color,Sun Yellow,72.006,Vallejo,Game Air,Sun Yellow,72.706,matched by product code,https://www.mech9.com/p/vallejo-game-color-paint-conversion.html
Vallejo,Game Color,Sun Yellow,72.006,Tamiya,Lacquer Paint,Pure Yellow,LP8,matched by product code; matched by product code,https://www.mech9.com/p/vallejo-game-color-paint-conversion.html
Vallejo,Game Color,Sun Yellow,72.006,Army Painter,Original Warpaints,Daemonic Yellow,WP1107P,matched by product code,https://www.mech9.com/p/vallejo-game-color-paint-conversion.html
Vallejo,Game Color,Sun Yellow,72.006,Vallejo,Hobby Paint,Sun Yellow,28.018,matched by product code; matched by product code,https://www.mech9.com/p/vallejo-game-color-paint-conversion.html
Vallejo,Game Color,Sun Yellow,72.006,Army Painter,Warpaints Fanatic,Daemonic Yellow,WP3093P,matched by product code,https://www.mech9.com/p/vallejo-game-color-paint-conversion.html
Vallejo,Game Color,Sun Yellow,72.006,Army Painter,Warpaints Air,Daemonic Yellow,AW1107P,matched by product code,https://www.mech9.com/p/vallejo-game-color-paint-conversion.html
Vallejo,Game Color,Sun Yellow,72.006,Vallejo,Primers,Sun Yellow,70.629,matched by product code; matched by product code,https://www.mech9.com/p/vallejo-game-color-paint-conversion.html
Vallejo,Game Color,Gold Yellow,72.007,Vallejo,Model Color,Golden Yellow,70.948,matched by product code; matched by product code,https://www.mech9.com/p/vallejo-game-color-paint-conversion.html
Vallejo,Game Color,Gold Yellow,72.007,Vallejo,Game Air,Gold Yellow,72.707,matched by product code,https://www.mech9.com/p/vallejo-game-color-paint-conversion.html
Vallejo,Game Color,Gold Yellow,72.007,AK Interactive,3GEN Acrylics,Golden Yellow,AK11041,matched by product code; matched by product code,https://www.mech9.com/p/vallejo-game-color-paint-conversion.html
Vallejo,Game Color,Orange Fire,72.008,Vallejo,Model Color,Light Orange,70.911,matched by product code; matched by product code,https://www.mech9.com/p/vallejo-game-color-paint-conversion.html
Vallejo,Game Color,Orange Fire,72.008,Vallejo,Model Air,Orange Rust,71.130,matched by product code; matched by product code,https://www.mech9.com/p/vallejo-game-color-paint-conversion.html
Vallejo,Game Color,Orange Fire,72.008,Warhammer Colour,Layer,Fire Dragon Bright,CT66,"matched by product code; mech9 prints ""Fire Dragon Bright (Layer)""",https://www.mech9.com/p/vallejo-game-color-paint-conversion.html
Vallejo,Game Color,Orange Fire,72.008,Vallejo,Game Air,Orange Fire,72.708,matched by product code,https://www.mech9.com/p/vallejo-game-color-paint-conversion.html
Vallejo,Game Color,Orange Fire,72.008,AK Interactive,3GEN Acrylics,Yellow,AK11042,matched by product code; matched by product code,https://www.mech9.com/p/vallejo-game-color-paint-conversion.html
Vallejo,Game Color,Orange Fire,72.008,Army Painter,Original Warpaints,Lava Orange,WP1106P,matched by product code,https://www.mech9.com/p/vallejo-game-color-paint-conversion.html
Vallejo,Game Color,Orange Fire,72.008,Army Painter,Warpaints Fanatic,Lava Orange,WP3099P,matched by product code,https://www.mech9.com/p/vallejo-game-color-paint-conversion.html
Vallejo,Game Color,Orange Fire,72.008,Army Painter,Warpaints Air,Lava Orange,AW1106P,matched by product code,https://www.mech9.com/p/vallejo-game-color-paint-conversion.html
Vallejo,Game Color,Orange Fire,72.008,AK Interactive,3GEN Acrylics,Light Orange,AK11077,matched by product code; matched by product code,https://www.mech9.com/p/vallejo-game-color-paint-conversion.html
Vallejo,Game Color,Hot Orange,72.009,Vallejo,Model Color,Scarlet,70.817,matched by product code; matched by product code,https://www.mech9.com/p/vallejo-game-color-paint-conversion.html
Vallejo,Game Color,Hot Orange,72.009,Vallejo,Model Air,Red RLM23,71.003,matched by product code; matched by product code,https://www.mech9.com/p/vallejo-game-color-paint-conversion.html
Vallejo,Game Color,Hot Orange,72.009,Warhammer Colour,Layer,Troll Slayer Orange,CT175,"matched by product code; mech9 prints ""Troll Slayer Orange (Layer)""",https://www.mech9.com/p/vallejo-game-color-paint-conversion.html
Vallejo,Game Color,Hot Orange,72.009,Vallejo,Game Air,Hot Orange,72.709,matched by product code,https://www.mech9.com/p/vallejo-game-color-paint-conversion.html
Vallejo,Game Color,Hot Orange,72.009,Vallejo,Mecha Color,Red,69.008,matched by product code; matched by product code,https://www.mech9.com/p/vallejo-game-color-paint-conversion.html
Vallejo,Game Color,Hot Orange,72.009,Army Painter,Original Warpaints,Chaotic Red,WP1142P,matched by product code,https://www.mech9.com/p/vallejo-game-color-paint-conversion.html
Vallejo,Game Color,Hot Orange,72.009,Army Painter,Warpaints Fanatic,Carnelian Skin,WP3151P,matched by product code,https://www.mech9.com/p/vallejo-game-color-paint-conversion.html
Vallejo,Game Color,Hot Orange,72.009,Army Painter,Warpaints Air,Chaotic Red,AW1142P,matched by product code,https://www.mech9.com/p/vallejo-game-color-paint-conversion.html
Vallejo,Game Color,Hot Orange,72.009,Vallejo,Model Air,Ferrari Red,71.085,matched by product code; matched by product code,https://www.mech9.com/p/vallejo-game-color-paint-conversion.html
Vallejo,Game Color,Hot Orange,72.009,Vallejo,Model Air,Red,71.269,matched by product code; matched by product code,https://www.mech9.com/p/vallejo-game-color-paint-conversion.html
Vallejo,Game Color,Hot Orange,72.009,AK Interactive,3GEN Acrylics,Matt Red,AK11092,matched by product code; matched by product code,https://www.mech9.com/p/vallejo-game-color-paint-conversion.html
Vallejo,Game Color,Hot Orange,72.009,Vallejo,Model Air,Orange,71.083,matched by product code; matched by product code,https://www.mech9.com/p/vallejo-game-color-paint-conversion.html
Vallejo,Game Color,Hot Orange,72.009,Vallejo,Model Color,Amaranth Red,70.829,matched by product code; matched by product code,https://www.mech9.com/p/vallejo-game-color-paint-conversion.html
Vallejo,Game Color,Bloody Red,72.010,Vallejo,Model Color,Vermilion,70.909,matched by product code; matched by product code,https://www.mech9.com/p/vallejo-game-color-paint-conversion.html
Vallejo,Game Color,Bloody Red,72.010,Vallejo,Model Air,Red RLM23,71.003,matched by product code; matched by product code,https://www.mech9.com/p/vallejo-game-color-paint-conversion.html
Vallejo,Game Color,Bloody Red,72.010,Warhammer Colour,Layer,Evil Sunz Scarlet,CT64,"matched by product code; mech9 prints ""Evil Sunz Scarlet (Layer)""",https://www.mech9.com/p/vallejo-game-color-paint-conversion.html
Vallejo,Game Color,Bloody Red,72.010,Vallejo,Game Air,Bloody Red,72.710,matched by product code,https://www.mech9.com/p/vallejo-game-color-paint-conversion.html
Vallejo,Game Color,Bloody Red,72.010,Army Painter,Original Warpaints,Chaotic Red,WP1142P,matched by product code,https://www.mech9.com/p/vallejo-game-color-paint-conversion.html
Vallejo,Game Color,Bloody Red,72.010,Vallejo,Hobby Paint,Bloody Red,28.023,matched by product code; matched by product code,https://www.mech9.com/p/vallejo-game-color-paint-conversion.html
Vallejo,Game Color,Bloody Red,72.010,Army Painter,Warpaints Fanatic,Carnelian Skin,WP3151P,matched by product code,https://www.mech9.com/p/vallejo-game-color-paint-conversion.html
Vallejo,Game Color,Bloody Red,72.010,Army Painter,Warpaints Air,Chaotic Red,AW1142P,matched by product code,https://www.mech9.com/p/vallejo-game-color-paint-conversion.html
Vallejo,Game Color,Bloody Red,72.010,Army Painter,Original Warpaints,Abomination Gore,WP1401P,matched by product code,https://www.mech9.com/p/vallejo-game-color-paint-conversion.html
Vallejo,Game Color,Bloody Red,72.010,Army Painter,Warpaints Fanatic,Resplendent Red,WP3103P,matched by product code,https://www.mech9.com/p/vallejo-game-color-paint-conversion.html
Vallejo,Game Color,Bloody Red,72.010,Vallejo,Primers,Bloody Red,70.632,matched by product code; matched by product code,https://www.mech9.com/p/vallejo-game-color-paint-conversion.html
Vallejo,Game Color,Gory Red,72.011,Vallejo,Model Color,Cavalry Brown,70.982,matched by product code; matched by product code,https://www.mech9.com/p/vallejo-game-color-paint-conversion.html
Vallejo,Game Color,Gory Red,72.011,Vallejo,Model Air,Brown RLM26,71.105,matched by product code; matched by product code,https://www.mech9.com/p/vallejo-game-color-paint-conversion.html
Vallejo,Game Color,Gory Red,72.011,Vallejo,Game Air,Gory Red,72.711,matched by product code,https://www.mech9.com/p/vallejo-game-color-paint-conversion.html
Vallejo,Game Color,Gory Red,72.011,AK Interactive,Figures Series,Dark Shadow Flesh,AK11405,matched by product code; matched by product code,https://www.mech9.com/p/vallejo-game-color-paint-conversion.html
Vallejo,Game Color,Gory Red,72.011,Army Painter,Original Warpaints,Dragon Red,WP1105P,matched by product code,https://www.mech9.com/p/vallejo-game-color-paint-conversion.html
Vallejo,Game Color,Gory Red,72.011,Vallejo,Hobby Paint,Gory Red,28.029,matched by product code; matched by product code,https://www.mech9.com/p/vallejo-game-color-paint-conversion.html
Vallejo,Game Color,Scarlet Red,72.012,Warhammer Colour,Layer,Evil Sunz Scarlet,CT64,"matched by product code; mech9 prints ""Evil Sunz Scarlet (Layer)""",https://www.mech9.com/p/vallejo-game-color-paint-conversion.html
Vallejo,Game Color,Scarlet Red,72.012,Vallejo,Game Air,Scarlet Red,72.712,matched by product code,https://www.mech9.com/p/vallejo-game-color-paint-conversion.html
Vallejo,Game Color,Scarlet Red,72.012,Vallejo,Hobby Paint,Scarlet Red,28.016,matched by product code; matched by product code,https://www.mech9.com/p/vallejo-game-color-paint-conversion.html
Vallejo,Game Color,Squid Pink,72.013,Vallejo,Model Color,Pink,70.958,matched by product code; matched by product code,https://www.mech9.com/p/vallejo-game-color-paint-conversion.html
Vallejo,Game Color,Squid Pink,72.013,Warhammer Colour,Layer,Fulgrim Pink,CT70,"matched by product code; mech9 prints ""Fulgrim Pink (Edge)""",https://www.mech9.com/p/vallejo-game-color-paint-conversion.html
Vallejo,Game Color,Squid Pink,72.013,Vallejo,Game Air,Squid Pink,72.713,matched by product code,https://www.mech9.com/p/vallejo-game-color-paint-conversion.html
Vallejo,Game Color,Squid Pink,72.013,AK Interactive,3GEN Acrylics,Intense Pink,AK11065,matched by product code; matched by product code,https://www.mech9.com/p/vallejo-game-color-paint-conversion.html
Vallejo,Game Color,Squid Pink,72.013,Army Painter,Warpaints Fanatic,Weird Elixir,WP3124P,matched by product code,https://www.mech9.com/p/vallejo-game-color-paint-conversion.html
Vallejo,Game Color,Squid Pink,72.013,Army Painter,Warpaints Air,Fey Pink,AW4447P,matched by product code,https://www.mech9.com/p/vallejo-game-color-paint-conversion.html
Vallejo,Game Color,Warlord Purple,72.014,Vallejo,Model Color,Magenta,70.945,matched by product code; matched by product code,https://www.mech9.com/p/vallejo-game-color-paint-conversion.html
Vallejo,Game Color,Warlord Purple,72.014,Warhammer Colour,Base,Screamer Pink,CT139,"matched by product code; mech9 prints ""Screamer Pink (Base)""",https://www.mech9.com/p/vallejo-game-color-paint-conversion.html
Vallejo,Game Color,Warlord Purple,72.014,Vallejo,Game Air,Warlord Purple,72.714,matched by product code,https://www.mech9.com/p/vallejo-game-color-paint-conversion.html
Vallejo,Game Color,Warlord Purple,72.014,Vallejo,Mecha Color,Magenta,69.010,matched by product code; matched by product code,https://www.mech9.com/p/vallejo-game-color-paint-conversion.html
Vallejo,Game Color,Warlord Purple,72.014,AK Interactive,3GEN Acrylics,Magenta,AK11067,matched by product code; matched by product code,https://www.mech9.com/p/vallejo-game-color-paint-conversion.html
Vallejo,Game Color,Warlord Purple,72.014,Army Painter,Original Warpaints,Wasteland Soil,WP1463P,matched by product code,https://www.mech9.com/p/vallejo-game-color-paint-conversion.html
Vallejo,Game Color,Warlord Purple,72.014,Army Painter,Warpaints Fanatic,Moldy Wine,WP3140P,matched by product code,https://www.mech9.com/p/vallejo-game-color-paint-conversion.html
Vallejo,Game Color,Hexed Lichen,72.015,Vallejo,Model Color,Blue Violet,70.811,matched by product code; matched by product code,https://www.mech9.com/p/vallejo-game-color-paint-conversion.html
Vallejo,Game Color,Hexed Lichen,72.015,Warhammer Colour,Layer,Xereus Purple,CT197,"matched by product code; mech9 prints ""Xereus Purple (Layer)""",https://www.mech9.com/p/vallejo-game-color-paint-conversion.html
Vallejo,Game Color,Hexed Lichen,72.015,AK Interactive,3GEN Acrylics,Blue Violet,AK11070,matched by product code; matched by product code,https://www.mech9.com/p/vallejo-game-color-paint-conversion.html
Vallejo,Game Color,Hexed Lichen,72.015,Army Painter,Warpaints Fanatic,Warlock Magenta,WP3135P,matched by product code,https://www.mech9.com/p/vallejo-game-color-paint-conversion.html
Vallejo,Game Color,Hexed Lichen,72.015,Vallejo,Model Color,Purple,70.959,matched by product code; matched by product code,https://www.mech9.com/p/vallejo-game-color-paint-conversion.html
Vallejo,Game Color,Royal Purple,72.016,Vallejo,Model Color,Royal Purple,70.810,matched by product code; matched by product code,https://www.mech9.com/p/vallejo-game-color-paint-conversion.html
Vallejo,Game Color,Royal Purple,72.016,Vallejo,Game Air,Royal Purple,76.016,matched by product code,https://www.mech9.com/p/vallejo-game-color-paint-conversion.html
Vallejo,Game Color,Night Blue,72.019,Vallejo,Model Color,Dark Prussian Blue,70.899,matched by product code; matched by product code,https://www.mech9.com/p/vallejo-game-color-paint-conversion.html
Vallejo,Game Color,Night Blue,72.019,Vallejo,Model Air,Deep Sky,71.090,matched by product code; matched by product code,https://www.mech9.com/p/vallejo-game-color-paint-conversion.html
Vallejo,Game Color,Night Blue,72.019,Warhammer Colour,Base,Night Lords Blue,CT265,"matched by product code; mech9 prints ""Night Lords Blue (Base)""",https://www.mech9.com/p/vallejo-game-color-paint-conversion.html
Vallejo,Game Color,Night Blue,72.019,Vallejo,Game Air,Night Blue,76.019,matched by product code,https://www.mech9.com/p/vallejo-game-color-paint-conversion.html
Vallejo,Game Color,Night Blue,72.019,Army Painter,Original Warpaints,Deep Blue,WP1116P,matched by product code,https://www.mech9.com/p/vallejo-game-color-paint-conversion.html
Vallejo,Game Color,Night Blue,72.019,Army Painter,Warpaints Fanatic,Imperial Navy,WP3025P,matched by product code,https://www.mech9.com/p/vallejo-game-color-paint-conversion.html
Vallejo,Game Color,Night Blue,72.019,Vallejo,Model Air,Blue,71.004,matched by product code; matched by product code,https://www.mech9.com/p/vallejo-game-color-paint-conversion.html
Vallejo,Game Color,Night Blue,72.019,AK Interactive,3GEN Acrylics,Imperial Blue,AK11180,matched by product code; matched by product code,https://www.mech9.com/p/vallejo-game-color-paint-conversion.html
Vallejo,Game Color,Imperial Blue,72.020,Vallejo,Model Color,Oxford Blue,70.807,matched by product code; matched by product code,https://www.mech9.com/p/vallejo-game-color-paint-conversion.html
Vallejo,Game Color,Imperial Blue,72.020,Vallejo,Game Air,Imperial Blue,76.020,matched by product code,https://www.mech9.com/p/vallejo-game-color-paint-conversion.html
Vallejo,Game Color,Imperial Blue,72.020,Vallejo,Mecha Color,Titan Blue,69.013,matched by product code; matched by product code,https://www.mech9.com/p/vallejo-game-color-paint-conversion.html
Vallejo,Game Color,Magic Blue,72.021,Vallejo,Model Color,Dark Blue,70.930,matched by product code; matched by product code,https://www.mech9.com/p/vallejo-game-color-paint-conversion.html
Vallejo,Game Color,Magic Blue,72.021,Warhammer Colour,Base,Caledor Sky,CT34,"matched by product code; mech9 prints ""Caledor Sky (Base)""",https://www.mech9.com/p/vallejo-game-color-paint-conversion.html
Vallejo,Game Color,Magic Blue,72.021,Vallejo,Game Air,Magic Blue,72.721,matched by product code,https://www.mech9.com/p/vallejo-game-color-paint-conversion.html
Vallejo,Game Color,Magic Blue,72.021,Army Painter,Original Warpaints,Griffon Blue,WP1429P,matched by product code,https://www.mech9.com/p/vallejo-game-color-paint-conversion.html
Vallejo,Game Color,Magic Blue,72.021,Vallejo,Hobby Paint,Magic Blue,28.030,matched by product code; matched by product code,https://www.mech9.com/p/vallejo-game-color-paint-conversion.html
Vallejo,Game Color,Magic Blue,72.021,Army Painter,Warpaints Fanatic,Stratos Blue,WP3015P,matched by product code,https://www.mech9.com/p/vallejo-game-color-paint-conversion.html
Vallejo,Game Color,Magic Blue,72.021,Vallejo,Model Air,Blue,71.004,matched by product code; matched by product code,https://www.mech9.com/p/vallejo-game-color-paint-conversion.html
Vallejo,Game Color,Magic Blue,72.021,Army Painter,Original Warpaints,Dark Sky,WP1415P,matched by product code,https://www.mech9.com/p/vallejo-game-color-paint-conversion.html
Vallejo,Game Color,Magic Blue,72.021,Army Painter,Warpaints Fanatic,Regal Blue,WP3026P,matched by product code,https://www.mech9.com/p/vallejo-game-color-paint-conversion.html
Vallejo,Game Color,Ultramarine Blue,72.022,Vallejo,Model Color,Blue,70.925,matched by product code; matched by product code,https://www.mech9.com/p/vallejo-game-color-paint-conversion.html
Vallejo,Game Color,Ultramarine Blue,72.022,Vallejo,Model Air,French Blue,71.088,matched by product code; matched by product code,https://www.mech9.com/p/vallejo-game-color-paint-conversion.html
Vallejo,Game Color,Ultramarine Blue,72.022,Warhammer Colour,Base,Macragge Blue,CT107,"matched by product code; mech9 prints ""Macragge Blue (Base)""",https://www.mech9.com/p/vallejo-game-color-paint-conversion.html
Vallejo,Game Color,Ultramarine Blue,72.022,Vallejo,Game Air,Ultramarine Blue,72.722,matched by product code,https://www.mech9.com/p/vallejo-game-color-paint-conversion.html
Vallejo,Game Color,Ultramarine Blue,72.022,Vallejo,Hobby Paint,Ultramarine Blue,28.017,matched by product code; matched by product code,https://www.mech9.com/p/vallejo-game-color-paint-conversion.html
Vallejo,Game Color,Ultramarine Blue,72.022,Army Painter,Warpaints Fanatic,Gothic Blue,WP3020P,matched by product code,https://www.mech9.com/p/vallejo-game-color-paint-conversion.html
Vallejo,Game Color,Ultramarine Blue,72.022,Vallejo,Primers,Ultramarine Blue,70.625,matched by product code; matched by product code,https://www.mech9.com/p/vallejo-game-color-paint-conversion.html
Vallejo,Game Color,Electric Blue,72.023,Warhammer Colour,Layer,Lothern Blue,CT104,"matched by product code; mech9 prints ""Lothern Blue (Layer)""",https://www.mech9.com/p/vallejo-game-color-paint-conversion.html
Vallejo,Game Color,Electric Blue,72.023,Vallejo,Game Air,Electric Blue,72.723,matched by product code,https://www.mech9.com/p/vallejo-game-color-paint-conversion.html
Vallejo,Game Color,Electric Blue,72.023,Army Painter,Warpaints Fanatic,Shieldwall Blue,WP3035P,matched by product code,https://www.mech9.com/p/vallejo-game-color-paint-conversion.html
Vallejo,Game Color,Turquoise,72.024,Vallejo,Model Color,Park Green Flat,70.969,matched by product code; matched by product code,https://www.mech9.com/p/vallejo-game-color-paint-conversion.html
Vallejo,Game Color,Turquoise,72.024,Warhammer Colour,Layer,Sotek Green,CT151,"matched by product code; mech9 prints ""Sotek Green (Layer)""",https://www.mech9.com/p/vallejo-game-color-paint-conversion.html
Vallejo,Game Color,Turquoise,72.024,Vallejo,Game Air,Turquoise,72.724,matched by product code,https://www.mech9.com/p/vallejo-game-color-paint-conversion.html
Vallejo,Game Color,Turquoise,72.024,Army Painter,Warpaints Fanatic,Deep Azure,WP3037P,matched by product code,https://www.mech9.com/p/vallejo-game-color-paint-conversion.html
Vallejo,Game Color,Turquoise,72.024,Army Painter,Warpaints Air,Ocean Depths,AW3141P,matched by product code,https://www.mech9.com/p/vallejo-game-color-paint-conversion.html
Vallejo,Game Color,Foul Green,72.025,Warhammer Colour,Layer,Sybarite Green,CT163,"matched by product code; mech9 prints ""Sybarite Green (Layer)""",https://www.mech9.com/p/vallejo-game-color-paint-conversion.html
Vallejo,Game Color,Foul Green,72.025,Army Painter,Original Warpaints,Goblin Green,WP1109P,matched by product code,https://www.mech9.com/p/vallejo-game-color-paint-conversion.html
Vallejo,Game Color,Foul Green,72.025,Army Painter,Warpaints Fanatic,Eternal Hunt,WP3052P,matched by product code,https://www.mech9.com/p/vallejo-game-color-paint-conversion.html
Vallejo,Game Color,Foul Green,72.025,Army Painter,Warpaints Air,Goblin Green,AW1109P,matched by product code,https://www.mech9.com/p/vallejo-game-color-paint-conversion.html
Vallejo,Game Color,Jade Green,72.026,Vallejo,Game Air,Jade Green,76.026,matched by product code,https://www.mech9.com/p/vallejo-game-color-paint-conversion.html
Vallejo,Game Color,Scurvy Green,72.027,Warhammer Colour,Layer,Kabalite Green,CT90,"matched by product code; mech9 prints ""Kabalite Green (Layer)""",https://www.mech9.com/p/vallejo-game-color-paint-conversion.html
Vallejo,Game Color,Scurvy Green,72.027,Vallejo,Game Air,Scurvy Green,76.027,matched by product code,https://www.mech9.com/p/vallejo-game-color-paint-conversion.html
Vallejo,Game Color,Scurvy Green,72.027,Army Painter,Warpaints Fanatic,Temple Gate Teal,WP3044P,matched by product code,https://www.mech9.com/p/vallejo-game-color-paint-conversion.html
Vallejo,Game Color,Scurvy Green,72.027,Army Painter,Warpaints Air,Ruinous Spell,AW3466P,matched by product code,https://www.mech9.com/p/vallejo-game-color-paint-conversion.html
Vallejo,Game Color,Dark Green,72.028,Vallejo,Model Color,Intermediate Green,70.891,matched by product code; matched by product code,https://www.mech9.com/p/vallejo-game-color-paint-conversion.html
Vallejo,Game Color,Dark Green,72.028,Vallejo,Model Air,Pale Green,71.095,matched by product code; matched by product code,https://www.mech9.com/p/vallejo-game-color-paint-conversion.html
Vallejo,Game Color,Dark Green,72.028,Warhammer Colour,Base,Caliban Green,CT36,"matched by product code; mech9 prints ""Caliban Green (Base)""",https://www.mech9.com/p/vallejo-game-color-paint-conversion.html
Vallejo,Game Color,Dark Green,72.028,Vallejo,Game Air,Dark Green,72.728,matched by product code,https://www.mech9.com/p/vallejo-game-color-paint-conversion.html
Vallejo,Game Color,Dark Green,72.028,Army Painter,Original Warpaints,Angel Green,WP1112P,matched by product code,https://www.mech9.com/p/vallejo-game-color-paint-conversion.html
Vallejo,Game Color,Dark Green,72.028,Vallejo,Hobby Paint,Dark Green,28.026,matched by product code; matched by product code,https://www.mech9.com/p/vallejo-game-color-paint-conversion.html
Vallejo,Game Color,Dark Green,72.028,Army Painter,Warpaints Fanatic,Angel Green,WP3049P,matched by product code,https://www.mech9.com/p/vallejo-game-color-paint-conversion.html
Vallejo,Game Color,Dark Green,72.028,Army Painter,Warpaints Air,Angel Green,AW1112P,matched by product code,https://www.mech9.com/p/vallejo-game-color-paint-conversion.html
Vallejo,Game Color,Dark Green,72.028,Vallejo,Model Air,IDF/IAF Green,71.126,matched by product code; matched by product code,https://www.mech9.com/p/vallejo-game-color-paint-conversion.html
Vallejo,Game Color,Dark Green,72.028,AK Interactive,3GEN Acrylics,Green,AK11149,matched by product code; matched by product code,https://www.mech9.com/p/vallejo-game-color-paint-conversion.html
Vallejo,Game Color,Dark Green,72.028,Vallejo,Model Air,Olive Green,71.007,matched by product code; matched by product code,https://www.mech9.com/p/vallejo-game-color-paint-conversion.html
Vallejo,Game Color,Sick Green,72.029,Warhammer Colour,Layer,Warboss Green,CT186,"matched by product code; mech9 prints ""Warboss Green (Layer)""",https://www.mech9.com/p/vallejo-game-color-paint-conversion.html
Vallejo,Game Color,Sick Green,72.029,Vallejo,Game Air,Sick Green,72.729,matched by product code,https://www.mech9.com/p/vallejo-game-color-paint-conversion.html
Vallejo,Game Color,Sick Green,72.029,Vallejo,Hobby Paint,Sick Green,28.028,matched by product code; matched by product code,https://www.mech9.com/p/vallejo-game-color-paint-conversion.html
Vallejo,Game Color,Goblin Green,72.030,Vallejo,Model Color,Olive Green,70.967,matched by product code; matched by product code,https://www.mech9.com/p/vallejo-game-color-paint-conversion.html
Vallejo,Game Color,Goblin Green,72.030,Vallejo,Model Air,Light Green Chrom.,71.006,matched by product code; matched by product code,https://www.mech9.com/p/vallejo-game-color-paint-conversion.html
Vallejo,Game Color,Goblin Green,72.030,Vallejo,Game Air,Goblin Green,72.730,matched by product code,https://www.mech9.com/p/vallejo-game-color-paint-conversion.html
Vallejo,Game Color,Goblin Green,72.030,Vallejo,Mecha Color,Olive Green,69.028,matched by product code; matched by product code,https://www.mech9.com/p/vallejo-game-color-paint-conversion.html
Vallejo,Game Color,Goblin Green,72.030,AK Interactive,3GEN Acrylics,Olive Green,AK11147,matched by product code; matched by product code,https://www.mech9.com/p/vallejo-game-color-paint-conversion.html
Vallejo,Game Color,Goblin Green,72.030,Vallejo,Hobby Paint,Goblin Green,28.027,matched by product code; matched by product code,https://www.mech9.com/p/vallejo-game-color-paint-conversion.html
Vallejo,Game Color,Camouflage Green,72.031,Warhammer Colour,Layer,Elysian Green,CT59,"matched by product code; mech9 prints ""Elysian Green (Layer)""",https://www.mech9.com/p/vallejo-game-color-paint-conversion.html
Vallejo,Game Color,Camouflage Green,72.031,Vallejo,Game Air,Camouflage Green,76.031,matched by product code,https://www.mech9.com/p/vallejo-game-color-paint-conversion.html
Vallejo,Game Color,Scorpy Green,72.032,Vallejo,Model Color,Light Green,70.942,matched by product code; matched by product code,https://www.mech9.com/p/vallejo-game-color-paint-conversion.html
Vallejo,Game Color,Scorpy Green,72.032,Warhammer Colour,Layer,Moot Green,CT113,"matched by product code; mech9 prints ""Moot Green (Layer)""",https://www.mech9.com/p/vallejo-game-color-paint-conversion.html
Vallejo,Game Color,Scorpy Green,72.032,Vallejo,Game Air,Escorpena Green,72.732,matched by product code,https://www.mech9.com/p/vallejo-game-color-paint-conversion.html
Vallejo,Game Color,Scorpy Green,72.032,AK Interactive,3GEN Acrylics,Light Green,AK11141,matched by product code; matched by product code,https://www.mech9.com/p/vallejo-game-color-paint-conversion.html
Vallejo,Game Color,Scorpy Green,72.032,Army Painter,Warpaints Fanatic,Leafy Green,WP3056P,matched by product code,https://www.mech9.com/p/vallejo-game-color-paint-conversion.html
Vallejo,Game Color,Scorpy Green,72.032,Vallejo,Game Air,Scorpy Green,76.032,matched by product code,https://www.mech9.com/p/vallejo-game-color-paint-conversion.html
Vallejo,Game Color,Bone White,72.034,Warhammer Colour,Layer,Screaming Skull,CT141,"matched by product code; mech9 prints ""Screaming Skull (Layer)""",https://www.mech9.com/p/vallejo-game-color-paint-conversion.html
Vallejo,Game Color,Bone White,72.034,Vallejo,Game Air,Bonewhite,72.734,matched by product code,https://www.mech9.com/p/vallejo-game-color-paint-conversion.html
Vallejo,Game Color,Bone White,72.034,Vallejo,Hobby Paint,Bone White,28.013,matched by product code; matched by product code,https://www.mech9.com/p/vallejo-game-color-paint-conversion.html
Vallejo,Game Color,Bone White,72.034,Army Painter,Warpaints Fanatic,Bony Spikes,WP3089P,matched by product code,https://www.mech9.com/p/vallejo-game-color-paint-conversion.html
Vallejo,Game Color,Bone White,72.034,Army Painter,Warpaints Air,Bleached Bone,AW4125P,matched by product code,https://www.mech9.com/p/vallejo-game-color-paint-conversion.html
Vallejo,Game Color,Bone White,72.034,Vallejo,Game Air,Bone White,76.034,matched by product code,https://www.mech9.com/p/vallejo-game-color-paint-conversion.html
Vallejo,Game Color,Dead Flesh,72.035,Vallejo,Model Color,Stone Grey,70.884,matched by product code; matched by product code,https://www.mech9.com/p/vallejo-game-color-paint-conversion.html
Vallejo,Game Color,Dead Flesh,72.035,Warhammer Colour,Layer,Ogryn Camo,CT125,"matched by product code; mech9 prints ""Ogryn Camo (Layer)""",https://www.mech9.com/p/vallejo-game-color-paint-conversion.html
Vallejo,Game Color,Dead Flesh,72.035,Vallejo,Game Air,Dead Flesh,72.735,matched by product code,https://www.mech9.com/p/vallejo-game-color-paint-conversion.html
Vallejo,Game Color,Dead Flesh,72.035,Vallejo,Hobby Paint,Dead Flesh,28.022,matched by product code; matched by product code,https://www.mech9.com/p/vallejo-game-color-paint-conversion.html
Vallejo,Game Color,Bronze Brown,72.036,Vallejo,Model Color,Beige Red,70.804,matched by product code; matched by product code,https://www.mech9.com/p/vallejo-game-color-paint-conversion.html
Vallejo,Game Color,Bronze Brown,72.036,Warhammer Colour,Layer,Tau Light Ochre,CT167,"matched by product code; mech9 prints ""Tau Light Ochre (Layer)""",https://www.mech9.com/p/vallejo-game-color-paint-conversion.html
Vallejo,Game Color,Bronze Brown,72.036,Vallejo,Game Air,Bronze Fleshtone/Bronze Brown,72.736,matched by product code,https://www.mech9.com/p/vallejo-game-color-paint-conversion.html
Vallejo,Game Color,Bronze Brown,72.036,AK Interactive,3GEN Acrylics,Beige Red,AK11064,matched by product code; matched by product code,https://www.mech9.com/p/vallejo-game-color-paint-conversion.html
Vallejo,Game Color,Bronze Brown,72.036,Army Painter,Warpaints Fanatic,Demigod Flames,WP3091P,matched by product code,https://www.mech9.com/p/vallejo-game-color-paint-conversion.html
Vallejo,Game Color,Bronze Brown,72.036,Vallejo,Game Air,Elf Skintone,72.704,matched by product code,https://www.mech9.com/p/vallejo-game-color-paint-conversion.html
Vallejo,Game Color,Bronze Brown,72.036,Vallejo,Game Air,Bronze Brown,76.036,matched by product code,https://www.mech9.com/p/vallejo-game-color-paint-conversion.html
Vallejo,Game Color,Scrofulous Brown,72.038,Vallejo,Model Color,Ochre Brown,70.856,matched by product code; matched by product code,https://www.mech9.com/p/vallejo-game-color-paint-conversion.html
Vallejo,Game Color,Scrofulous Brown,72.038,Vallejo,Model Air,Yellow Ochre,71.033,matched by product code; matched by product code,https://www.mech9.com/p/vallejo-game-color-paint-conversion.html
Vallejo,Game Color,Scrofulous Brown,72.038,Warhammer Colour,Layer,Bestigor Flesh,CT25,"matched by product code; mech9 prints ""Bestigor Flesh (Layer)""",https://www.mech9.com/p/vallejo-game-color-paint-conversion.html
Vallejo,Game Color,Scrofulous Brown,72.038,Vallejo,Model Color,Med. Flesh Tone,70.860,matched by product code; matched by product code,https://www.mech9.com/p/vallejo-game-color-paint-conversion.html
Vallejo,Game Color,Scrofulous Brown,72.038,AK Interactive,3GEN Acrylics,Flesh Tone,AK11054,matched by product code; matched by product code,https://www.mech9.com/p/vallejo-game-color-paint-conversion.html
Vallejo,Game Color,Plague Brown,72.039,Vallejo,Model Color,Gold Brown,70.877,matched by product code; matched by product code,https://www.mech9.com/p/vallejo-game-color-paint-conversion.html
Vallejo,Game Color,Plague Brown,72.039,Vallejo,Model Air,Dark Green,71.012,matched by product code; matched by product code,https://www.mech9.com/p/vallejo-game-color-paint-conversion.html
Vallejo,Game Color,Plague Brown,72.039,Warhammer Colour,Layer,Balor Brown,CT21,"matched by product code; mech9 prints ""Balor Brown (Layer)""",https://www.mech9.com/p/vallejo-game-color-paint-conversion.html
Vallejo,Game Color,Plague Brown,72.039,Army Painter,Original Warpaints,Basilisk Brown,WP1405P,matched by product code,https://www.mech9.com/p/vallejo-game-color-paint-conversion.html
Vallejo,Game Color,Plague Brown,72.039,Army Painter,Warpaints Fanatic,Wasteland Clay,WP3082P,matched by product code,https://www.mech9.com/p/vallejo-game-color-paint-conversion.html
Vallejo,Game Color,Plague Brown,72.039,Army Painter,Warpaints Air,Yellow Dune,AW4121P,matched by product code,https://www.mech9.com/p/vallejo-game-color-paint-conversion.html
Vallejo,Game Color,Leather Brown,72.040,Vallejo,Model Color,Brown Sand,70.876,matched by product code; matched by product code,https://www.mech9.com/p/vallejo-game-color-paint-conversion.html
Vallejo,Game Color,Leather Brown,72.040,Vallejo,Model Air,USAF Brown,71.125,matched by product code; matched by product code,https://www.mech9.com/p/vallejo-game-color-paint-conversion.html
Vallejo,Game Color,Leather Brown,72.040,Warhammer Colour,Base,XV-88,CT198,"matched by product code; mech9 prints ""XV-88 (Base)""",https://www.mech9.com/p/vallejo-game-color-paint-conversion.html
Vallejo,Game Color,Leather Brown,72.040,Vallejo,Game Air,Leather Brown,72.740,matched by product code,https://www.mech9.com/p/vallejo-game-color-paint-conversion.html
Vallejo,Game Color,Leather Brown,72.040,Vallejo,Hobby Paint,Leather Brown,28.014,matched by product code; matched by product code,https://www.mech9.com/p/vallejo-game-color-paint-conversion.html
Vallejo,Game Color,Leather Brown,72.040,Vallejo,Model Air,Sand Brown,71.034,matched by product code; matched by product code,https://www.mech9.com/p/vallejo-game-color-paint-conversion.html
Vallejo,Game Color,Leather Brown,72.040,Vallejo,Model Air,Sand Yellow RLM79,71.278,matched by product code; matched by product code,https://www.mech9.com/p/vallejo-game-color-paint-conversion.html
Vallejo,Game Color,Leather Brown,72.040,AK Interactive,3GEN Acrylics,Cork XF-52,AK11119,matched by product code; matched by product code,https://www.mech9.com/p/vallejo-game-color-paint-conversion.html
Vallejo,Game Color,Dwarf Skin,72.041,Vallejo,Game Air,Dwarf Skin,72.741,matched by product code,https://www.mech9.com/p/vallejo-game-color-paint-conversion.html
Vallejo,Game Color,Parasite Brown,72.042,Vallejo,Model Color,Orange Brown,70.981,matched by product code; matched by product code,https://www.mech9.com/p/vallejo-game-color-paint-conversion.html
Vallejo,Game Color,Parasite Brown,72.042,Vallejo,Model Air,Light Rust,71.129,matched by product code; matched by product code,https://www.mech9.com/p/vallejo-game-color-paint-conversion.html
Vallejo,Game Color,Parasite Brown,72.042,Warhammer Colour,Layer,Skrag Brown,CT147,"matched by product code; mech9 prints ""Skrag Brown (Layer)""",https://www.mech9.com/p/vallejo-game-color-paint-conversion.html
Vallejo,Game Color,Parasite Brown,72.042,Vallejo,Game Air,Parasite Brown,72.742,matched by product code,https://www.mech9.com/p/vallejo-game-color-paint-conversion.html
Vallejo,Game Color,Parasite Brown,72.042,Army Painter,Original Warpaints,Tanned Flesh,WP1127P,matched by product code,https://www.mech9.com/p/vallejo-game-color-paint-conversion.html
Vallejo,Game Color,Beasty Brown,72.043,Vallejo,Model Color,Beige Brown,70.875,matched by product code; matched by product code,https://www.mech9.com/p/vallejo-game-color-paint-conversion.html
Vallejo,Game Color,Beasty Brown,72.043,Vallejo,Model Air,US Earth Red,71.293,matched by product code; matched by product code,https://www.mech9.com/p/vallejo-game-color-paint-conversion.html
Vallejo,Game Color,Beasty Brown,72.043,Vallejo,Game Air,Beasty Brown,72.743,matched by product code,https://www.mech9.com/p/vallejo-game-color-paint-conversion.html
Vallejo,Game Color,Beasty Brown,72.043,AK Interactive,Figures Series,Waffen Brown,AK11417,matched by product code; matched by product code,https://www.mech9.com/p/vallejo-game-color-paint-conversion.html
Vallejo,Game Color,Beasty Brown,72.043,AK Interactive,Legacy Acrylics,Waffen Fall/Winter Brown Spots,AK3055,matched by product code,https://www.mech9.com/p/vallejo-game-color-paint-conversion.html
Vallejo,Game Color,Beasty Brown,72.043,Vallejo,Hobby Paint,Beasty Brown,28.019,matched by product code; matched by product code,https://www.mech9.com/p/vallejo-game-color-paint-conversion.html
Vallejo,Game Color,Dark Flesh Tone,72.044,Vallejo,Model Color,Mahogany Brown,70.846,matched by product code; matched by product code,https://www.mech9.com/p/vallejo-game-color-paint-conversion.html
Vallejo,Game Color,Dark Flesh Tone,72.044,Vallejo,Model Air,NATO Brown,71.249,matched by product code; matched by product code,https://www.mech9.com/p/vallejo-game-color-paint-conversion.html
Vallejo,Game Color,Dark Flesh Tone,72.044,Warhammer Colour,Layer,Doombull Brown,CT53,"matched by product code; mech9 prints ""Doombull Brown (Layer)""",https://www.mech9.com/p/vallejo-game-color-paint-conversion.html
Vallejo,Game Color,Dark Flesh Tone,72.044,Army Painter,Warpaints Fanatic,Dryad Brown,WP3111P,matched by product code,https://www.mech9.com/p/vallejo-game-color-paint-conversion.html
Vallejo,Game Color,Dark Flesh Tone,72.044,Army Painter,Warpaints Air,Cypress Brown,AW4124P,matched by product code,https://www.mech9.com/p/vallejo-game-color-paint-conversion.html
Vallejo,Game Color,Charred Brown,72.045,Vallejo,Model Color,Cam. Black Brown,70.822,matched by product code; matched by product code,https://www.mech9.com/p/vallejo-game-color-paint-conversion.html
Vallejo,Game Color,Charred Brown,72.045,Vallejo,Model Air,Dark Brown RLM61,71.042,matched by product code; matched by product code,https://www.mech9.com/p/vallejo-game-color-paint-conversion.html
Vallejo,Game Color,Charred Brown,72.045,Warhammer Colour,Base,Rhinox Hide,CT134,"matched by product code; mech9 prints ""Rhinox Hide (Base)""",https://www.mech9.com/p/vallejo-game-color-paint-conversion.html
Vallejo,Game Color,Charred Brown,72.045,Vallejo,Game Air,Charred Brown,72.745,matched by product code,https://www.mech9.com/p/vallejo-game-color-paint-conversion.html
Vallejo,Game Color,Charred Brown,72.045,Vallejo,Mecha Color,Chipping Brown,69.035,matched by product code; matched by product code,https://www.mech9.com/p/vallejo-game-color-paint-conversion.html
Vallejo,Game Color,Charred Brown,72.045,Army Painter,Original Warpaints,Hardened Carapace,WP1430P,matched by product code,https://www.mech9.com/p/vallejo-game-color-paint-conversion.html
Vallejo,Game Color,Charred Brown,72.045,Army Painter,Warpaints Fanatic,Brigandine Brown,WP3073P,matched by product code,https://www.mech9.com/p/vallejo-game-color-paint-conversion.html
Vallejo,Game Color,Charred Brown,72.045,Army Painter,Warpaints Air,Magnolia Brown,AW3124P,matched by product code,https://www.mech9.com/p/vallejo-game-color-paint-conversion.html
Vallejo,Game Color,Wolf Grey,72.047,Warhammer Colour,Layer,Blue Horror,CT30,"matched by product code; mech9 prints ""Blue Horror (Edge)""",https://www.mech9.com/p/vallejo-game-color-paint-conversion.html
Vallejo,Game Color,Wolf Grey,72.047,Vallejo,Game Air,Wolf Grey,72.747,matched by product code,https://www.mech9.com/p/vallejo-game-color-paint-conversion.html
Vallejo,Game Color,Wolf Grey,72.047,Army Painter,Original Warpaints,Gorgon Hide,WP1428P,matched by product code,https://www.mech9.com/p/vallejo-game-color-paint-conversion.html
Vallejo,Game Color,Wolf Grey,72.047,Vallejo,Hobby Paint,Wolf Grey,28.020,matched by product code; matched by product code,https://www.mech9.com/p/vallejo-game-color-paint-conversion.html
Vallejo,Game Color,Wolf Grey,72.047,Army Painter,Warpaints Fanatic,Augur Blue,WP3024P,matched by product code,https://www.mech9.com/p/vallejo-game-color-paint-conversion.html
Vallejo,Game Color,Wolf Grey,72.047,Army Painter,Warpaints Air,Storm Wolf,AW4119P,matched by product code,https://www.mech9.com/p/vallejo-game-color-paint-conversion.html
Vallejo,Game Color,Sombre Grey,72.048,Vallejo,Model Color,Field Blue,70.964,matched by product code; matched by product code,https://www.mech9.com/p/vallejo-game-color-paint-conversion.html
Vallejo,Game Color,Sombre Grey,72.048,Warhammer Colour,Base,The Fang,CT171,"matched by product code; mech9 prints ""The Fang (Base)""",https://www.mech9.com/p/vallejo-game-color-paint-conversion.html
Vallejo,Game Color,Sombre Grey,72.048,Vallejo,Game Air,Sombre Grey,72.748,matched by product code,https://www.mech9.com/p/vallejo-game-color-paint-conversion.html
Vallejo,Game Color,Sombre Grey,72.048,Army Painter,Warpaints Fanatic,Thunderous Blue,WP3014P,matched by product code,https://www.mech9.com/p/vallejo-game-color-paint-conversion.html
Vallejo,Game Color,Stonewall Grey,72.049,Vallejo,Model Color,Pale Grey Blue,70.907,matched by product code; matched by product code,https://www.mech9.com/p/vallejo-game-color-paint-conversion.html
Vallejo,Game Color,Stonewall Grey,72.049,Vallejo,Model Air,Light Blue RLM76,71.257,matched by product code; matched by product code,https://www.mech9.com/p/vallejo-game-color-paint-conversion.html
Vallejo,Game Color,Stonewall Grey,72.049,Warhammer Colour,Layer,Dawnstone,CT47,"matched by product code; mech9 prints ""Dawnstone (Layer)""",https://www.mech9.com/p/vallejo-game-color-paint-conversion.html
Vallejo,Game Color,Stonewall Grey,72.049,Vallejo,Game Air,Stonewall Grey,72.749,matched by product code,https://www.mech9.com/p/vallejo-game-color-paint-conversion.html
Vallejo,Game Color,Stonewall Grey,72.049,AK Interactive,AIR Series,RLM 76 Version 2,AK11828,matched by product code; matched by product code,https://www.mech9.com/p/vallejo-game-color-paint-conversion.html
Vallejo,Game Color,Neutral Grey,72.050,Vallejo,Model Color,Basalt Grey,70.869,matched by product code; matched by product code,https://www.mech9.com/p/vallejo-game-color-paint-conversion.html
Vallejo,Game Color,Neutral Grey,72.050,Vallejo,Model Air,Grey Violet RLM75,71.259,matched by product code; matched by product code,https://www.mech9.com/p/vallejo-game-color-paint-conversion.html
Vallejo,Game Color,Neutral Grey,72.050,Vallejo,Game Air,Cold Grey,72.750,matched by product code,https://www.mech9.com/p/vallejo-game-color-paint-conversion.html
Vallejo,Game Color,Neutral Grey,72.050,AK Interactive,AIR Series,RLM 75,AK11826,matched by product code; matched by product code,https://www.mech9.com/p/vallejo-game-color-paint-conversion.html
Vallejo,Game Color,Neutral Grey,72.050,Vallejo,Model Air,Med. Gunship Gray,71.097,matched by product code; matched by product code,https://www.mech9.com/p/vallejo-game-color-paint-conversion.html
Vallejo,Game Color,Neutral Grey,72.050,Vallejo,Game Air,Neutral Grey,76.050,matched by product code,https://www.mech9.com/p/vallejo-game-color-paint-conversion.html
Vallejo,Game Color,Black,72.051,Vallejo,Model Color,Black,70.950,matched by product code; matched by product code,https://www.mech9.com/p/vallejo-game-color-paint-conversion.html
Vallejo,Game Color,Black,72.051,Vallejo,Model Air,Black,71.057,matched by product code; matched by product code,https://www.mech9.com/p/vallejo-game-color-paint-conversion.html
Vallejo,Game Color,Black,72.051,Warhammer Colour,Base,Abaddon Black,CT2,"matched by product code; mech9 prints ""Abaddon Black (Base)""",https://www.mech9.com/p/vallejo-game-color-paint-conversion.html
Vallejo,Game Color,Black,72.051,Vallejo,Game Air,Black,72.751,matched by product code,https://www.mech9.com/p/vallejo-game-color-paint-conversion.html
Vallejo,Game Color,Black,72.051,Vallejo,Mecha Color,Pure Black,69.042,matched by product code; matched by product code,https://www.mech9.com/p/vallejo-game-color-paint-conversion.html
Vallejo,Game Color,Black,72.051,Tamiya,Lacquer Paint,Flat Black,LP3,matched by product code; matched by product code,https://www.mech9.com/p/vallejo-game-color-paint-conversion.html
Vallejo,Game Color,Black,72.051,AK Interactive,3GEN Acrylics,Black,AK11029,matched by product code; matched by product code,https://www.mech9.com/p/vallejo-game-color-paint-conversion.html
Vallejo,Game Color,Black,72.051,AK Interactive,3GEN Acrylics,Rubber Black,AK11027,matched by product code; matched by product code,https://www.mech9.com/p/vallejo-game-color-paint-conversion.html
Vallejo,Game Color,Black,72.051,Vallejo,Primers,Black,70.602,matched by product code; matched by product code,https://www.mech9.com/p/vallejo-game-color-paint-conversion.html
Vallejo,Game Color,Black,72.051,Army Painter,Original Warpaints,Matt Black,WP1101P,matched by product code,https://www.mech9.com/p/vallejo-game-color-paint-conversion.html
Vallejo,Game Color,Black,72.051,Vallejo,Hobby Paint,Black,28.012,matched by product code; matched by product code,https://www.mech9.com/p/vallejo-game-color-paint-conversion.html
Vallejo,Game Color,Black,72.051,Army Painter,Warpaints Fanatic,Matt Black,WP3001P,matched by product code,https://www.mech9.com/p/vallejo-game-color-paint-conversion.html
Vallejo,Game Color,Black,72.051,Army Painter,Warpaints Air,Matt Black,AW1101P,matched by product code,https://www.mech9.com/p/vallejo-game-color-paint-conversion.html
Vallejo,Game Color Metallic,Silver,72.052,Vallejo,Model Color,Silver,70.997,matched by product code; matched by product code,https://www.mech9.com/p/vallejo-game-color-paint-conversion.html
Vallejo,Game Color Metallic,Silver,72.052,Vallejo,Model Air,Silver RLM01 (Met.),71.063,matched by product code; matched by product code,https://www.mech9.com/p/vallejo-game-color-paint-conversion.html
Vallejo,Game Color Metallic,Silver,72.052,Vallejo,Game Air,Silver,72.752,matched by product code,https://www.mech9.com/p/vallejo-game-color-paint-conversion.html
Vallejo,Game Color Metallic,Silver,72.052,Vallejo,Mecha Metallic,Light Steel,69.064,matched by product code; matched by product code,https://www.mech9.com/p/vallejo-game-color-paint-conversion.html
Vallejo,Game Color Metallic,Silver,72.052,Tamiya,Lacquer Paint,Flat Aluminum,LP38,matched by product code; matched by product code,https://www.mech9.com/p/vallejo-game-color-paint-conversion.html
Vallejo,Game Color Metallic,Silver,72.052,Army Painter,Original Warpaints,Shining Silver,WP1129P,"matched by product code; mech9 prints ""Shining Silver (Metallics)""",https://www.mech9.com/p/vallejo-game-color-paint-conversion.html
Vallejo,Game Color Metallic,Silver,72.052,Vallejo,Hobby Paint,Silver,28.021,matched by product code; matched by product code,https://www.mech9.com/p/vallejo-game-color-paint-conversion.html
Vallejo,Game Color Metallic,Silver,72.052,Vallejo,Model Air,Aluminium (Metal.),71.062,matched by product code; matched by product code,https://www.mech9.com/p/vallejo-game-color-paint-conversion.html
Vallejo,Game Color Metallic,Silver,72.052,Warhammer Colour,Base,Iron Hands Steel,CT243,"matched by product code; mech9 prints ""Iron Hands Steel (Base)""",https://www.mech9.com/p/vallejo-game-color-paint-conversion.html
Vallejo,Game Color Metallic,Silver,72.052,Army Painter,Original Warpaints,Plate Mail Metal,WP1130P,"matched by product code; mech9 prints ""Plate Mail Metal (Metallics)""",https://www.mech9.com/p/vallejo-game-color-paint-conversion.html
Vallejo,Game Color Metallic,Silver,72.052,Army Painter,Warpaints Fanatic,Plate Mail Metal,WP3192P,"matched by product code; mech9 prints ""Plate Mail Metal (Metallic)""",https://www.mech9.com/p/vallejo-game-color-paint-conversion.html
Vallejo,Game Color Metallic,Silver,72.052,Army Painter,Warpaints Air,Plate Mail Metal,AW1130P,"matched by product code; mech9 prints ""Plate Mail Metal (Metallics)""",https://www.mech9.com/p/vallejo-game-color-paint-conversion.html
Vallejo,Game Color Metallic,Silver,72.052,AK Interactive,3GEN Acrylics,Aluminium XF16,AK11207,matched by product code; matched by product code,https://www.mech9.com/p/vallejo-game-color-paint-conversion.html
Vallejo,Game Color Metallic,Chainmail,72.053,Vallejo,Model Color,Oily Steel,70.865,matched by product code; matched by product code,https://www.mech9.com/p/vallejo-game-color-paint-conversion.html
Vallejo,Game Color Metallic,Chainmail,72.053,Vallejo,Model Air,Steel (Metallic),71.065,matched by product code; matched by product code,https://www.mech9.com/p/vallejo-game-color-paint-conversion.html
Vallejo,Game Color Metallic,Chainmail,72.053,Vallejo,Game Air,Chainmail Silver,72.753,matched by product code,https://www.mech9.com/p/vallejo-game-color-paint-conversion.html
Vallejo,Game Color Metallic,Chainmail,72.053,Vallejo,Mecha Metallic,Dark Steel,69.065,matched by product code; matched by product code,https://www.mech9.com/p/vallejo-game-color-paint-conversion.html
Vallejo,Game Color Metallic,Chainmail,72.053,Vallejo,Model Air,Chrome (Metallic),71.064,matched by product code; matched by product code,https://www.mech9.com/p/vallejo-game-color-paint-conversion.html
Vallejo,Game Color Metallic,Chainmail,72.053,Warhammer Colour,Base,Iron Hands Steel,CT243,"matched by product code; mech9 prints ""Iron Hands Steel (Base)""",https://www.mech9.com/p/vallejo-game-color-paint-conversion.html
Vallejo,Game Color Metallic,Chainmail,72.053,Tamiya,Lacquer Paint,Metallic Gray,LP61,matched by product code; matched by product code,https://www.mech9.com/p/vallejo-game-color-paint-conversion.html
Vallejo,Game Color Metallic,Chainmail,72.053,Army Painter,Original Warpaints,Plate Mail Metal,WP1130P,"matched by product code; mech9 prints ""Plate Mail Metal (Metallics)""",https://www.mech9.com/p/vallejo-game-color-paint-conversion.html
Vallejo,Game Color Metallic,Chainmail,72.053,Army Painter,Warpaints Fanatic,Plate Mail Metal,WP3192P,"matched by product code; mech9 prints ""Plate Mail Metal (Metallic)""",https://www.mech9.com/p/vallejo-game-color-paint-conversion.html
Vallejo,Game Color Metallic,Chainmail,72.053,Army Painter,Warpaints Air,Plate Mail Metal,AW1130P,"matched by product code; mech9 prints ""Plate Mail Metal (Metallics)""",https://www.mech9.com/p/vallejo-game-color-paint-conversion.html
Vallejo,Game Color Metallic,Chainmail,72.053,Vallejo,Model Air,Gunmetal (Metal.),71.072,matched by product code; matched by product code,https://www.mech9.com/p/vallejo-game-color-paint-conversion.html
Vallejo,Game Color Metallic,Dark Gunmetal,72.054,Vallejo,Model Color,Gloss Black,70.861,matched by product code; matched by product code,https://www.mech9.com/p/vallejo-game-color-paint-conversion.html
Vallejo,Game Color Metallic,Dark Gunmetal,72.054,Vallejo,Model Air,Black (Metallic),71.073,matched by product code; matched by product code,https://www.mech9.com/p/vallejo-game-color-paint-conversion.html
Vallejo,Game Color Metallic,Dark Gunmetal,72.054,Vallejo,Game Air,Gunmetal,72.754,matched by product code,https://www.mech9.com/p/vallejo-game-color-paint-conversion.html
Vallejo,Game Color Metallic,Dark Gunmetal,72.054,Tamiya,Lacquer Paint,Gun Metal,LP19,matched by product code; matched by product code,https://www.mech9.com/p/vallejo-game-color-paint-conversion.html
Vallejo,Game Color Metallic,Dark Gunmetal,72.054,Vallejo,Hobby Paint,Gunmetal,28.031,matched by product code; matched by product code,https://www.mech9.com/p/vallejo-game-color-paint-conversion.html
Vallejo,Game Color Metallic,Dark Gunmetal,72.054,Vallejo,Model Color,Gunmetal,70.863,matched by product code; matched by product code,https://www.mech9.com/p/vallejo-game-color-paint-conversion.html
Vallejo,Game Color Metallic,Dark Gunmetal,72.054,Vallejo,Model Air,Gunmetal (Metal.),71.072,matched by product code; matched by product code,https://www.mech9.com/p/vallejo-game-color-paint-conversion.html
Vallejo,Game Color Metallic,Dark Gunmetal,72.054,Tamiya,Lacquer Paint,Dark Iron,LP54,matched by product code; matched by product code,https://www.mech9.com/p/vallejo-game-color-paint-conversion.html
Vallejo,Game Color Metallic,Dark Gunmetal,72.054,AK Interactive,3GEN Acrylics,Gun Metal X10,AK11212,matched by product code; matched by product code,https://www.mech9.com/p/vallejo-game-color-paint-conversion.html
Vallejo,Game Color Metallic,Dark Gunmetal,72.054,Vallejo,Mecha Metallic,Gunmetal,69.058,matched by product code; matched by product code,https://www.mech9.com/p/vallejo-game-color-paint-conversion.html
Vallejo,Game Color Metallic,Polished Gold,72.055,Vallejo,Model Color,Gold,70.996,matched by product code; matched by product code,https://www.mech9.com/p/vallejo-game-color-paint-conversion.html
Vallejo,Game Color Metallic,Polished Gold,72.055,Vallejo,Model Air,Gold (Metallic),71.066,matched by product code; matched by product code,https://www.mech9.com/p/vallejo-game-color-paint-conversion.html
Vallejo,Game Color Metallic,Polished Gold,72.055,Vallejo,Game Air,Polished Gold,72.755,matched by product code,https://www.mech9.com/p/vallejo-game-color-paint-conversion.html
Vallejo,Game Color Metallic,Polished Gold,72.055,Army Painter,Original Warpaints,Greedy Gold,WP1132P,"matched by product code; mech9 prints ""Greedy Gold (Metallics)""",https://www.mech9.com/p/vallejo-game-color-paint-conversion.html
Vallejo,Game Color Metallic,Glorious Gold,72.056,Vallejo,Model Color,Gold,70.996,matched by product code; matched by product code,https://www.mech9.com/p/vallejo-game-color-paint-conversion.html
Vallejo,Game Color Metallic,Glorious Gold,72.056,Vallejo,Model Air,Gold (Metallic),71.066,matched by product code; matched by product code,https://www.mech9.com/p/vallejo-game-color-paint-conversion.html
Vallejo,Game Color Metallic,Glorious Gold,72.056,Vallejo,Game Air,Glorious Gold,72.756,matched by product code,https://www.mech9.com/p/vallejo-game-color-paint-conversion.html
Vallejo,Game Color Metallic,Glorious Gold,72.056,AK Interactive,3GEN Acrylics,Gold,AK11191,matched by product code; matched by product code,https://www.mech9.com/p/vallejo-game-color-paint-conversion.html
Vallejo,Game Color Metallic,Glorious Gold,72.056,Army Painter,Original Warpaints,Greedy Gold,WP1132P,"matched by product code; mech9 prints ""Greedy Gold (Metallics)""",https://www.mech9.com/p/vallejo-game-color-paint-conversion.html
Vallejo,Game Color Metallic,Bright Bronze,72.057,Vallejo,Game Air,Bright Bronze,72.757,matched by product code,https://www.mech9.com/p/vallejo-game-color-paint-conversion.html
Vallejo,Game Color Metallic,Brassy Brass,72.058,Vallejo,Model Color,Copper,70.999,matched by product code; matched by product code,https://www.mech9.com/p/vallejo-game-color-paint-conversion.html
Vallejo,Game Color Metallic,Brassy Brass,72.058,Vallejo,Model Air,Copper (Metallic),71.068,matched by product code; matched by product code,https://www.mech9.com/p/vallejo-game-color-paint-conversion.html
Vallejo,Game Color Metallic,Brassy Brass,72.058,Vallejo,Mecha Metallic,Copper,69.061,matched by product code; matched by product code,https://www.mech9.com/p/vallejo-game-color-paint-conversion.html
Vallejo,Game Color Metallic,Brassy Brass,72.058,Vallejo,Model Air,Rust (Metallic),71.069,matched by product code; matched by product code,https://www.mech9.com/p/vallejo-game-color-paint-conversion.html
Vallejo,Game Color Metallic,Brassy Brass,72.058,AK Interactive,3GEN Acrylics,Copper XF6,AK11197,matched by product code; matched by product code,https://www.mech9.com/p/vallejo-game-color-paint-conversion.html
Vallejo,Game Color Metallic,Hammered Copper,72.059,Vallejo,Model Color,Copper,70.999,matched by product code; matched by product code,https://www.mech9.com/p/vallejo-game-color-paint-conversion.html
Vallejo,Game Color Metallic,Hammered Copper,72.059,Vallejo,Model Air,Copper (Metallic),71.068,matched by product code; matched by product code,https://www.mech9.com/p/vallejo-game-color-paint-conversion.html
Vallejo,Game Color Metallic,Hammered Copper,72.059,Vallejo,Mecha Metallic,Copper,69.061,matched by product code; matched by product code,https://www.mech9.com/p/vallejo-game-color-paint-conversion.html
Vallejo,Game Color,Khaki,72.061,Vallejo,Model Color,Germ. Beige WWII,70.821,matched by product code; matched by product code,https://www.mech9.com/p/vallejo-game-color-paint-conversion.html
Vallejo,Game Color,Khaki,72.061,Vallejo,Model Air,Concrete,71.131,matched by product code; matched by product code,https://www.mech9.com/p/vallejo-game-color-paint-conversion.html
Vallejo,Game Color,Khaki,72.061,Warhammer Colour,Base,Zandri Dust,CT201,"matched by product code; mech9 prints ""Zandri Dust (Base)""",https://www.mech9.com/p/vallejo-game-color-paint-conversion.html
Vallejo,Game Color,Khaki,72.061,Vallejo,Game Air,Khaki,72.761,matched by product code,https://www.mech9.com/p/vallejo-game-color-paint-conversion.html
Vallejo,Game Color,Khaki,72.061,Vallejo,Mecha Color,Grey Sand,69.031,matched by product code; matched by product code,https://www.mech9.com/p/vallejo-game-color-paint-conversion.html
Vallejo,Game Color,Khaki,72.061,Vallejo,Model Air,Hemp,71.023,matched by product code; matched by product code,https://www.mech9.com/p/vallejo-game-color-paint-conversion.html
Vallejo,Game Color,Earth,72.062,Vallejo,Model Color,English Uniform,70.921,matched by product code; matched by product code,https://www.mech9.com/p/vallejo-game-color-paint-conversion.html
Vallejo,Game Color,Earth,72.062,Vallejo,Model Air,Dark Earth,71.029,matched by product code; matched by product code,https://www.mech9.com/p/vallejo-game-color-paint-conversion.html
Vallejo,Game Color,Earth,72.062,Warhammer Colour,Base,Steel Legion Drab,CT155,"matched by product code; mech9 prints ""Steel Legion Drab (Base)""",https://www.mech9.com/p/vallejo-game-color-paint-conversion.html
Vallejo,Game Color,Earth,72.062,Vallejo,Game Air,Earth,72.762,matched by product code,https://www.mech9.com/p/vallejo-game-color-paint-conversion.html
Vallejo,Game Color,Earth,72.062,Army Painter,Original Warpaints,Monster Brown,WP1120P,matched by product code,https://www.mech9.com/p/vallejo-game-color-paint-conversion.html
Vallejo,Game Color,Earth,72.062,Vallejo,Hobby Paint,English Uniform,28.008,matched by product code; matched by product code,https://www.mech9.com/p/vallejo-game-color-paint-conversion.html
Vallejo,Game Color,Earth,72.062,Army Painter,Warpaints Fanatic,Mocca Skin,WP3159P,matched by product code,https://www.mech9.com/p/vallejo-game-color-paint-conversion.html
Vallejo,Game Color,Earth,72.062,Vallejo,Model Air,US Earth Brown,71.290,matched by product code; matched by product code,https://www.mech9.com/p/vallejo-game-color-paint-conversion.html
Vallejo,Game Color,Earth,72.062,Vallejo,Model Air,BS Dark Earth,71.323,matched by product code; matched by product code,https://www.mech9.com/p/vallejo-game-color-paint-conversion.html
Vallejo,Game Color,Earth,72.062,AK Interactive,AIR Series,RAF Dark Earth,AK11841,matched by product code; matched by product code,https://www.mech9.com/p/vallejo-game-color-paint-conversion.html
Vallejo,Game Color,Earth,72.062,AK Interactive,3GEN Acrylics,British Khaki,AK11127,matched by product code; matched by product code,https://www.mech9.com/p/vallejo-game-color-paint-conversion.html
Vallejo,Game Color,Earth,72.062,Vallejo,Model Air,US Field Drab,71.139,matched by product code; matched by product code,https://www.mech9.com/p/vallejo-game-color-paint-conversion.html
Vallejo,Game Color,Desert Yellow,72.063,Vallejo,Model Color,Japan. Unif. WWII,70.923,matched by product code; matched by product code,https://www.mech9.com/p/vallejo-game-color-paint-conversion.html
Vallejo,Game Color,Desert Yellow,72.063,Vallejo,Model Air,Hemp,71.023,matched by product code; matched by product code,https://www.mech9.com/p/vallejo-game-color-paint-conversion.html
Vallejo,Game Color,Desert Yellow,72.063,Warhammer Colour,Layer,Tallarn Sand,CT166,"matched by product code; mech9 prints ""Tallarn Sand (Layer)""",https://www.mech9.com/p/vallejo-game-color-paint-conversion.html
Vallejo,Game Color,Desert Yellow,72.063,Vallejo,Game Air,Desert Yellow,72.763,matched by product code,https://www.mech9.com/p/vallejo-game-color-paint-conversion.html
Vallejo,Game Color,Desert Yellow,72.063,AK Interactive,3GEN Acrylics,Japanese Brown,AK11123,matched by product code; matched by product code,https://www.mech9.com/p/vallejo-game-color-paint-conversion.html
Vallejo,Game Color,Desert Yellow,72.063,Army Painter,Original Warpaints,Sulfide Ochre,WP1456P,matched by product code,https://www.mech9.com/p/vallejo-game-color-paint-conversion.html
Vallejo,Game Color,Desert Yellow,72.063,Vallejo,Hobby Paint,Desert Yellow,28.015,matched by product code; matched by product code,https://www.mech9.com/p/vallejo-game-color-paint-conversion.html
Vallejo,Game Color,Desert Yellow,72.063,Army Painter,Warpaints Fanatic,Prairie Ochre,WP3080P,matched by product code,https://www.mech9.com/p/vallejo-game-color-paint-conversion.html
Vallejo,Game Color,Desert Yellow,72.063,Army Painter,Warpaints Air,Barren Yellow,AW3121P,matched by product code,https://www.mech9.com/p/vallejo-game-color-paint-conversion.html
Vallejo,Game Color,Tan,72.066,Vallejo,Model Color,Red Leather,70.818,matched by product code; matched by product code,https://www.mech9.com/p/vallejo-game-color-paint-conversion.html
Vallejo,Game Color,Tan,72.066,Vallejo,Model Air,Sand Brown,71.034,matched by product code; matched by product code,https://www.mech9.com/p/vallejo-game-color-paint-conversion.html
Vallejo,Game Color,Tan,72.066,AK Interactive,3GEN Acrylics,Deep Brown,AK11102,matched by product code; matched by product code,https://www.mech9.com/p/vallejo-game-color-paint-conversion.html
Vallejo,Game Color,Cayman Green,72.067,Vallejo,Model Color,Bronze Green,70.897,matched by product code; matched by product code,https://www.mech9.com/p/vallejo-game-color-paint-conversion.html
Vallejo,Game Color,Cayman Green,72.067,Vallejo,Model Air,Black Green RLM70,71.021,matched by product code; matched by product code,https://www.mech9.com/p/vallejo-game-color-paint-conversion.html
Vallejo,Game Color,Cayman Green,72.067,Warhammer Colour,Base,Castellan Green,CT39,"matched by product code; mech9 prints ""Castellan Green (Base)""",https://www.mech9.com/p/vallejo-game-color-paint-conversion.html
Vallejo,Game Color,Cayman Green,72.067,AK Interactive,AIR Series,RLM 70,AK11821,matched by product code; matched by product code,https://www.mech9.com/p/vallejo-game-color-paint-conversion.html
Vallejo,Game Color,Cayman Green,72.067,Vallejo,Hobby Paint,UK Bronze Green,28.004,matched by product code; matched by product code,https://www.mech9.com/p/vallejo-game-color-paint-conversion.html
Vallejo,Game Color,Barbarian Skin,72.071,Vallejo,Game Air,Barbarian Skin,76.071,matched by product code,https://www.mech9.com/p/vallejo-game-color-paint-conversion.html
Vallejo,Game Color,Alien Purple,72.076,Vallejo,Model Color,Blue Violet,70.811,matched by product code; matched by product code,https://www.mech9.com/p/vallejo-game-color-paint-conversion.html
Vallejo,Game Color,Alien Purple,72.076,Warhammer Colour,Base,Daemonette Hide,CT45,"matched by product code; mech9 prints ""Daemonette Hide (Base)""",https://www.mech9.com/p/vallejo-game-color-paint-conversion.html
Vallejo,Game Color,Alien Purple,72.076,Vallejo,Game Air,Alien Purple,72.776,matched by product code,https://www.mech9.com/p/vallejo-game-color-paint-conversion.html
Vallejo,Game Color,Alien Purple,72.076,Vallejo,Hobby Paint,Alien Purple,28.025,matched by product code; matched by product code,https://www.mech9.com/p/vallejo-game-color-paint-conversion.html
Vallejo,Game Color,Alien Purple,72.076,Army Painter,Warpaints Fanatic,Hexed Violet,WP3130P,matched by product code,https://www.mech9.com/p/vallejo-game-color-paint-conversion.html
Vallejo,Game Color,Rosy Flesh,72.100,Vallejo,Game Air,Rosy Flesh,72.800,matched by product code,https://www.mech9.com/p/vallejo-game-color-paint-conversion.html
Vallejo,Game Color,Steel Grey,72.102,Vallejo,Game Air,Steel Grey,70.630,"matched by product code; mech9 prints ""STEEL GREY (PRIMER)""",https://www.mech9.com/p/vallejo-game-color-paint-conversion.html
Vallejo,Game Color,Scarlet Blood,72.106,Vallejo,Model Color,Carmine Red,70.908,matched by product code; matched by product code,https://www.mech9.com/p/vallejo-game-color-paint-conversion.html
Vallejo,Game Color,Scarlet Blood,72.106,Warhammer Colour,Layer,Bloodreaver Flesh,CT217,"matched by product code; mech9 prints ""Bloodreaver Flesh (Layer)""",https://www.mech9.com/p/vallejo-game-color-paint-conversion.html
Vallejo,Game Color,Scarlet Blood,72.106,AK Interactive,3GEN Acrylics,Carmine X-7,AK11091,matched by product code; matched by product code,https://www.mech9.com/p/vallejo-game-color-paint-conversion.html
Vallejo,Game Color,Scarlet Blood,72.106,Army Painter,Original Warpaints,Chaotic Red,WP1142P,matched by product code,https://www.mech9.com/p/vallejo-game-color-paint-conversion.html
Vallejo,Game Color,Scarlet Blood,72.106,Vallejo,Hobby Paint,Scarlet Red,28.016,matched by product code; matched by product code,https://www.mech9.com/p/vallejo-game-color-paint-conversion.html
Vallejo,Game Color,Scarlet Blood,72.106,Army Painter,Warpaints Fanatic,Carnelian Skin,WP3151P,matched by product code,https://www.mech9.com/p/vallejo-game-color-paint-conversion.html
Vallejo,Game Color,Scarlet Blood,72.106,Army Painter,Warpaints Air,Chaotic Red,AW1142P,matched by product code,https://www.mech9.com/p/vallejo-game-color-paint-conversion.html
Vallejo,Game Color,Scarlet Blood,72.106,Vallejo,Model Air,Fire Red,71.084,matched by product code; matched by product code,https://www.mech9.com/p/vallejo-game-color-paint-conversion.html
Vallejo,Game Color,Athena Skin,72.107,Warhammer Colour,Base,Bugman's Glow,CT32,"matched by product code; mech9 prints ""Bugmans Glow (Base)""",https://www.mech9.com/p/vallejo-game-color-paint-conversion.html
Vallejo,Game Color,Athena Skin,72.107,Vallejo,Game Air,Athena Skin,76.107,matched by product code,https://www.mech9.com/p/vallejo-game-color-paint-conversion.html
Vallejo,Game Color,Athena Skin,72.107,Army Painter,Original Warpaints,Tanned Flesh,WP1127P,matched by product code,https://www.mech9.com/p/vallejo-game-color-paint-conversion.html
Vallejo,Game Color,Athena Skin,72.107,Army Painter,Warpaints Fanatic,Ruddy Umber,WP3113P,matched by product code,https://www.mech9.com/p/vallejo-game-color-paint-conversion.html
Vallejo,Game Color,Athena Skin,72.107,Army Painter,Warpaints Air,Viper Brown,AW4122P,matched by product code,https://www.mech9.com/p/vallejo-game-color-paint-conversion.html
Vallejo,Game Color,Toxic Yellow,72.109,Warhammer Colour,Layer,Dorn Yellow,CT54,"matched by product code; mech9 prints ""Dorn Yellow (Edge)""",https://www.mech9.com/p/vallejo-game-color-paint-conversion.html
Vallejo,Game Color,Toxic Yellow,72.109,Vallejo,Game Air,Toxic Yellow,76.109,matched by product code,https://www.mech9.com/p/vallejo-game-color-paint-conversion.html
Vallejo,Game Color,Toxic Yellow,72.109,Army Painter,Original Warpaints,Arid Earth,WP1402P,matched by product code,https://www.mech9.com/p/vallejo-game-color-paint-conversion.html
Vallejo,Game Color,Toxic Yellow,72.109,Army Painter,Warpaints Fanatic,Ice Yellow,WP3096P,matched by product code,https://www.mech9.com/p/vallejo-game-color-paint-conversion.html
Vallejo,Game Color,Toxic Yellow,72.109,Army Painter,Warpaints Air,Cosmic Dust,AW4438P,matched by product code,https://www.mech9.com/p/vallejo-game-color-paint-conversion.html
Vallejo,Game Color,Nocturnal Red,72.111,Vallejo,Game Air,Nocturnal Red,76.111,matched by product code,https://www.mech9.com/p/vallejo-game-color-paint-conversion.html
Vallejo,Game Color,Lustful Purple,72.114,Warhammer Colour,Layer,Dechala Lilac,CT52,"matched by product code; mech9 prints ""Dechala Lilac (Edge)""",https://www.mech9.com/p/vallejo-game-color-paint-conversion.html
Vallejo,Game Color,Lustful Purple,72.114,Vallejo,Game Air,Lustful Purple,76.114,matched by product code,https://www.mech9.com/p/vallejo-game-color-paint-conversion.html
Vallejo,Game Color,Lustful Purple,72.114,Army Painter,Original Warpaints,Oozing Purple,WP1445P,matched by product code,https://www.mech9.com/p/vallejo-game-color-paint-conversion.html
Vallejo,Game Color,Lustful Purple,72.114,Army Painter,Warpaints Fanatic,Violet Coven,WP3131P,matched by product code,https://www.mech9.com/p/vallejo-game-color-paint-conversion.html
Vallejo,Game Color,Midnight Purple,72.116,Vallejo,Game Air,Midnight Purple,76.116,matched by product code,https://www.mech9.com/p/vallejo-game-color-paint-conversion.html
Vallejo,Game Color,Elfic Blue,72.117,Warhammer Colour,Layer,Calgar Blue,CT35,"matched by product code; mech9 prints ""Calgar Blue (Layer)""",https://www.mech9.com/p/vallejo-game-color-paint-conversion.html
Vallejo,Game Color,Elfic Blue,72.117,Army Painter,Warpaints Fanatic,Alpha Blue,WP3022P,matched by product code,https://www.mech9.com/p/vallejo-game-color-paint-conversion.html
Vallejo,Game Color,Sunrise Blue,72.118,Warhammer Colour,Base,Kantor Blue,CT91,"matched by product code; mech9 prints ""Kantor Blue (Base)""",https://www.mech9.com/p/vallejo-game-color-paint-conversion.html
Vallejo,Game Color,Sunrise Blue,72.118,Vallejo,Game Air,Sunrise Blue,72.818,matched by product code,https://www.mech9.com/p/vallejo-game-color-paint-conversion.html
Vallejo,Game Color,Sunrise Blue,72.118,Army Painter,Original Warpaints,Dark Sky,WP1415P,matched by product code,https://www.mech9.com/p/vallejo-game-color-paint-conversion.html
Vallejo,Game Color,Sunrise Blue,72.118,Army Painter,Warpaints Fanatic,Triumphant Navy,WP3019P,matched by product code,https://www.mech9.com/p/vallejo-game-color-paint-conversion.html
Vallejo,Game Color,Sunrise Blue,72.118,Army Painter,Warpaints Air,Dark Sky,AW1415P,matched by product code,https://www.mech9.com/p/vallejo-game-color-paint-conversion.html
Vallejo,Game Color,Abyssal Turquoise,72.120,Warhammer Colour,Base,Stegadon Scale Green,CT156,"matched by product code; mech9 prints ""Stegadon Scale Green (Base)""",https://www.mech9.com/p/vallejo-game-color-paint-conversion.html
Vallejo,Game Color,Abyssal Turquoise,72.120,Vallejo,Game Air,Abyssal Turquoise,72.820,matched by product code,https://www.mech9.com/p/vallejo-game-color-paint-conversion.html
Vallejo,Game Color,Abyssal Turquoise,72.120,Army Painter,Warpaints Fanatic,Deep Ocean Blue,WP3031P,matched by product code,https://www.mech9.com/p/vallejo-game-color-paint-conversion.html
Vallejo,Game Color,Abyssal Turquoise,72.120,Army Painter,Warpaints Air,Thunder Storm,AW3415P,matched by product code,https://www.mech9.com/p/vallejo-game-color-paint-conversion.html
Vallejo,Game Color,Ghost Green,72.121,Warhammer Colour,Layer,Gauss Blaster Green,CT73,"matched by product code; mech9 prints ""Gauss Blaster Green (Edge)""",https://www.mech9.com/p/vallejo-game-color-paint-conversion.html
Vallejo,Game Color,Ghost Green,72.121,Vallejo,Game Air,Ghost Green,76.121,matched by product code,https://www.mech9.com/p/vallejo-game-color-paint-conversion.html
Vallejo,Game Color,Ghost Green,72.121,Army Painter,Original Warpaints,Kraken Skin,WP1435P,matched by product code,https://www.mech9.com/p/vallejo-game-color-paint-conversion.html
Vallejo,Game Color,Ghost Green,72.121,Army Painter,Warpaints Fanatic,Ferocious Green,WP3054P,matched by product code,https://www.mech9.com/p/vallejo-game-color-paint-conversion.html
Vallejo,Game Color,Ghost Green,72.121,Army Painter,Warpaints Air,Feral Green,AW4111P,matched by product code,https://www.mech9.com/p/vallejo-game-color-paint-conversion.html
Vallejo,Game Color,Bile Green,72.122,Vallejo,Game Air,Bile Green,76.122,matched by product code,https://www.mech9.com/p/vallejo-game-color-paint-conversion.html
Vallejo,Game Color,Angel Green,72.123,Vallejo,Game Air,Angel Green,76.123,matched by product code,https://www.mech9.com/p/vallejo-game-color-paint-conversion.html
Vallejo,Game Color,Gorgon Brown,72.124,Warhammer Colour,Base,Mournfang Brown,CT115,"matched by product code; mech9 prints ""Mournfang Brown (Base)""",https://www.mech9.com/p/vallejo-game-color-paint-conversion.html
Vallejo,Game Color,Gorgon Brown,72.124,Army Painter,Original Warpaints,Leather Brown,WP1123P,matched by product code,https://www.mech9.com/p/vallejo-game-color-paint-conversion.html
Vallejo,Game Color,Gorgon Brown,72.124,Army Painter,Warpaints Fanatic,Leather Brown,WP3075P,matched by product code,https://www.mech9.com/p/vallejo-game-color-paint-conversion.html
Vallejo,Game Color,Heavy Skintone,72.140,Vallejo,Model Color,Cork Brown,70.843,matched by product code; matched by product code,https://www.mech9.com/p/vallejo-game-color-paint-conversion.html
Vallejo,Game Color,Heavy Skintone,72.140,Vallejo,Model Air,Skin Tone,71.076,matched by product code; matched by product code,https://www.mech9.com/p/vallejo-game-color-paint-conversion.html
Vallejo,Game Color,Heavy Skintone,72.140,Warhammer Colour,Layer,Bestigor Flesh,CT25,"matched by product code; mech9 prints ""Bestigor Flesh (Layer)""",https://www.mech9.com/p/vallejo-game-color-paint-conversion.html
Vallejo,Game Color,Heavy Skintone,72.140,Tamiya,Lacquer Paint,Flat Flesh,LP66,matched by product code; matched by product code,https://www.mech9.com/p/vallejo-game-color-paint-conversion.html
Vallejo,Game Color,Heavy Skintone,72.140,Army Painter,Original Warpaints,Barbarian Flesh,WP1126P,matched by product code,https://www.mech9.com/p/vallejo-game-color-paint-conversion.html
Vallejo,Game Color,Heavy Skintone,72.140,Army Painter,Warpaints Fanatic,Barbarian Flesh,WP3147P,matched by product code,https://www.mech9.com/p/vallejo-game-color-paint-conversion.html
Vallejo,Game Color,Heavy Skintone,72.140,Army Painter,Warpaints Air,Barbarian Flesh,AW1126P,matched by product code,https://www.mech9.com/p/vallejo-game-color-paint-conversion.html
Vallejo,Game Color,Heavy Skintone,72.140,Vallejo,Model Air,USAF Brown,71.125,matched by product code; matched by product code,https://www.mech9.com/p/vallejo-game-color-paint-conversion.html
Vallejo,Game Color,Heavy Skintone,72.140,AK Interactive,3GEN Acrylics,Dark Flesh,AK11056,matched by product code; matched by product code,https://www.mech9.com/p/vallejo-game-color-paint-conversion.html
Vallejo,Game Color,Heavy Skintone,72.140,AK Interactive,3GEN Acrylics,Skin Tone,AK11055,matched by product code; matched by product code,https://www.mech9.com/p/vallejo-game-color-paint-conversion.html
Vallejo,Game Color,Heavy Red,72.141,Vallejo,Model Color,Red,70.926,matched by product code; matched by product code,https://www.mech9.com/p/vallejo-game-color-paint-conversion.html
Vallejo,Game Color,Heavy Red,72.141,Vallejo,Model Air,Fire Red,71.084,matched by product code; matched by product code,https://www.mech9.com/p/vallejo-game-color-paint-conversion.html
Vallejo,Game Color,Heavy Red,72.141,Vallejo,Mecha Color,Dark Red,69.011,matched by product code; matched by product code,https://www.mech9.com/p/vallejo-game-color-paint-conversion.html
Vallejo,Game Color,Heavy Red,72.141,AK Interactive,3GEN Acrylics,Bordeaux Red,AK11094,matched by product code; matched by product code,https://www.mech9.com/p/vallejo-game-color-paint-conversion.html
Vallejo,Game Color,Heavy Red,72.141,Army Painter,Original Warpaints,Vampire Red,WP1460P,matched by product code,https://www.mech9.com/p/vallejo-game-color-paint-conversion.html
Vallejo,Game Color,Heavy Violet,72.142,Vallejo,Model Color,Violet,70.960,matched by product code; matched by product code,https://www.mech9.com/p/vallejo-game-color-paint-conversion.html
Vallejo,Game Color,Heavy Violet,72.142,AK Interactive,3GEN Acrylics,Lilac,AK11071,matched by product code; matched by product code,https://www.mech9.com/p/vallejo-game-color-paint-conversion.html
Vallejo,Game Color,Heavy Blue,72.143,Vallejo,Model Color,Prussian Blue,70.965,matched by product code; matched by product code,https://www.mech9.com/p/vallejo-game-color-paint-conversion.html
Vallejo,Game Color,Heavy Blue,72.143,Vallejo,Model Air,Dark Blue RLM24,71.266,matched by product code; matched by product code,https://www.mech9.com/p/vallejo-game-color-paint-conversion.html
Vallejo,Game Color,Heavy Blue,72.143,Vallejo,Mecha Color,Dark Blue,69.021,matched by product code; matched by product code,https://www.mech9.com/p/vallejo-game-color-paint-conversion.html
Vallejo,Game Color,Heavy Bluegrey,72.144,Vallejo,Model Color,Blue Grey Pale,70.905,matched by product code; matched by product code,https://www.mech9.com/p/vallejo-game-color-paint-conversion.html
Vallejo,Game Color,Heavy Bluegrey,72.144,Vallejo,Model Air,Medium Gray,71.114,matched by product code; matched by product code,https://www.mech9.com/p/vallejo-game-color-paint-conversion.html
Vallejo,Game Color,Heavy Bluegrey,72.144,Vallejo,Model Air,AMT-11 Blue Grey,71.304,matched by product code; matched by product code,https://www.mech9.com/p/vallejo-game-color-paint-conversion.html
Vallejo,Game Color,Heavy Bluegrey,72.144,AK Interactive,AIR Series,AMT-11 Blue-Grey,AK11917,matched by product code; matched by product code,https://www.mech9.com/p/vallejo-game-color-paint-conversion.html
Vallejo,Game Color,Dirty Grey,72.145,Vallejo,Model Color,Russian Unif. WWII,70.924,matched by product code; matched by product code,https://www.mech9.com/p/vallejo-game-color-paint-conversion.html
Vallejo,Game Color,Dirty Grey,72.145,Vallejo,Model Air,Russian Green 4BO,71.017,matched by product code; matched by product code,https://www.mech9.com/p/vallejo-game-color-paint-conversion.html
Vallejo,Game Color,Dirty Grey,72.145,Warhammer Colour,Base,Deathworld Forest,CT51,"matched by product code; mech9 prints ""Deathworld Forest (Base)""",https://www.mech9.com/p/vallejo-game-color-paint-conversion.html
Vallejo,Game Color,Dirty Grey,72.145,Army Painter,Original Warpaints,Venom Wyrm,WP1461P,matched by product code,https://www.mech9.com/p/vallejo-game-color-paint-conversion.html
Vallejo,Game Color,Dirty Grey,72.145,Vallejo,Hobby Paint,Russian Uniform,28.007,matched by product code; matched by product code,https://www.mech9.com/p/vallejo-game-color-paint-conversion.html
Vallejo,Game Color,Dirty Grey,72.145,Army Painter,Warpaints Fanatic,Tundra Taupe,WP3079P,matched by product code,https://www.mech9.com/p/vallejo-game-color-paint-conversion.html
Vallejo,Game Color,Heavy Green,72.146,Vallejo,Model Color,Luftwaffe Green,70.823,matched by product code; matched by product code,https://www.mech9.com/p/vallejo-game-color-paint-conversion.html
Vallejo,Game Color,Heavy Green,72.146,Vallejo,Model Air,Light Green RLM82,71.022,matched by product code; matched by product code,https://www.mech9.com/p/vallejo-game-color-paint-conversion.html
Vallejo,Game Color,Heavy Green,72.146,AK Interactive,3GEN Acrylics,Alga Green,AK11152,matched by product code; matched by product code,https://www.mech9.com/p/vallejo-game-color-paint-conversion.html
Vallejo,Game Color,Heavy Blackgreen,72.147,Vallejo,Model Color,Black Green,70.980,matched by product code; matched by product code,https://www.mech9.com/p/vallejo-game-color-paint-conversion.html
Vallejo,Game Color,Heavy Blackgreen,72.147,Vallejo,Model Air,Green RLM73,71.256,matched by product code; matched by product code,https://www.mech9.com/p/vallejo-game-color-paint-conversion.html
Vallejo,Game Color,Heavy Blackgreen,72.147,AK Interactive,3GEN Acrylics,Gunship Green,AK11150,matched by product code; matched by product code,https://www.mech9.com/p/vallejo-game-color-paint-conversion.html
Vallejo,Game Color,Heavy Blackgreen,72.147,Army Painter,Original Warpaints,Greenskin,WP1111P,matched by product code,https://www.mech9.com/p/vallejo-game-color-paint-conversion.html
Vallejo,Game Color,Warm Grey,72.148,Warhammer Colour,Base,Rakarth Flesh,CT129,"matched by product code; mech9 prints ""Rakarth Flesh (Base)""",https://www.mech9.com/p/vallejo-game-color-paint-conversion.html
Vallejo,Game Color,Heavy Khaki,72.149,Vallejo,Model Color,Middle Stone,70.882,matched by product code; matched by product code,https://www.mech9.com/p/vallejo-game-color-paint-conversion.html
Vallejo,Game Color,Heavy Khaki,72.149,Vallejo,Model Air,Middle Stone,71.031,matched by product code; matched by product code,https://www.mech9.com/p/vallejo-game-color-paint-conversion.html
Vallejo,Game Color,Heavy Khaki,72.149,AK Interactive,AIR Series,RAF Middle Stone,AK11846,matched by product code; matched by product code,https://www.mech9.com/p/vallejo-game-color-paint-conversion.html
Vallejo,Game Color,Heavy Ochre,72.150,Vallejo,Model Color,Ochre Brown,70.856,matched by product code; matched by product code,https://www.mech9.com/p/vallejo-game-color-paint-conversion.html
Vallejo,Game Color,Heavy Ochre,72.150,Vallejo,Model Air,Yellow Ochre,71.033,matched by product code; matched by product code,https://www.mech9.com/p/vallejo-game-color-paint-conversion.html
Vallejo,Game Color,Heavy Goldbrown,72.151,Vallejo,Model Color,Gold Brown,70.877,matched by product code; matched by product code,https://www.mech9.com/p/vallejo-game-color-paint-conversion.html
Vallejo,Game Color,Heavy Goldbrown,72.151,Vallejo,Model Air,Dark Green,71.012,matched by product code; matched by product code,https://www.mech9.com/p/vallejo-game-color-paint-conversion.html
Vallejo,Game Color,Heavy Brown,72.153,Vallejo,Model Color,Flat Earth,70.983,matched by product code; matched by product code,https://www.mech9.com/p/vallejo-game-color-paint-conversion.html
Vallejo,Game Color,Heavy Sienna,72.154,Vallejo,Model Color,Flat Brown,70.984,matched by product code; matched by product code,https://www.mech9.com/p/vallejo-game-color-paint-conversion.html
Vallejo,Game Color,Heavy Sienna,72.154,Vallejo,Model Air,Hull Red,71.039,matched by product code; matched by product code,https://www.mech9.com/p/vallejo-game-color-paint-conversion.html
Vallejo,Game Color,Heavy Sienna,72.154,Vallejo,Model Air,Mahogany,71.036,matched by product code; matched by product code,https://www.mech9.com/p/vallejo-game-color-paint-conversion.html
Vallejo,Game Color,Heavy Sienna,72.154,AK Interactive,3GEN Acrylics,Burnt Red XF-9,AK11097,matched by product code; matched by product code,https://www.mech9.com/p/vallejo-game-color-paint-conversion.html
Vallejo,Game Color,Charcoal,72.155,Vallejo,Model Color,Black,70.950,matched by product code; matched by product code,https://www.mech9.com/p/vallejo-game-color-paint-conversion.html
Vallejo,Game Color,Charcoal,72.155,Vallejo,Model Air,Black,71.057,matched by product code; matched by product code,https://www.mech9.com/p/vallejo-game-color-paint-conversion.html
Vallejo,Game Color,Charcoal,72.155,Warhammer Colour,Base,Corvus Black,CT297,"matched by product code; mech9 prints ""Corvus Black (Base)""",https://www.mech9.com/p/vallejo-game-color-paint-conversion.html
Vallejo,Game Color,Charcoal,72.155,Vallejo,Game Air,Black,72.751,matched by product code,https://www.mech9.com/p/vallejo-game-color-paint-conversion.html
Vallejo,Game Color,Charcoal,72.155,Vallejo,Mecha Color,Pure Black,69.042,matched by product code; matched by product code,https://www.mech9.com/p/vallejo-game-color-paint-conversion.html
Vallejo,Game Color,Charcoal,72.155,Tamiya,Lacquer Paint,Flat Black,LP3,matched by product code; matched by product code,https://www.mech9.com/p/vallejo-game-color-paint-conversion.html
Vallejo,Game Color,Charcoal,72.155,AK Interactive,3GEN Acrylics,Black,AK11029,matched by product code; matched by product code,https://www.mech9.com/p/vallejo-game-color-paint-conversion.html
Vallejo,Game Color Wash,Sepia,73.200,Warhammer Colour,Shade,Seraphim Sepia,CT142,"matched by product code; mech9 prints ""Seraphim Sepia (Shade)""",https://www.mech9.com/p/vallejo-game-color-paint-conversion.html
Vallejo,Game Color Wash,Sepia,73.200,Army Painter,Original Warpaints,Mid Brown,WP1469P,"matched by product code; mech9 prints ""Mid Brown (Washes)""",https://www.mech9.com/p/vallejo-game-color-paint-conversion.html
Vallejo,Game Color Wash,Sepia,73.200,Army Painter,Warpaints Fanatic,Sepia Tone,WP3203P,"matched by product code; mech9 prints ""Sepia Tone (Wash)""",https://www.mech9.com/p/vallejo-game-color-paint-conversion.html
Vallejo,Game Color Wash,Black,73.201,Warhammer Colour,Shade,Nuln Oil,CT120,"matched by product code; mech9 prints ""Nuln Oil (Shade)""",https://www.mech9.com/p/vallejo-game-color-paint-conversion.html
Vallejo,Game Color Wash,Black,73.201,Army Painter,Original Warpaints,Dark Tone,WP1136P,"matched by product code; mech9 prints ""Dark Tone (Washes)""",https://www.mech9.com/p/vallejo-game-color-paint-conversion.html
Vallejo,Game Color Wash,Black,73.201,Army Painter,Warpaints Fanatic,Dark Tone,WP3199P,"matched by product code; mech9 prints ""Dark Tone (Wash)""",https://www.mech9.com/p/vallejo-game-color-paint-conversion.html
Vallejo,Game Color Wash,Umber,73.203,Warhammer Colour,Shade,Agrax Earthshade,CT4,"matched by product code; mech9 prints ""Agrax Earthshade (Shade)""",https://www.mech9.com/p/vallejo-game-color-paint-conversion.html
Vallejo,Game Color Wash,Umber,73.203,Army Painter,Original Warpaints,Strong Tone,WP1135P,"matched by product code; mech9 prints ""Strong Tone (Washes)""",https://www.mech9.com/p/vallejo-game-color-paint-conversion.html
Vallejo,Game Color Wash,Umber,73.203,Army Painter,Warpaints Fanatic,Strong Tone,WP3200P,"matched by product code; mech9 prints ""Strong Tone (Wash)""",https://www.mech9.com/p/vallejo-game-color-paint-conversion.html
Vallejo,Game Color Wash,Flesh,73.204,Warhammer Colour,Shade,Reikland Fleshshade,CT131,"matched by product code; mech9 prints ""Reikland Fleshshade (Shade)""",https://www.mech9.com/p/vallejo-game-color-paint-conversion.html
Vallejo,Game Color Wash,Flesh,73.204,Army Painter,Original Warpaints,Strong Skin Wash,WP8909I,matched by product code,https://www.mech9.com/p/vallejo-game-color-paint-conversion.html
Vallejo,Game Color Wash,Flesh,73.204,Army Painter,Warpaints Fanatic,Strong Skin Shade,WP3214P,"matched by product code; mech9 prints ""Strong Skin Shade (Wash)""",https://www.mech9.com/p/vallejo-game-color-paint-conversion.html
Vallejo,Game Color Wash,Violet,73.209,Warhammer Colour,Shade,Druchii Violet,CT56,"matched by product code; mech9 prints ""Druchii Violet (Shade)""",https://www.mech9.com/p/vallejo-game-color-paint-conversion.html
Vallejo,Game Color Wash,Violet,73.209,Army Painter,Original Warpaints,Purple Tone,WP1140P,"matched by product code; mech9 prints ""Purple Tone (Washes)""",https://www.mech9.com/p/vallejo-game-color-paint-conversion.html
Vallejo,Game Color Wash,Violet,73.209,Army Painter,Warpaints Fanatic,Purple Tone,WP3212P,"matched by product code; mech9 prints ""Purple Tone (Wash)""",https://www.mech9.com/p/vallejo-game-color-paint-conversion.html
Vallejo,Model Color Auxiliary,Glossy Varnish,70.510,Tamiya,Lacquer Paint,Clear,LP9,matched by product code; matched by product code,https://www.mech9.com/p/vallejo-model-color-conversion-table.html
Vallejo,Model Color Auxiliary,Matt Varnish,70.520,Tamiya,Lacquer Paint,Flat Clear,LP23,matched by product code; matched by product code,https://www.mech9.com/p/vallejo-model-color-conversion-table.html
Vallejo,Model Color Auxiliary,Matt Varnish,70.520,Tamiya,Lacquer Paint,Flat Base,LP22,matched by product code; matched by product code,https://www.mech9.com/p/vallejo-model-color-conversion-table.html
Vallejo,Primers,Grey,70.601,Vallejo,Mecha Primer,Grey,70.641,matched by product code; matched by product code,https://www.mech9.com/p/vallejo-model-color-conversion-table.html
Vallejo,Primers,Black,70.602,Vallejo,Mecha Primer,Black,70.642,matched by product code; matched by product code,https://www.mech9.com/p/vallejo-model-color-conversion-table.html
Vallejo,Primers,Black,70.602,Vallejo,Hobby Paint,Black,28.012,matched by product code; matched by product code,https://www.mech9.com/p/vallejo-model-color-conversion-table.html
Vallejo,Primers,Black,70.602,Vallejo,Model Air,Black,71.057,matched by product code; matched by product code,https://www.mech9.com/p/vallejo-model-color-conversion-table.html
Vallejo,Primers,Black,70.602,Warhammer Colour,Base,Abaddon Black,CT2,"matched by product code; mech9 prints ""Abaddon Black (Base)""",https://www.mech9.com/p/vallejo-model-color-conversion-table.html
Vallejo,Primers,Black,70.602,Vallejo,Game Air,Black,76.051,matched by product code,https://www.mech9.com/p/vallejo-model-color-conversion-table.html
Vallejo,Primers,Black,70.602,Vallejo,Mecha Color,Pure Black,69.042,matched by product code; matched by product code,https://www.mech9.com/p/vallejo-model-color-conversion-table.html
Vallejo,Primers,Black,70.602,Tamiya,Lacquer Paint,Flat Black,LP3,matched by product code; matched by product code,https://www.mech9.com/p/vallejo-model-color-conversion-table.html
Vallejo,Primers,Black,70.602,AK Interactive,3GEN Acrylics,Black,AK11029,matched by product code; matched by product code,https://www.mech9.com/p/vallejo-model-color-conversion-table.html
Vallejo,Primers,Black,70.602,Army Painter,Original Warpaints,Matt Black,WP1101P,matched by product code,https://www.mech9.com/p/vallejo-model-color-conversion-table.html
Vallejo,Primers,Black,70.602,Army Painter,Warpaints Fanatic,Matt Black,WP3001P,matched by product code,https://www.mech9.com/p/vallejo-model-color-conversion-table.html
Vallejo,Primers,Black,70.602,Army Painter,Warpaints Air,Matt Black,AW1101P,matched by product code,https://www.mech9.com/p/vallejo-model-color-conversion-table.html
Vallejo,Primers,German Panzer Grey,70.603,Vallejo,Hobby Paint,Panzer Grey,28.002,matched by product code; matched by product code,https://www.mech9.com/p/vallejo-model-color-conversion-table.html
Vallejo,Primers,UK Bronze Green,70.607,Vallejo,Hobby Paint,UK Bronze Green,28.004,matched by product code; matched by product code,https://www.mech9.com/p/vallejo-model-color-conversion-table.html
Vallejo,Primers,USA Olive Drab,70.608,Vallejo,Hobby Paint,US Olive Drab,28.005,matched by product code; matched by product code,https://www.mech9.com/p/vallejo-model-color-conversion-table.html
Vallejo,Primers,Russian Green 4BO,70.609,Vallejo,Hobby Paint,Russian Green 4BO,28.003,matched by product code; matched by product code,https://www.mech9.com/p/vallejo-model-color-conversion-table.html
Vallejo,Primers,Desert Tan,70.613,Vallejo,Mecha Primer,Sand,70.644,matched by product code; matched by product code,https://www.mech9.com/p/vallejo-model-color-conversion-table.html
Vallejo,Primers,USN Light Ghost Grey,70.615,AK Interactive,AIR Series,Light Ghost Grey FS 36375,AK11888,matched by product code; matched by product code,https://www.mech9.com/p/vallejo-model-color-conversion-table.html
Vallejo,Primers,Ultramarine Blue,70.625,Vallejo,Model Air,French Blue,71.088,matched by product code; matched by product code,https://www.mech9.com/p/vallejo-model-color-conversion-table.html
Vallejo,Primers,Ultramarine Blue,70.625,Warhammer Colour,Base,Macragge Blue,CT107,"matched by product code; mech9 prints ""Macragge Blue (Base)""",https://www.mech9.com/p/vallejo-model-color-conversion-table.html
Vallejo,Primers,Ultramarine Blue,70.625,Vallejo,Game Air,Ultramarine Blue,76.022,matched by product code,https://www.mech9.com/p/vallejo-model-color-conversion-table.html
Vallejo,Primers,Ultramarine Blue,70.625,Vallejo,Hobby Paint,Ultramarine Blue,28.017,matched by product code; matched by product code,https://www.mech9.com/p/vallejo-model-color-conversion-table.html
Vallejo,Primers,Ultramarine Blue,70.625,Army Painter,Warpaints Fanatic,Gothic Blue,WP3020P,matched by product code,https://www.mech9.com/p/vallejo-model-color-conversion-table.html
Vallejo,Model Color,Yellow Fluo,70.730,AK Interactive,3GEN Acrylics,Yellow,AK11049,matched by product code; matched by product code,https://www.mech9.com/p/vallejo-model-color-conversion-table.html
Vallejo,Model Color,Orange Fluo,70.733,AK Interactive,3GEN Acrylics,Fluorescent Orange,AK11081,matched by product code; matched by product code,https://www.mech9.com/p/vallejo-model-color-conversion-table.html
Vallejo,Model Color,Magenta Fluo,70.735,AK Interactive,3GEN Acrylics,Magenta,AK11068,matched by product code; matched by product code,https://www.mech9.com/p/vallejo-model-color-conversion-table.html
Vallejo,Model Color,Blue Fluo,70.736,Vallejo,Mecha Color,Electric Blue,69.020,matched by product code; matched by product code,https://www.mech9.com/p/vallejo-model-color-conversion-table.html
Vallejo,Model Color,Blue Fluo,70.736,AK Interactive,3GEN Acrylics,Fluorescent Blue,AK11178,matched by product code; matched by product code,https://www.mech9.com/p/vallejo-model-color-conversion-table.html
Vallejo,Model Color,Infantry Blue,70.752,Vallejo,Model Air,Signal Blue,71.091,matched by product code; matched by product code,https://www.mech9.com/p/vallejo-model-color-conversion-table.html
Vallejo,Model Color,German Tank Crew,70.759,Vallejo,Model Air,Grey Green RLM74,71.258,matched by product code; matched by product code,https://www.mech9.com/p/vallejo-model-color-conversion-table.html
Vallejo,Model Color,Light Mud,70.760,Vallejo,Model Air,UK Light Mud,71.284,matched by product code; matched by product code,https://www.mech9.com/p/vallejo-model-color-conversion-table.html
Vallejo,Model Color,Old Wood,70.761,Vallejo,Model Air,Camouflage Grey,71.118,matched by product code; matched by product code,https://www.mech9.com/p/vallejo-model-color-conversion-table.html
Vallejo,Model Color,Grey Brown,70.762,Vallejo,Model Air,Camou. Grey Green,71.116,matched by product code; matched by product code,https://www.mech9.com/p/vallejo-model-color-conversion-table.html
Vallejo,Model Color,Canvas,70.763,Vallejo,Model Air,Brown Violet RLM81,71.264,matched by product code; matched by product code,https://www.mech9.com/p/vallejo-model-color-conversion-table.html
Vallejo,Model Color,Military Yellow,70.764,Vallejo,Model Air,Dark Yellow,71.025,matched by product code; matched by product code,https://www.mech9.com/p/vallejo-model-color-conversion-table.html
Vallejo,Model Color,Cream White,70.766,Vallejo,Model Air,Off-White,71.270,matched by product code; matched by product code,https://www.mech9.com/p/vallejo-model-color-conversion-table.html
Vallejo,Model Color,Desert Brown,70.767,Vallejo,Model Air,Camouflage Brown,71.117,matched by product code; matched by product code,https://www.mech9.com/p/vallejo-model-color-conversion-table.html
Vallejo,Model Color,BC Dark Brown,70.768,Vallejo,Model Air,Camou. Pale Brown,71.035,matched by product code; matched by product code,https://www.mech9.com/p/vallejo-model-color-conversion-table.html
Vallejo,Model Color,Mustard Brown,70.769,Vallejo,Model Air,Sand Yellow RLM79,71.278,matched by product code; matched by product code,https://www.mech9.com/p/vallejo-model-color-conversion-table.html
Vallejo,Model Color,Medium Grey Blue,70.772,Vallejo,Model Air,Light Blue RLM65,71.255,matched by product code; matched by product code,https://www.mech9.com/p/vallejo-model-color-conversion-table.html
Vallejo,Model Color,Violet Grey,70.773,Vallejo,Model Air,Grey Violet RLM75,71.259,matched by product code; matched by product code,https://www.mech9.com/p/vallejo-model-color-conversion-table.html
Vallejo,Model Color,Brass,70.801,AK Interactive,3GEN Acrylics,Brass,AK11194,matched by product code; matched by product code,https://www.mech9.com/p/vallejo-model-color-conversion-table.html
Vallejo,Model Color,Sunset Red,70.802,AK Interactive,3GEN Acrylics,Ruby,AK11084,matched by product code; matched by product code,https://www.mech9.com/p/vallejo-model-color-conversion-table.html
Vallejo,Model Color,Brown Rose,70.803,AK Interactive,3GEN Acrylics,Brown Rose,AK11063,matched by product code; matched by product code,https://www.mech9.com/p/vallejo-model-color-conversion-table.html
Vallejo,Model Color,Beige Red,70.804,Warhammer Colour,Layer,Kislev Flesh,CT95,"matched by product code; mech9 prints ""Kislev Flesh (Layer)""",https://www.mech9.com/p/vallejo-model-color-conversion-table.html
Vallejo,Model Color,Beige Red,70.804,Vallejo,Game Air,Elf Skintone,72.704,matched by product code,https://www.mech9.com/p/vallejo-model-color-conversion-table.html
Vallejo,Model Color,Beige Red,70.804,AK Interactive,3GEN Acrylics,Beige Red,AK11064,matched by product code; matched by product code,https://www.mech9.com/p/vallejo-model-color-conversion-table.html
Vallejo,Model Color,Beige Red,70.804,Army Painter,Original Warpaints,Barbarian Flesh,WP1126P,matched by product code,https://www.mech9.com/p/vallejo-model-color-conversion-table.html
Vallejo,Model Color,Beige Red,70.804,Army Painter,Warpaints Fanatic,Barbarian Flesh,WP3147P,matched by product code,https://www.mech9.com/p/vallejo-model-color-conversion-table.html
Vallejo,Model Color,Beige Red,70.804,Army Painter,Warpaints Air,Barbarian Flesh,AW1126P,matched by product code,https://www.mech9.com/p/vallejo-model-color-conversion-table.html
Vallejo,Model Color,Beige Red,70.804,Warhammer Colour,Layer,Tau Light Ochre,CT167,"matched by product code; mech9 prints ""Tau Light Ochre (Layer)""",https://www.mech9.com/p/vallejo-model-color-conversion-table.html
Vallejo,Model Color,Beige Red,70.804,Vallejo,Game Air,Bronze Fleshtone/Bronze Brown,72.736,matched by product code,https://www.mech9.com/p/vallejo-model-color-conversion-table.html
Vallejo,Model Color,Beige Red,70.804,Army Painter,Warpaints Fanatic,Demigod Flames,WP3091P,matched by product code,https://www.mech9.com/p/vallejo-model-color-conversion-table.html
Vallejo,Model Color,Beige Red,70.804,Vallejo,Game Air,Elf Skin Tone,76.004,matched by product code,https://www.mech9.com/p/vallejo-model-color-conversion-table.html
Vallejo,Model Color,Beige Red,70.804,Vallejo,Game Air,Bronze Brown,76.036,matched by product code,https://www.mech9.com/p/vallejo-model-color-conversion-table.html
Vallejo,Model Color,German Orange,70.805,AK Interactive,3GEN Acrylics,Burn Orange X-6,AK11079,matched by product code; matched by product code,https://www.mech9.com/p/vallejo-model-color-conversion-table.html
Vallejo,Model Color,German Yellow,70.806,Vallejo,Model Air,Ivory RLM05,71.106,matched by product code; matched by product code,https://www.mech9.com/p/vallejo-model-color-conversion-table.html
Vallejo,Model Color,German Yellow,70.806,AK Interactive,3GEN Acrylics,Yellow,AK11039,matched by product code; matched by product code,https://www.mech9.com/p/vallejo-model-color-conversion-table.html
Vallejo,Model Color,Oxford Blue,70.807,Warhammer Colour,Layer,Russ Grey,CT137,"matched by product code; mech9 prints ""Russ Grey (Layer)""",https://www.mech9.com/p/vallejo-model-color-conversion-table.html
Vallejo,Model Color,Oxford Blue,70.807,AK Interactive,3GEN Acrylics,Oxford,AK11188,matched by product code; matched by product code,https://www.mech9.com/p/vallejo-model-color-conversion-table.html
Vallejo,Model Color,Oxford Blue,70.807,Army Painter,Original Warpaints,Wolf Grey,WP1119P,matched by product code,https://www.mech9.com/p/vallejo-model-color-conversion-table.html
Vallejo,Model Color,Oxford Blue,70.807,Army Painter,Warpaints Fanatic,Wolf Grey,WP3016P,matched by product code,https://www.mech9.com/p/vallejo-model-color-conversion-table.html
Vallejo,Model Color,Oxford Blue,70.807,Vallejo,Game Air,Imperial Blue,76.020,matched by product code,https://www.mech9.com/p/vallejo-model-color-conversion-table.html
Vallejo,Model Color,Oxford Blue,70.807,Vallejo,Mecha Color,Titan Blue,69.013,matched by product code; matched by product code,https://www.mech9.com/p/vallejo-model-color-conversion-table.html
Vallejo,Model Color,Blue Green,70.808,AK Interactive,3GEN Acrylics,Blue-Green,AK11169,matched by product code; matched by product code,https://www.mech9.com/p/vallejo-model-color-conversion-table.html
Vallejo,Model Color,Royal Purple,70.810,Vallejo,Game Air,Royal Purple,76.016,matched by product code,https://www.mech9.com/p/vallejo-model-color-conversion-table.html
Vallejo,Model Color,Blue Violet,70.811,Warhammer Colour,Layer,Xereus Purple,CT197,"matched by product code; mech9 prints ""Xereus Purple (Layer)""",https://www.mech9.com/p/vallejo-model-color-conversion-table.html
Vallejo,Model Color,Blue Violet,70.811,AK Interactive,3GEN Acrylics,Blue Violet,AK11070,matched by product code; matched by product code,https://www.mech9.com/p/vallejo-model-color-conversion-table.html
Vallejo,Model Color,Blue Violet,70.811,Army Painter,Warpaints Fanatic,Warlock Magenta,WP3135P,matched by product code,https://www.mech9.com/p/vallejo-model-color-conversion-table.html
Vallejo,Model Color,Blue Violet,70.811,Warhammer Colour,Base,Daemonette Hide,CT45,"matched by product code; mech9 prints ""Daemonette Hide (Base)""",https://www.mech9.com/p/vallejo-model-color-conversion-table.html
Vallejo,Model Color,Blue Violet,70.811,Vallejo,Game Air,Alien Purple,72.776,matched by product code,https://www.mech9.com/p/vallejo-model-color-conversion-table.html
Vallejo,Model Color,Blue Violet,70.811,Vallejo,Hobby Paint,Alien Purple,28.025,matched by product code; matched by product code,https://www.mech9.com/p/vallejo-model-color-conversion-table.html
Vallejo,Model Color,Blue Violet,70.811,Army Painter,Warpaints Fanatic,Hexed Violet,WP3130P,matched by product code,https://www.mech9.com/p/vallejo-model-color-conversion-table.html
Vallejo,Model Color,Violet Red,70.812,AK Interactive,3GEN Acrylics,Violet Red,AK11075,matched by product code; matched by product code,https://www.mech9.com/p/vallejo-model-color-conversion-table.html
Vallejo,Model Color,Burnt Red,70.814,Vallejo,Model Air,German Red Brown,71.271,matched by product code; matched by product code,https://www.mech9.com/p/vallejo-model-color-conversion-table.html
Vallejo,Model Color,Burnt Red,70.814,AK Interactive,3GEN Acrylics,Dark Brown XF-64,AK11109,matched by product code; matched by product code,https://www.mech9.com/p/vallejo-model-color-conversion-table.html
Vallejo,Model Color,Burnt Red,70.814,AK Interactive,3GEN Acrylics,Burnt Red XF-9,AK11097,matched by product code; matched by product code,https://www.mech9.com/p/vallejo-model-color-conversion-table.html
Vallejo,Model Color,Basic Skin Tone,70.815,AK Interactive,3GEN Acrylics,Skin Tone,AK11052,matched by product code; matched by product code,https://www.mech9.com/p/vallejo-model-color-conversion-table.html
Vallejo,Model Color,Basic Skin Tone,70.815,Army Painter,Original Warpaints,Barbarian Flesh,WP1126P,matched by product code,https://www.mech9.com/p/vallejo-model-color-conversion-table.html
Vallejo,Model Color,Basic Skin Tone,70.815,Army Painter,Warpaints Fanatic,Barbarian Flesh,WP3147P,matched by product code,https://www.mech9.com/p/vallejo-model-color-conversion-table.html
Vallejo,Model Color,Basic Skin Tone,70.815,Army Painter,Warpaints Air,Barbarian Flesh,AW1126P,matched by product code,https://www.mech9.com/p/vallejo-model-color-conversion-table.html
Vallejo,Model Color,Luftwaffe Uniform,70.816,Vallejo,Model Air,Grey Blue,71.005,matched by product code; matched by product code,https://www.mech9.com/p/vallejo-model-color-conversion-table.html
Vallejo,Model Color,Scarlet,70.817,Vallejo,Model Air,Red RLM23,71.003,matched by product code; matched by product code,https://www.mech9.com/p/vallejo-model-color-conversion-table.html
Vallejo,Model Color,Scarlet,70.817,Warhammer Colour,Layer,Troll Slayer Orange,CT175,"matched by product code; mech9 prints ""Troll Slayer Orange (Layer)""",https://www.mech9.com/p/vallejo-model-color-conversion-table.html
Vallejo,Model Color,Scarlet,70.817,Vallejo,Game Air,Hot Orange,72.709,matched by product code,https://www.mech9.com/p/vallejo-model-color-conversion-table.html
Vallejo,Model Color,Scarlet,70.817,Vallejo,Mecha Color,Red,69.008,matched by product code; matched by product code,https://www.mech9.com/p/vallejo-model-color-conversion-table.html
Vallejo,Model Color,Scarlet,70.817,Army Painter,Original Warpaints,Chaotic Red,WP1142P,matched by product code,https://www.mech9.com/p/vallejo-model-color-conversion-table.html
Vallejo,Model Color,Scarlet,70.817,Army Painter,Warpaints Fanatic,Carnelian Skin,WP3151P,matched by product code,https://www.mech9.com/p/vallejo-model-color-conversion-table.html
Vallejo,Model Color,Scarlet,70.817,Army Painter,Warpaints Air,Chaotic Red,AW1142P,matched by product code,https://www.mech9.com/p/vallejo-model-color-conversion-table.html
Vallejo,Model Color,Scarlet,70.817,Vallejo,Model Air,Ferrari Red,71.085,matched by product code; matched by product code,https://www.mech9.com/p/vallejo-model-color-conversion-table.html
Vallejo,Model Color,Scarlet,70.817,Vallejo,Model Air,Red,71.269,matched by product code; matched by product code,https://www.mech9.com/p/vallejo-model-color-conversion-table.html
Vallejo,Model Color,Scarlet,70.817,AK Interactive,3GEN Acrylics,Matt Red,AK11092,matched by product code; matched by product code,https://www.mech9.com/p/vallejo-model-color-conversion-table.html
Vallejo,Model Color,Scarlet,70.817,Vallejo,Model Air,Orange,71.083,matched by product code; matched by product code,https://www.mech9.com/p/vallejo-model-color-conversion-table.html
Vallejo,Model Color,Scarlet,70.817,AK Interactive,3GEN Acrylics,Scarlet Red,AK11087,matched by product code; matched by product code,https://www.mech9.com/p/vallejo-model-color-conversion-table.html
Vallejo,Model Color,Red Leather,70.818,Vallejo,Model Air,Sand Brown,71.034,matched by product code; matched by product code,https://www.mech9.com/p/vallejo-model-color-conversion-table.html
Vallejo,Model Color,Red Leather,70.818,AK Interactive,3GEN Acrylics,Deep Brown,AK11102,matched by product code; matched by product code,https://www.mech9.com/p/vallejo-model-color-conversion-table.html
Vallejo,Model Color,Red Leather,70.818,AK Interactive,3GEN Acrylics,Medium Rust,AK11103,matched by product code; matched by product code,https://www.mech9.com/p/vallejo-model-color-conversion-table.html
Vallejo,Model Color,Iraqi Sand,70.819,Vallejo,Model Air,Ivory,71.075,matched by product code; matched by product code,https://www.mech9.com/p/vallejo-model-color-conversion-table.html
Vallejo,Model Color,Iraqi Sand,70.819,AK Interactive,3GEN Acrylics,Grimy Grey,AK11008,matched by product code; matched by product code,https://www.mech9.com/p/vallejo-model-color-conversion-table.html
Vallejo,Model Color,Iraqi Sand,70.819,Vallejo,Model Air,US Desert Sand,71.140,matched by product code; matched by product code,https://www.mech9.com/p/vallejo-model-color-conversion-table.html
Vallejo,Model Color,Iraqi Sand,70.819,AK Interactive,3GEN Acrylics,Light Earth,AK11115,matched by product code; matched by product code,https://www.mech9.com/p/vallejo-model-color-conversion-table.html
Vallejo,Model Color,Off-White,70.820,Vallejo,Model Air,Insignia White,71.279,matched by product code; matched by product code,https://www.mech9.com/p/vallejo-model-color-conversion-table.html
Vallejo,Model Color,Off-White,70.820,Vallejo,Mecha Color,Off-White,69.003,matched by product code; matched by product code,https://www.mech9.com/p/vallejo-model-color-conversion-table.html
Vallejo,Model Color,Off-White,70.820,AK Interactive,3GEN Acrylics,Off White,AK11002,matched by product code; matched by product code,https://www.mech9.com/p/vallejo-model-color-conversion-table.html
Vallejo,Model Color,Germ. Beige WWII,70.821,Vallejo,Model Air,Concrete,71.131,matched by product code; matched by product code,https://www.mech9.com/p/vallejo-model-color-conversion-table.html
Vallejo,Model Color,Germ. Beige WWII,70.821,Warhammer Colour,Base,Zandri Dust,CT201,"matched by product code; mech9 prints ""Zandri Dust (Base)""",https://www.mech9.com/p/vallejo-model-color-conversion-table.html
Vallejo,Model Color,Germ. Beige WWII,70.821,Vallejo,Game Air,Khaki,72.761,matched by product code,https://www.mech9.com/p/vallejo-model-color-conversion-table.html
Vallejo,Model Color,Germ. Beige WWII,70.821,Vallejo,Mecha Color,Grey Sand,69.031,matched by product code; matched by product code,https://www.mech9.com/p/vallejo-model-color-conversion-table.html
Vallejo,Model Color,Germ. Beige WWII,70.821,Vallejo,Model Air,Hemp,71.023,matched by product code; matched by product code,https://www.mech9.com/p/vallejo-model-color-conversion-table.html
Vallejo,Model Color,Cam. Black Brown,70.822,Vallejo,Model Air,Dark Brown RLM61,71.042,matched by product code; matched by product code,https://www.mech9.com/p/vallejo-model-color-conversion-table.html
Vallejo,Model Color,Cam. Black Brown,70.822,Warhammer Colour,Base,Rhinox Hide,CT134,"matched by product code; mech9 prints ""Rhinox Hide (Base)""",https://www.mech9.com/p/vallejo-model-color-conversion-table.html
Vallejo,Model Color,Cam. Black Brown,70.822,Vallejo,Game Air,Charred Brown,72.745,matched by product code,https://www.mech9.com/p/vallejo-model-color-conversion-table.html
Vallejo,Model Color,Cam. Black Brown,70.822,Vallejo,Mecha Color,Chipping Brown,69.035,matched by product code; matched by product code,https://www.mech9.com/p/vallejo-model-color-conversion-table.html
Vallejo,Model Color,Cam. Black Brown,70.822,Army Painter,Original Warpaints,Hardened Carapace,WP1430P,matched by product code,https://www.mech9.com/p/vallejo-model-color-conversion-table.html
Vallejo,Model Color,Cam. Black Brown,70.822,Army Painter,Warpaints Fanatic,Brigandine Brown,WP3073P,matched by product code,https://www.mech9.com/p/vallejo-model-color-conversion-table.html
Vallejo,Model Color,Cam. Black Brown,70.822,Army Painter,Warpaints Air,Magnolia Brown,AW3124P,matched by product code,https://www.mech9.com/p/vallejo-model-color-conversion-table.html
Vallejo,Model Color,Cam. Black Brown,70.822,AK Interactive,3GEN Acrylics,Grim Brown,AK11112,matched by product code; matched by product code,https://www.mech9.com/p/vallejo-model-color-conversion-table.html
Vallejo,Model Color,Luftwaffe Green,70.823,Vallejo,Model Air,Light Green RLM82,71.022,matched by product code; matched by product code,https://www.mech9.com/p/vallejo-model-color-conversion-table.html
Vallejo,Model Color,Luftwaffe Green,70.823,AK Interactive,3GEN Acrylics,Alga Green,AK11152,matched by product code; matched by product code,https://www.mech9.com/p/vallejo-model-color-conversion-table.html
Vallejo,Model Color,Orange Ochre,70.824,AK Interactive,Figures Series,Ocher Khaki,AK11422,matched by product code; matched by product code,https://www.mech9.com/p/vallejo-model-color-conversion-table.html
Vallejo,Model Color,Orange Ochre,70.824,AK Interactive,Legacy Acrylics,M-42 Uniform Green Ochre Khaki,AK3072,matched by product code,https://www.mech9.com/p/vallejo-model-color-conversion-table.html
Vallejo,Model Color,Pale Brown,70.825,AK Interactive,3GEN Acrylics,Mud Brown,AK11120,matched by product code; matched by product code,https://www.mech9.com/p/vallejo-model-color-conversion-table.html
Vallejo,Model Color,Medium Brown,70.826,AK Interactive,3GEN Acrylics,Dark Brown XF-64,AK11109,matched by product code; matched by product code,https://www.mech9.com/p/vallejo-model-color-conversion-table.html
Vallejo,Model Color,Lime Green,70.827,AK Interactive,3GEN Acrylics,Lime Green,AK11137,matched by product code; matched by product code,https://www.mech9.com/p/vallejo-model-color-conversion-table.html
Vallejo,Model Color,Amaranth Red,70.829,AK Interactive,3GEN Acrylics,Amaranth Red,AK11086,matched by product code; matched by product code,https://www.mech9.com/p/vallejo-model-color-conversion-table.html
Vallejo,Model Color,Amaranth Red,70.829,Warhammer Colour,Layer,Troll Slayer Orange,CT175,"matched by product code; mech9 prints ""Troll Slayer Orange (Layer)""",https://www.mech9.com/p/vallejo-model-color-conversion-table.html
Vallejo,Model Color,Amaranth Red,70.829,Vallejo,Game Air,Hot Orange,72.709,matched by product code,https://www.mech9.com/p/vallejo-model-color-conversion-table.html
Vallejo,Model Color,Ger. Fieldgrey WWII,70.830,Vallejo,Model Air,IJN Dk Black Green,71.325,matched by product code; matched by product code,https://www.mech9.com/p/vallejo-model-color-conversion-table.html
Vallejo,Model Color,Ger. Fieldgrey WWII,70.830,AK Interactive,3GEN Acrylics,German Field Grey,AK11154,matched by product code; matched by product code,https://www.mech9.com/p/vallejo-model-color-conversion-table.html
Vallejo,Model Color,Ger. Fieldgrey WWII,70.830,Vallejo,Hobby Paint,German Field Grey,28.006,matched by product code; matched by product code,https://www.mech9.com/p/vallejo-model-color-conversion-table.html
Vallejo,Model Color,Ger. Fieldgrey WWII,70.830,Vallejo,Model Air,US Loam,71.292,matched by product code; matched by product code,https://www.mech9.com/p/vallejo-model-color-conversion-table.html
Vallejo,Model Color,Verdigris Glaze,70.832,Vallejo,Mecha Color,Light Green,69.025,matched by product code; matched by product code,https://www.mech9.com/p/vallejo-model-color-conversion-table.html
Vallejo,Model Color,Fern Green,70.833,AK Interactive,3GEN Acrylics,Alga Green,AK11152,matched by product code; matched by product code,https://www.mech9.com/p/vallejo-model-color-conversion-table.html
Vallejo,Model Color,Natural Woodgrain,70.834,Vallejo,Mecha Color,Yellow Ochre,69.032,matched by product code; matched by product code,https://www.mech9.com/p/vallejo-model-color-conversion-table.html
Vallejo,Model Color,Salmon Rose,70.835,AK Interactive,3GEN Acrylics,Salmon,AK11061,matched by product code; matched by product code,https://www.mech9.com/p/vallejo-model-color-conversion-table.html
Vallejo,Model Color,Salmon Rose,70.835,Army Painter,Original Warpaints,Centaur Skin,WP1408P,matched by product code,https://www.mech9.com/p/vallejo-model-color-conversion-table.html
Vallejo,Model Color,Salmon Rose,70.835,Army Painter,Warpaints Fanatic,Leopard Stone Skin,WP3156P,matched by product code,https://www.mech9.com/p/vallejo-model-color-conversion-table.html
Vallejo,Model Color,London Grey,70.836,Vallejo,Model Air,Sea Grey,71.049,matched by product code; matched by product code,https://www.mech9.com/p/vallejo-model-color-conversion-table.html
Vallejo,Model Color,London Grey,70.836,Vallejo,Model Air,Dark Gull Gray,71.277,matched by product code; matched by product code,https://www.mech9.com/p/vallejo-model-color-conversion-table.html
Vallejo,Model Color,London Grey,70.836,AK Interactive,3GEN Acrylics,English Grey,AK11020,matched by product code; matched by product code,https://www.mech9.com/p/vallejo-model-color-conversion-table.html
Vallejo,Model Color,Pale Sand,70.837,Vallejo,Model Air,Skin Tone,71.076,matched by product code; matched by product code,https://www.mech9.com/p/vallejo-model-color-conversion-table.html
Vallejo,Model Color,Pale Sand,70.837,Warhammer Colour,Layer,Bestigor Flesh,CT25,"matched by product code; mech9 prints ""Bestigor Flesh (Layer)""",https://www.mech9.com/p/vallejo-model-color-conversion-table.html
Vallejo,Model Color,Pale Sand,70.837,Tamiya,Lacquer Paint,Flat Flesh,LP66,matched by product code; matched by product code,https://www.mech9.com/p/vallejo-model-color-conversion-table.html
Vallejo,Model Color,Pale Sand,70.837,AK Interactive,3GEN Acrylics,Pale Sand,AK11032,matched by product code; matched by product code,https://www.mech9.com/p/vallejo-model-color-conversion-table.html
Vallejo,Model Color,Pale Sand,70.837,Army Painter,Original Warpaints,Barbarian Flesh,WP1126P,matched by product code,https://www.mech9.com/p/vallejo-model-color-conversion-table.html
Vallejo,Model Color,Pale Sand,70.837,Army Painter,Warpaints Fanatic,Barbarian Flesh,WP3147P,matched by product code,https://www.mech9.com/p/vallejo-model-color-conversion-table.html
Vallejo,Model Color,Pale Sand,70.837,Army Painter,Warpaints Air,Barbarian Flesh,AW1126P,matched by product code,https://www.mech9.com/p/vallejo-model-color-conversion-table.html
Vallejo,Model Color,Emerald,70.838,AK Interactive,3GEN Acrylics,Emerald,AK11144,matched by product code; matched by product code,https://www.mech9.com/p/vallejo-model-color-conversion-table.html
Vallejo,Model Color,Ultramarine,70.839,Army Painter,Original Warpaints,Griffon Blue,WP1429P,matched by product code,https://www.mech9.com/p/vallejo-model-color-conversion-table.html
Vallejo,Model Color,Ultramarine,70.839,Army Painter,Warpaints Fanatic,Stratos Blue,WP3015P,matched by product code,https://www.mech9.com/p/vallejo-model-color-conversion-table.html
Vallejo,Model Color,Ultramarine,70.839,AK Interactive,3GEN Acrylics,Ultramarine,AK11179,matched by product code; matched by product code,https://www.mech9.com/p/vallejo-model-color-conversion-table.html
Vallejo,Model Color,Light Turquoise,70.840,AK Interactive,3GEN Acrylics,Aquatic Turquoise,AK11170,matched by product code; matched by product code,https://www.mech9.com/p/vallejo-model-color-conversion-table.html
Vallejo,Model Color,Andrea Blue,70.841,Vallejo,Mecha Color,Deep Blue,69.018,matched by product code; matched by product code,https://www.mech9.com/p/vallejo-model-color-conversion-table.html
Vallejo,Model Color,Andrea Blue,70.841,AK Interactive,3GEN Acrylics,Ducat Blue,AK11177,matched by product code; matched by product code,https://www.mech9.com/p/vallejo-model-color-conversion-table.html
Vallejo,Model Color,Gloss White,70.842,Tamiya,Lacquer Paint,White,LP2,matched by product code; matched by product code,https://www.mech9.com/p/vallejo-model-color-conversion-table.html
Vallejo,Model Color,Gloss White,70.842,AK Interactive,3GEN Acrylics,Off White,AK11002,matched by product code; matched by product code,https://www.mech9.com/p/vallejo-model-color-conversion-table.html
Vallejo,Model Color,Gloss White,70.842,Vallejo,Model Air,Insignia White,71.279,matched by product code; matched by product code,https://www.mech9.com/p/vallejo-model-color-conversion-table.html
Vallejo,Model Color,Cork Brown,70.843,Vallejo,Model Air,Skin Tone,71.076,matched by product code; matched by product code,https://www.mech9.com/p/vallejo-model-color-conversion-table.html
Vallejo,Model Color,Cork Brown,70.843,Warhammer Colour,Layer,Bestigor Flesh,CT25,"matched by product code; mech9 prints ""Bestigor Flesh (Layer)""",https://www.mech9.com/p/vallejo-model-color-conversion-table.html
Vallejo,Model Color,Cork Brown,70.843,Tamiya,Lacquer Paint,Flat Flesh,LP66,matched by product code; matched by product code,https://www.mech9.com/p/vallejo-model-color-conversion-table.html
Vallejo,Model Color,Cork Brown,70.843,Army Painter,Original Warpaints,Barbarian Flesh,WP1126P,matched by product code,https://www.mech9.com/p/vallejo-model-color-conversion-table.html
Vallejo,Model Color,Cork Brown,70.843,Army Painter,Warpaints Fanatic,Barbarian Flesh,WP3147P,matched by product code,https://www.mech9.com/p/vallejo-model-color-conversion-table.html
Vallejo,Model Color,Cork Brown,70.843,Army Painter,Warpaints Air,Barbarian Flesh,AW1126P,matched by product code,https://www.mech9.com/p/vallejo-model-color-conversion-table.html
Vallejo,Model Color,Cork Brown,70.843,Vallejo,Model Air,USAF Brown,71.125,matched by product code; matched by product code,https://www.mech9.com/p/vallejo-model-color-conversion-table.html
Vallejo,Model Color,Cork Brown,70.843,AK Interactive,3GEN Acrylics,Dark Flesh,AK11056,matched by product code; matched by product code,https://www.mech9.com/p/vallejo-model-color-conversion-table.html
Vallejo,Model Color,Cork Brown,70.843,AK Interactive,3GEN Acrylics,Skin Tone,AK11055,matched by product code; matched by product code,https://www.mech9.com/p/vallejo-model-color-conversion-table.html
Vallejo,Model Color,Cork Brown,70.843,AK Interactive,3GEN Acrylics,Cork XF-52,AK11119,matched by product code; matched by product code,https://www.mech9.com/p/vallejo-model-color-conversion-table.html
Vallejo,Model Color,Deep Sky Blue,70.844,Vallejo,Model Air,Light Sea Blue,71.089,matched by product code; matched by product code,https://www.mech9.com/p/vallejo-model-color-conversion-table.html
Vallejo,Model Color,Deep Sky Blue,70.844,AK Interactive,3GEN Acrylics,Deep Sky Blue,AK11176,matched by product code; matched by product code,https://www.mech9.com/p/vallejo-model-color-conversion-table.html
Vallejo,Model Color,Deep Sky Blue,70.844,AK Interactive,AIR Series,AII Light Blue,AK2253,matched by product code,https://www.mech9.com/p/vallejo-model-color-conversion-table.html
Vallejo,Model Color,Deep Sky Blue,70.844,Army Painter,Original Warpaints,Electric Blue,WP1113P,matched by product code,https://www.mech9.com/p/vallejo-model-color-conversion-table.html
Vallejo,Model Color,Deep Sky Blue,70.844,Army Painter,Warpaints Fanatic,Arctic Gem,WP3029P,matched by product code,https://www.mech9.com/p/vallejo-model-color-conversion-table.html
Vallejo,Model Color,Deep Sky Blue,70.844,Army Painter,Warpaints Air,Ionic Blue,AW4114P,matched by product code,https://www.mech9.com/p/vallejo-model-color-conversion-table.html
Vallejo,Model Color,Sunny Skin Tone,70.845,AK Interactive,3GEN Acrylics,Skin Tone,AK11055,matched by product code; matched by product code,https://www.mech9.com/p/vallejo-model-color-conversion-table.html
Vallejo,Model Color,Mahogany Brown,70.846,Vallejo,Model Air,NATO Brown,71.249,matched by product code; matched by product code,https://www.mech9.com/p/vallejo-model-color-conversion-table.html
Vallejo,Model Color,Mahogany Brown,70.846,Warhammer Colour,Layer,Doombull Brown,CT53,"matched by product code; mech9 prints ""Doombull Brown (Layer)""",https://www.mech9.com/p/vallejo-model-color-conversion-table.html
Vallejo,Model Color,Mahogany Brown,70.846,Army Painter,Warpaints Fanatic,Dryad Brown,WP3111P,matched by product code,https://www.mech9.com/p/vallejo-model-color-conversion-table.html
Vallejo,Model Color,Mahogany Brown,70.846,Army Painter,Warpaints Air,Cypress Brown,AW4124P,matched by product code,https://www.mech9.com/p/vallejo-model-color-conversion-table.html
Vallejo,Model Color,Mahogany Brown,70.846,AK Interactive,3GEN Acrylics,Mahogany Brown,AK11106,matched by product code; matched by product code,https://www.mech9.com/p/vallejo-model-color-conversion-table.html
Vallejo,Model Color,Dark Sand,70.847,Vallejo,Model Air,UK BSC 64 Port. Stone,71.288,matched by product code; matched by product code,https://www.mech9.com/p/vallejo-model-color-conversion-table.html
Vallejo,Model Color,Dark Sand,70.847,AK Interactive,3GEN Acrylics,Dark Sand,AK11033,matched by product code; matched by product code,https://www.mech9.com/p/vallejo-model-color-conversion-table.html
Vallejo,Model Color,Dark Sand,70.847,Vallejo,Model Air,Ivory,71.075,matched by product code; matched by product code,https://www.mech9.com/p/vallejo-model-color-conversion-table.html
Vallejo,Model Color,Dark Sand,70.847,Tamiya,Lacquer Paint,Dark Yellow 2,LP55,matched by product code; matched by product code,https://www.mech9.com/p/vallejo-model-color-conversion-table.html
Vallejo,Model Color,Medium Olive,70.850,Vallejo,Model Air,US Light Green,71.137,matched by product code; matched by product code,https://www.mech9.com/p/vallejo-model-color-conversion-table.html
Vallejo,Model Color,Medium Olive,70.850,AK Interactive,3GEN Acrylics,Olive Green,AK11148,matched by product code; matched by product code,https://www.mech9.com/p/vallejo-model-color-conversion-table.html
Vallejo,Model Color,Medium Olive,70.850,Vallejo,Model Air,Green Zinc Chrom.,71.094,matched by product code; matched by product code,https://www.mech9.com/p/vallejo-model-color-conversion-table.html
Vallejo,Model Color,Bright Orange,70.851,Vallejo,Mecha Color,Orange,69.007,matched by product code; matched by product code,https://www.mech9.com/p/vallejo-model-color-conversion-table.html
Vallejo,Model Color,Bright Orange,70.851,Warhammer Colour,Layer,Troll Slayer Orange,CT175,"matched by product code; mech9 prints ""Troll Slayer Orange (Layer)""",https://www.mech9.com/p/vallejo-model-color-conversion-table.html
Vallejo,Model Color,Bright Orange,70.851,AK Interactive,3GEN Acrylics,Deep Orange,AK11080,matched by product code; matched by product code,https://www.mech9.com/p/vallejo-model-color-conversion-table.html
Vallejo,Model Color,Bright Orange,70.851,Army Painter,Original Warpaints,Mythical Orange,WP1442P,matched by product code,https://www.mech9.com/p/vallejo-model-color-conversion-table.html
Vallejo,Model Color,Bright Orange,70.851,Army Painter,Warpaints Fanatic,Burning Ore,WP3098P,matched by product code,https://www.mech9.com/p/vallejo-model-color-conversion-table.html
Vallejo,Model Color,Bright Orange,70.851,Army Painter,Warpaints Air,Archangel Red,AW4104P,matched by product code,https://www.mech9.com/p/vallejo-model-color-conversion-table.html
Vallejo,Model Color,Ochre Brown,70.856,Vallejo,Model Air,Yellow Ochre,71.033,matched by product code; matched by product code,https://www.mech9.com/p/vallejo-model-color-conversion-table.html
Vallejo,Model Color,Ochre Brown,70.856,Warhammer Colour,Layer,Bestigor Flesh,CT25,"matched by product code; mech9 prints ""Bestigor Flesh (Layer)""",https://www.mech9.com/p/vallejo-model-color-conversion-table.html
Vallejo,Model Color,Golden Olive,70.857,AK Interactive,3GEN Acrylics,Golden Olive,AK11139,matched by product code; matched by product code,https://www.mech9.com/p/vallejo-model-color-conversion-table.html
Vallejo,Model Color,Ice Yellow,70.858,AK Interactive,3GEN Acrylics,Ice Yellow,AK11036,matched by product code; matched by product code,https://www.mech9.com/p/vallejo-model-color-conversion-table.html
Vallejo,Model Color,Black Red,70.859,Vallejo,Model Air,Burnt Umber,71.040,matched by product code; matched by product code,https://www.mech9.com/p/vallejo-model-color-conversion-table.html
Vallejo,Model Color,Black Red,70.859,Army Painter,Original Warpaints,Dark Stone,WP1425P,matched by product code,https://www.mech9.com/p/vallejo-model-color-conversion-table.html
Vallejo,Model Color,Black Red,70.859,Vallejo,Model Air,UK BSC 49 Light Purple Brown,71.402,matched by product code; matched by product code,https://www.mech9.com/p/vallejo-model-color-conversion-table.html
Vallejo,Model Color,Black Red,70.859,AK Interactive,3GEN Acrylics,Black Red,AK11098,matched by product code; matched by product code,https://www.mech9.com/p/vallejo-model-color-conversion-table.html
Vallejo,Model Color,Med. Flesh Tone,70.860,Vallejo,Model Air,Wood,71.077,matched by product code; matched by product code,https://www.mech9.com/p/vallejo-model-color-conversion-table.html
Vallejo,Model Color,Med. Flesh Tone,70.860,AK Interactive,3GEN Acrylics,Flesh Tone,AK11054,matched by product code; matched by product code,https://www.mech9.com/p/vallejo-model-color-conversion-table.html
Vallejo,Model Color,Med. Flesh Tone,70.860,Warhammer Colour,Layer,Bestigor Flesh,CT25,"matched by product code; mech9 prints ""Bestigor Flesh (Layer)""",https://www.mech9.com/p/vallejo-model-color-conversion-table.html
Vallejo,Model Color,Gloss Black,70.861,Vallejo,Model Air,Black,71.057,matched by product code; matched by product code,https://www.mech9.com/p/vallejo-model-color-conversion-table.html
Vallejo,Model Color,Gloss Black,70.861,Tamiya,Lacquer Paint,Black,LP1,matched by product code; matched by product code,https://www.mech9.com/p/vallejo-model-color-conversion-table.html
Vallejo,Model Color,Gloss Black,70.861,Vallejo,Model Air,Black (Metallic),71.073,matched by product code; matched by product code,https://www.mech9.com/p/vallejo-model-color-conversion-table.html
Vallejo,Model Color,Gloss Black,70.861,Vallejo,Game Air,Gunmetal,72.754,matched by product code,https://www.mech9.com/p/vallejo-model-color-conversion-table.html
Vallejo,Model Color,Gloss Black,70.861,Tamiya,Lacquer Paint,Gun Metal,LP19,matched by product code; matched by product code,https://www.mech9.com/p/vallejo-model-color-conversion-table.html
Vallejo,Model Color,Gloss Black,70.861,Vallejo,Hobby Paint,Gunmetal,28.031,matched by product code; matched by product code,https://www.mech9.com/p/vallejo-model-color-conversion-table.html
Vallejo,Model Color,Gloss Black,70.861,Tamiya,Lacquer Paint,Semi Gloss Black,LP5,matched by product code; matched by product code,https://www.mech9.com/p/vallejo-model-color-conversion-table.html
Vallejo,Model Color,Gloss Black,70.861,Vallejo,Model Air,Gunmetal (Metal.),71.072,matched by product code; matched by product code,https://www.mech9.com/p/vallejo-model-color-conversion-table.html
Vallejo,Model Color,Black Grey,70.862,Vallejo,Model Air,Panzer Dark Grey,71.056,matched by product code; matched by product code,https://www.mech9.com/p/vallejo-model-color-conversion-table.html
Vallejo,Model Color,Black Grey,70.862,Vallejo,Mecha Color,Dark Grey Green,69.041,matched by product code; matched by product code,https://www.mech9.com/p/vallejo-model-color-conversion-table.html
Vallejo,Model Color,Black Grey,70.862,Tamiya,Lacquer Paint,German Gray,LP27,matched by product code; matched by product code,https://www.mech9.com/p/vallejo-model-color-conversion-table.html
Vallejo,Model Color,Black Grey,70.862,Vallejo,Hobby Paint,Panzer Grey,28.002,matched by product code; matched by product code,https://www.mech9.com/p/vallejo-model-color-conversion-table.html
Vallejo,Model Color,Black Grey,70.862,AK Interactive,3GEN Acrylics,Smoke Black,AK11028,matched by product code; matched by product code,https://www.mech9.com/p/vallejo-model-color-conversion-table.html
Vallejo,Model Color,Gunmetal,70.863,Vallejo,Model Air,Gunmetal (Metal.),71.072,matched by product code; matched by product code,https://www.mech9.com/p/vallejo-model-color-conversion-table.html
Vallejo,Model Color,Gunmetal,70.863,Vallejo,Game Air,Gunmetal,72.754,matched by product code,https://www.mech9.com/p/vallejo-model-color-conversion-table.html
Vallejo,Model Color,Gunmetal,70.863,Tamiya,Lacquer Paint,Gun Metal,LP19,matched by product code; matched by product code,https://www.mech9.com/p/vallejo-model-color-conversion-table.html
Vallejo,Model Color,Gunmetal,70.863,Vallejo,Hobby Paint,Gunmetal,28.031,matched by product code; matched by product code,https://www.mech9.com/p/vallejo-model-color-conversion-table.html
Vallejo,Model Color,Gunmetal,70.863,Vallejo,Model Air,Black (Metallic),71.073,matched by product code; matched by product code,https://www.mech9.com/p/vallejo-model-color-conversion-table.html
Vallejo,Model Color,Gunmetal,70.863,Tamiya,Lacquer Paint,Dark Iron,LP54,matched by product code; matched by product code,https://www.mech9.com/p/vallejo-model-color-conversion-table.html
Vallejo,Model Color,Gunmetal,70.863,AK Interactive,3GEN Acrylics,Gun Metal X10,AK11212,matched by product code; matched by product code,https://www.mech9.com/p/vallejo-model-color-conversion-table.html
Vallejo,Model Color,Gunmetal,70.863,Vallejo,Mecha Metallic,Gunmetal,69.058,matched by product code; matched by product code,https://www.mech9.com/p/vallejo-model-color-conversion-table.html
Vallejo,Model Color,Natural Steel,70.864,Vallejo,Model Air,Steel (Metallic),71.065,matched by product code; matched by product code,https://www.mech9.com/p/vallejo-model-color-conversion-table.html
Vallejo,Model Color,Natural Steel,70.864,Vallejo,Mecha Metallic,Steel,69.063,matched by product code; matched by product code,https://www.mech9.com/p/vallejo-model-color-conversion-table.html
Vallejo,Model Color,Natural Steel,70.864,Warhammer Colour,Base,Iron Hands Steel,CT243,"matched by product code; mech9 prints ""Iron Hands Steel (Base)""",https://www.mech9.com/p/vallejo-model-color-conversion-table.html
Vallejo,Model Color,Natural Steel,70.864,Tamiya,Lacquer Paint,Metallic Gray,LP61,matched by product code; matched by product code,https://www.mech9.com/p/vallejo-model-color-conversion-table.html
Vallejo,Model Color,Natural Steel,70.864,AK Interactive,3GEN Acrylics,Natural Steel XF56,AK11210,matched by product code; matched by product code,https://www.mech9.com/p/vallejo-model-color-conversion-table.html
Vallejo,Model Color,Natural Steel,70.864,Army Painter,Original Warpaints,Plate Mail Metal,WP1130P,"matched by product code; mech9 prints ""Plate Mail Metal (Metallics)""",https://www.mech9.com/p/vallejo-model-color-conversion-table.html
Vallejo,Model Color,Oily Steel,70.865,Vallejo,Model Air,Steel (Metallic),71.065,matched by product code; matched by product code,https://www.mech9.com/p/vallejo-model-color-conversion-table.html
Vallejo,Model Color,Oily Steel,70.865,Vallejo,Game Air,Chainmail Silver,72.753,matched by product code,https://www.mech9.com/p/vallejo-model-color-conversion-table.html
Vallejo,Model Color,Oily Steel,70.865,Vallejo,Mecha Metallic,Dark Steel,69.065,matched by product code; matched by product code,https://www.mech9.com/p/vallejo-model-color-conversion-table.html
Vallejo,Model Color,Oily Steel,70.865,Vallejo,Model Air,Chrome (Metallic),71.064,matched by product code; matched by product code,https://www.mech9.com/p/vallejo-model-color-conversion-table.html
Vallejo,Model Color,Oily Steel,70.865,Warhammer Colour,Base,Iron Hands Steel,CT243,"matched by product code; mech9 prints ""Iron Hands Steel (Base)""",https://www.mech9.com/p/vallejo-model-color-conversion-table.html
Vallejo,Model Color,Oily Steel,70.865,Tamiya,Lacquer Paint,Metallic Gray,LP61,matched by product code; matched by product code,https://www.mech9.com/p/vallejo-model-color-conversion-table.html
Vallejo,Model Color,Oily Steel,70.865,Army Painter,Original Warpaints,Plate Mail Metal,WP1130P,"matched by product code; mech9 prints ""Plate Mail Metal (Metallics)""",https://www.mech9.com/p/vallejo-model-color-conversion-table.html
Vallejo,Model Color,Oily Steel,70.865,Army Painter,Warpaints Fanatic,Plate Mail Metal,WP3192P,"matched by product code; mech9 prints ""Plate Mail Metal (Metallic)""",https://www.mech9.com/p/vallejo-model-color-conversion-table.html
Vallejo,Model Color,Oily Steel,70.865,Army Painter,Warpaints Air,Plate Mail Metal,AW1130P,"matched by product code; mech9 prints ""Plate Mail Metal (Metallics)""",https://www.mech9.com/p/vallejo-model-color-conversion-table.html
Vallejo,Model Color,Oily Steel,70.865,Vallejo,Model Air,Gunmetal (Metal.),71.072,matched by product code; matched by product code,https://www.mech9.com/p/vallejo-model-color-conversion-table.html
Vallejo,Model Color,Oily Steel,70.865,AK Interactive,3GEN Acrylics,Oily Steel,AK11211,matched by product code; matched by product code,https://www.mech9.com/p/vallejo-model-color-conversion-table.html
Vallejo,Model Color,Grey Green,70.866,Vallejo,Model Air,Black Grey RLM66,71.055,matched by product code; matched by product code,https://www.mech9.com/p/vallejo-model-color-conversion-table.html
Vallejo,Model Color,Grey Green,70.866,Tamiya,Lacquer Paint,German Gray,LP27,matched by product code; matched by product code,https://www.mech9.com/p/vallejo-model-color-conversion-table.html
Vallejo,Model Color,Grey Green,70.866,AK Interactive,AIR Series,RLM 66 (1938),AK11819,matched by product code; matched by product code,https://www.mech9.com/p/vallejo-model-color-conversion-table.html
Vallejo,Model Color,Grey Green,70.866,Vallejo,Model Air,Dark Grey RLM42,71.123,matched by product code; matched by product code,https://www.mech9.com/p/vallejo-model-color-conversion-table.html
Vallejo,Model Color,Grey Green,70.866,AK Interactive,3GEN Acrylics,Ash Grey,AK11024,matched by product code; matched by product code,https://www.mech9.com/p/vallejo-model-color-conversion-table.html
Vallejo,Model Color,Dark Blue Grey,70.867,Vallejo,Model Air,Engine Gray,71.048,matched by product code; matched by product code,https://www.mech9.com/p/vallejo-model-color-conversion-table.html
Vallejo,Model Color,Dark Blue Grey,70.867,Tamiya,Lacquer Paint,German Gray,LP27,matched by product code; matched by product code,https://www.mech9.com/p/vallejo-model-color-conversion-table.html
Vallejo,Model Color,Dark Blue Grey,70.867,AK Interactive,3GEN Acrylics,Neutral Grey,AK11018,matched by product code; matched by product code,https://www.mech9.com/p/vallejo-model-color-conversion-table.html
Vallejo,Model Color,Dark Blue Grey,70.867,Vallejo,Model Air,Grey Green RLM74,71.258,matched by product code; matched by product code,https://www.mech9.com/p/vallejo-model-color-conversion-table.html
Vallejo,Model Color,Dark Blue Grey,70.867,Vallejo,Model Air,Black Grey RLM66,71.055,matched by product code; matched by product code,https://www.mech9.com/p/vallejo-model-color-conversion-table.html
Vallejo,Model Color,Dark Blue Grey,70.867,AK Interactive,Figures Series,Field Grey Base #2 (Grey Uniform),AK11423,matched by product code; matched by product code,https://www.mech9.com/p/vallejo-model-color-conversion-table.html
Vallejo,Model Color,Dark Blue Grey,70.867,AK Interactive,Legacy Acrylics,Field Grey Base 2,AK3142,matched by product code,https://www.mech9.com/p/vallejo-model-color-conversion-table.html
Vallejo,Model Color,Dark Sea Green,70.868,Vallejo,Model Air,Dark Sea Gray,71.053,matched by product code; matched by product code,https://www.mech9.com/p/vallejo-model-color-conversion-table.html
Vallejo,Model Color,Dark Sea Green,70.868,Vallejo,Mecha Color,Phantom Grey,69.040,matched by product code; matched by product code,https://www.mech9.com/p/vallejo-model-color-conversion-table.html
Vallejo,Model Color,Dark Sea Green,70.868,AK Interactive,3GEN Acrylics,English Grey,AK11020,matched by product code; matched by product code,https://www.mech9.com/p/vallejo-model-color-conversion-table.html
Vallejo,Model Color,Dark Sea Green,70.868,Vallejo,Model Air,Blue Grey,71.115,matched by product code; matched by product code,https://www.mech9.com/p/vallejo-model-color-conversion-table.html
Vallejo,Model Color,Dark Sea Green,70.868,Tamiya,Lacquer Paint,IJN Gray (Sasebo Arsenal),LP13,matched by product code; matched by product code,https://www.mech9.com/p/vallejo-model-color-conversion-table.html
Vallejo,Model Color,Dark Sea Green,70.868,Vallejo,Model Air,Grey,71.047,matched by product code; matched by product code,https://www.mech9.com/p/vallejo-model-color-conversion-table.html
Vallejo,Model Color,Basalt Grey,70.869,Vallejo,Model Air,Grey Violet RLM75,71.259,matched by product code; matched by product code,https://www.mech9.com/p/vallejo-model-color-conversion-table.html
Vallejo,Model Color,Basalt Grey,70.869,Vallejo,Game Air,Cold Grey,72.750,matched by product code,https://www.mech9.com/p/vallejo-model-color-conversion-table.html
Vallejo,Model Color,Basalt Grey,70.869,AK Interactive,AIR Series,RLM 75,AK11826,matched by product code; matched by product code,https://www.mech9.com/p/vallejo-model-color-conversion-table.html
Vallejo,Model Color,Basalt Grey,70.869,Vallejo,Model Air,Med. Gunship Gray,71.097,matched by product code; matched by product code,https://www.mech9.com/p/vallejo-model-color-conversion-table.html
Vallejo,Model Color,Basalt Grey,70.869,AK Interactive,3GEN Acrylics,Basalt Grey,AK11021,matched by product code; matched by product code,https://www.mech9.com/p/vallejo-model-color-conversion-table.html
Vallejo,Model Color,Basalt Grey,70.869,Vallejo,Game Air,Neutral Grey,76.050,matched by product code,https://www.mech9.com/p/vallejo-model-color-conversion-table.html
Vallejo,Model Color,Medium Sea Grey,70.870,Vallejo,Model Air,Light Gray,71.050,matched by product code; matched by product code,https://www.mech9.com/p/vallejo-model-color-conversion-table.html
Vallejo,Model Color,Medium Sea Grey,70.870,Vallejo,Mecha Color,Medium Grey,69.038,matched by product code; matched by product code,https://www.mech9.com/p/vallejo-model-color-conversion-table.html
Vallejo,Model Color,Medium Sea Grey,70.870,Tamiya,Lacquer Paint,Light Gray (IJN),LP32,matched by product code; matched by product code,https://www.mech9.com/p/vallejo-model-color-conversion-table.html
Vallejo,Model Color,Medium Sea Grey,70.870,AK Interactive,AIR Series,IJN J3 Hai-iro (Grey),AK11891,matched by product code; matched by product code,https://www.mech9.com/p/vallejo-model-color-conversion-table.html
Vallejo,Model Color,Medium Sea Grey,70.870,AK Interactive,Legacy Acrylics,J3 Hai-Iro (Grey),AK2061,matched by product code,https://www.mech9.com/p/vallejo-model-color-conversion-table.html
Vallejo,Model Color,Medium Sea Grey,70.870,Vallejo,Model Air,BS Med. Sea Grey,71.307,matched by product code; matched by product code,https://www.mech9.com/p/vallejo-model-color-conversion-table.html
Vallejo,Model Color,Medium Sea Grey,70.870,Vallejo,Model Air,Dark Gull Gray,71.277,matched by product code; matched by product code,https://www.mech9.com/p/vallejo-model-color-conversion-table.html
Vallejo,Model Color,Medium Sea Grey,70.870,AK Interactive,AIR Series,Medium Sea Grey BS381C/637,AK11843,matched by product code; matched by product code,https://www.mech9.com/p/vallejo-model-color-conversion-table.html
Vallejo,Model Color,Leather Brown,70.871,Vallejo,Model Air,NATO Brown,71.249,matched by product code; matched by product code,https://www.mech9.com/p/vallejo-model-color-conversion-table.html
Vallejo,Model Color,Leather Brown,70.871,Tamiya,Lacquer Paint,Nato Brown,LP59,matched by product code; matched by product code,https://www.mech9.com/p/vallejo-model-color-conversion-table.html
Vallejo,Model Color,Leather Brown,70.871,Army Painter,Original Warpaints,Werewolf Fur,WP1464P,matched by product code,https://www.mech9.com/p/vallejo-model-color-conversion-table.html
Vallejo,Model Color,Leather Brown,70.871,Army Painter,Warpaints Fanatic,Bootstrap Brown,WP3074P,matched by product code,https://www.mech9.com/p/vallejo-model-color-conversion-table.html
Vallejo,Model Color,Leather Brown,70.871,Vallejo,Model Air,US Earth Brown,71.290,matched by product code; matched by product code,https://www.mech9.com/p/vallejo-model-color-conversion-table.html
Vallejo,Model Color,Leather Brown,70.871,AK Interactive,3GEN Acrylics,Leather Brown,AK11110,matched by product code; matched by product code,https://www.mech9.com/p/vallejo-model-color-conversion-table.html
Vallejo,Model Color,Leather Brown,70.871,Army Painter,Original Warpaints,Dark Stone,WP1425P,matched by product code,https://www.mech9.com/p/vallejo-model-color-conversion-table.html
Vallejo,Model Color,Chocolate Brown,70.872,Vallejo,Model Air,Burnt Umber,71.040,matched by product code; matched by product code,https://www.mech9.com/p/vallejo-model-color-conversion-table.html
Vallejo,Model Color,Chocolate Brown,70.872,Army Painter,Original Warpaints,Dark Stone,WP1425P,matched by product code,https://www.mech9.com/p/vallejo-model-color-conversion-table.html
Vallejo,Model Color,Chocolate Brown,70.872,Tamiya,Lacquer Paint,Linoleum Deck Brown,LP17,matched by product code; matched by product code,https://www.mech9.com/p/vallejo-model-color-conversion-table.html
Vallejo,Model Color,Chocolate Brown,70.872,AK Interactive,3GEN Acrylics,Saddle Brown XF-79,AK11104,matched by product code; matched by product code,https://www.mech9.com/p/vallejo-model-color-conversion-table.html
Vallejo,Model Color,Chocolate Brown,70.872,AK Interactive,3GEN Acrylics,Medium Rust,AK11103,matched by product code; matched by product code,https://www.mech9.com/p/vallejo-model-color-conversion-table.html
Vallejo,Model Color,Chocolate Brown,70.872,AK Interactive,3GEN Acrylics,(Chipping) XF-10,AK11113,matched by product code; matched by product code,https://www.mech9.com/p/vallejo-model-color-conversion-table.html
Vallejo,Model Color,US Field Drab,70.873,Vallejo,Model Air,BS Dark Earth,71.323,matched by product code; matched by product code,https://www.mech9.com/p/vallejo-model-color-conversion-table.html
Vallejo,Model Color,US Field Drab,70.873,Vallejo,Mecha Color,Brown,69.034,matched by product code; matched by product code,https://www.mech9.com/p/vallejo-model-color-conversion-table.html
Vallejo,Model Color,US Field Drab,70.873,AK Interactive,Figures Series,Field Drab,AK11435,matched by product code; matched by product code,https://www.mech9.com/p/vallejo-model-color-conversion-table.html
Vallejo,Model Color,US Field Drab,70.873,AK Interactive,Legacy Acrylics,US Field Drab,AK3075,matched by product code,https://www.mech9.com/p/vallejo-model-color-conversion-table.html
Vallejo,Model Color,Tan Earth,70.874,Vallejo,Model Air,Khaki Brown,71.024,matched by product code; matched by product code,https://www.mech9.com/p/vallejo-model-color-conversion-table.html
Vallejo,Model Color,Tan Earth,70.874,Army Painter,Original Warpaints,Monster Brown,WP1120P,matched by product code,https://www.mech9.com/p/vallejo-model-color-conversion-table.html
Vallejo,Model Color,Tan Earth,70.874,Vallejo,Model Air,US Desert Sand,71.140,matched by product code; matched by product code,https://www.mech9.com/p/vallejo-model-color-conversion-table.html
Vallejo,Model Color,Tan Earth,70.874,AK Interactive,3GEN Acrylics,Tan Earth,AK11121,matched by product code; matched by product code,https://www.mech9.com/p/vallejo-model-color-conversion-table.html
Vallejo,Model Color,Beige Brown,70.875,Vallejo,Model Air,US Earth Red,71.293,matched by product code; matched by product code,https://www.mech9.com/p/vallejo-model-color-conversion-table.html
Vallejo,Model Color,Beige Brown,70.875,Vallejo,Game Air,Beasty Brown,72.743,matched by product code,https://www.mech9.com/p/vallejo-model-color-conversion-table.html
Vallejo,Model Color,Beige Brown,70.875,AK Interactive,Figures Series,Waffen Brown,AK11417,matched by product code; matched by product code,https://www.mech9.com/p/vallejo-model-color-conversion-table.html
Vallejo,Model Color,Beige Brown,70.875,AK Interactive,Legacy Acrylics,Waffen Fall/Winter Brown Spots,AK3055,matched by product code,https://www.mech9.com/p/vallejo-model-color-conversion-table.html
Vallejo,Model Color,Beige Brown,70.875,Vallejo,Hobby Paint,Beasty Brown,28.019,matched by product code; matched by product code,https://www.mech9.com/p/vallejo-model-color-conversion-table.html
Vallejo,Model Color,Brown Sand,70.876,Vallejo,Model Air,USAF Brown,71.125,matched by product code; matched by product code,https://www.mech9.com/p/vallejo-model-color-conversion-table.html
Vallejo,Model Color,Brown Sand,70.876,Warhammer Colour,Base,XV-88,CT198,"matched by product code; mech9 prints ""XV-88 (Base)""",https://www.mech9.com/p/vallejo-model-color-conversion-table.html
Vallejo,Model Color,Brown Sand,70.876,Vallejo,Game Air,Leather Brown,72.740,matched by product code,https://www.mech9.com/p/vallejo-model-color-conversion-table.html
Vallejo,Model Color,Brown Sand,70.876,Vallejo,Hobby Paint,Leather Brown,28.014,matched by product code; matched by product code,https://www.mech9.com/p/vallejo-model-color-conversion-table.html
Vallejo,Model Color,Brown Sand,70.876,Vallejo,Model Air,Sand Brown,71.034,matched by product code; matched by product code,https://www.mech9.com/p/vallejo-model-color-conversion-table.html
Vallejo,Model Color,Brown Sand,70.876,Vallejo,Model Air,Sand Yellow RLM79,71.278,matched by product code; matched by product code,https://www.mech9.com/p/vallejo-model-color-conversion-table.html
Vallejo,Model Color,Brown Sand,70.876,AK Interactive,3GEN Acrylics,Cork XF-52,AK11119,matched by product code; matched by product code,https://www.mech9.com/p/vallejo-model-color-conversion-table.html
Vallejo,Model Color,Gold Brown,70.877,Vallejo,Model Air,Dark Green,71.012,matched by product code; matched by product code,https://www.mech9.com/p/vallejo-model-color-conversion-table.html
Vallejo,Model Color,Gold Brown,70.877,Warhammer Colour,Layer,Balor Brown,CT21,"matched by product code; mech9 prints ""Balor Brown (Layer)""",https://www.mech9.com/p/vallejo-model-color-conversion-table.html
Vallejo,Model Color,Gold Brown,70.877,Army Painter,Original Warpaints,Basilisk Brown,WP1405P,matched by product code,https://www.mech9.com/p/vallejo-model-color-conversion-table.html
Vallejo,Model Color,Gold Brown,70.877,Army Painter,Warpaints Fanatic,Wasteland Clay,WP3082P,matched by product code,https://www.mech9.com/p/vallejo-model-color-conversion-table.html
Vallejo,Model Color,Gold Brown,70.877,Army Painter,Warpaints Air,Yellow Dune,AW4121P,matched by product code,https://www.mech9.com/p/vallejo-model-color-conversion-table.html
Vallejo,Model Color,Gold Brown,70.877,AK Interactive,3GEN Acrylics,Golden Brown,AK11117,matched by product code; matched by product code,https://www.mech9.com/p/vallejo-model-color-conversion-table.html
Vallejo,Model Color,Old Gold,70.878,Vallejo,Mecha Metallic,Old Gold,69.060,matched by product code; matched by product code,https://www.mech9.com/p/vallejo-model-color-conversion-table.html
Vallejo,Model Color,Green Brown,70.879,Vallejo,Model Air,Ger. Yellow Brown,71.272,matched by product code; matched by product code,https://www.mech9.com/p/vallejo-model-color-conversion-table.html
Vallejo,Model Color,Green Brown,70.879,Vallejo,Model Air,Camou. Grey Green,71.116,matched by product code; matched by product code,https://www.mech9.com/p/vallejo-model-color-conversion-table.html
Vallejo,Model Color,Green Brown,70.879,AK Interactive,3GEN Acrylics,Green-Brown,AK11126,matched by product code; matched by product code,https://www.mech9.com/p/vallejo-model-color-conversion-table.html
Vallejo,Model Color,Green Brown,70.879,Army Painter,Original Warpaints,Tanned Flesh,WP1127P,matched by product code,https://www.mech9.com/p/vallejo-model-color-conversion-table.html
Vallejo,Model Color,Green Yellow,70.881,Vallejo,Model Air,US Light Green,71.137,matched by product code; matched by product code,https://www.mech9.com/p/vallejo-model-color-conversion-table.html
Vallejo,Model Color,Middle Stone,70.882,Vallejo,Model Air,Middle Stone,71.031,matched by product code; matched by product code,https://www.mech9.com/p/vallejo-model-color-conversion-table.html
Vallejo,Model Color,Middle Stone,70.882,AK Interactive,AIR Series,RAF Middle Stone,AK11846,matched by product code; matched by product code,https://www.mech9.com/p/vallejo-model-color-conversion-table.html
Vallejo,Model Color,Middle Stone,70.882,AK Interactive,3GEN Acrylics,Middle Stone,AK11124,matched by product code; matched by product code,https://www.mech9.com/p/vallejo-model-color-conversion-table.html
Vallejo,Model Color,Silver Grey,70.883,Vallejo,Model Air,USAF Light Gray,71.276,matched by product code; matched by product code,https://www.mech9.com/p/vallejo-model-color-conversion-table.html
Vallejo,Model Color,Silver Grey,70.883,AK Interactive,3GEN Acrylics,Silver Grey,AK11006,matched by product code; matched by product code,https://www.mech9.com/p/vallejo-model-color-conversion-table.html
Vallejo,Model Color,Silver Grey,70.883,Vallejo,Model Air,USAAF Light Gray,71.296,matched by product code; matched by product code,https://www.mech9.com/p/vallejo-model-color-conversion-table.html
Vallejo,Model Color,Silver Grey,70.883,AK Interactive,3GEN Acrylics,White Grey,AK11003,matched by product code; matched by product code,https://www.mech9.com/p/vallejo-model-color-conversion-table.html
Vallejo,Model Color,Silver Grey,70.883,Vallejo,Model Air,White Grey,71.119,matched by product code; matched by product code,https://www.mech9.com/p/vallejo-model-color-conversion-table.html
Vallejo,Model Color,Stone Grey,70.884,Warhammer Colour,Layer,Ogryn Camo,CT125,"matched by product code; mech9 prints ""Ogryn Camo (Layer)""",https://www.mech9.com/p/vallejo-model-color-conversion-table.html
Vallejo,Model Color,Stone Grey,70.884,Vallejo,Game Air,Dead Flesh,72.735,matched by product code,https://www.mech9.com/p/vallejo-model-color-conversion-table.html
Vallejo,Model Color,Stone Grey,70.884,Vallejo,Hobby Paint,Dead Flesh,28.022,matched by product code; matched by product code,https://www.mech9.com/p/vallejo-model-color-conversion-table.html
Vallejo,Model Color,Pastel Green,70.885,Vallejo,Model Air,IJA Light Grey Green,71.321,matched by product code; matched by product code,https://www.mech9.com/p/vallejo-model-color-conversion-table.html
Vallejo,Model Color,Pastel Green,70.885,Vallejo,Mecha Color,Green,69.026,matched by product code; matched by product code,https://www.mech9.com/p/vallejo-model-color-conversion-table.html
Vallejo,Model Color,Pastel Green,70.885,AK Interactive,3GEN Acrylics,Green-Grey,AK11132,matched by product code; matched by product code,https://www.mech9.com/p/vallejo-model-color-conversion-table.html
Vallejo,Model Color,Pastel Green,70.885,Vallejo,Model Air,Sky Type S,71.302,matched by product code; matched by product code,https://www.mech9.com/p/vallejo-model-color-conversion-table.html
Vallejo,Model Color,Pastel Green,70.885,Vallejo,Model Air,Eau de Nil “D.E.G.”,71.009,matched by product code; matched by product code,https://www.mech9.com/p/vallejo-model-color-conversion-table.html
Vallejo,Model Color,Green Grey,70.886,Vallejo,Model Air,Seaplane Gray,71.314,matched by product code; matched by product code,https://www.mech9.com/p/vallejo-model-color-conversion-table.html
Vallejo,Model Color,Green Grey,70.886,Warhammer Colour,Dry,Dawnstone,CT48,"matched by product code; mech9 prints ""Dawnstone (Dry)""",https://www.mech9.com/p/vallejo-model-color-conversion-table.html
Vallejo,Model Color,Green Grey,70.886,Army Painter,Original Warpaints,Uniform Grey,WP1118P,matched by product code,https://www.mech9.com/p/vallejo-model-color-conversion-table.html
Vallejo,Model Color,Green Grey,70.886,Army Painter,Warpaints Fanatic,Uniform Grey,WP3003P,matched by product code,https://www.mech9.com/p/vallejo-model-color-conversion-table.html
Vallejo,Model Color,Green Grey,70.886,Army Painter,Warpaints Air,Uniform Grey,AW1118P,matched by product code,https://www.mech9.com/p/vallejo-model-color-conversion-table.html
Vallejo,Model Color,Green Grey,70.886,Vallejo,Model Air,Grey RLM02,71.044,matched by product code; matched by product code,https://www.mech9.com/p/vallejo-model-color-conversion-table.html
Vallejo,Model Color,Green Grey,70.886,AK Interactive,3GEN Acrylics,Grey-Green,AK11016,matched by product code; matched by product code,https://www.mech9.com/p/vallejo-model-color-conversion-table.html
Vallejo,Model Color,US Olive Drab,70.887,Vallejo,Model Air,US Olive Drab,71.043,matched by product code; matched by product code,https://www.mech9.com/p/vallejo-model-color-conversion-table.html
Vallejo,Model Color,US Olive Drab,70.887,Tamiya,Lacquer Paint,Dark Green (JGSDF),LP26,matched by product code; matched by product code,https://www.mech9.com/p/vallejo-model-color-conversion-table.html
Vallejo,Model Color,US Olive Drab,70.887,Vallejo,Hobby Paint,US Olive Drab,28.005,matched by product code; matched by product code,https://www.mech9.com/p/vallejo-model-color-conversion-table.html
Vallejo,Model Color,US Olive Drab,70.887,Vallejo,Model Air,Green Brown,71.020,matched by product code; matched by product code,https://www.mech9.com/p/vallejo-model-color-conversion-table.html
Vallejo,Model Color,US Olive Drab,70.887,Tamiya,Lacquer Paint,Olive Drab,LP28,matched by product code; matched by product code,https://www.mech9.com/p/vallejo-model-color-conversion-table.html
Vallejo,Model Color,US Olive Drab,70.887,Vallejo,Model Air,US Dark Green,71.289,matched by product code; matched by product code,https://www.mech9.com/p/vallejo-model-color-conversion-table.html
Vallejo,Model Color,US Olive Drab,70.887,Vallejo,Model Air,Medium Olive,71.092,matched by product code; matched by product code,https://www.mech9.com/p/vallejo-model-color-conversion-table.html
Vallejo,Model Color,US Olive Drab,70.887,Vallejo,Model Air,IJA Olive Green,71.286,matched by product code; matched by product code,https://www.mech9.com/p/vallejo-model-color-conversion-table.html
Vallejo,Model Color,US Olive Drab,70.887,Vallejo,Model Air,Green RLM62,71.104,matched by product code; matched by product code,https://www.mech9.com/p/vallejo-model-color-conversion-table.html
Vallejo,Model Color,US Olive Drab,70.887,AK Interactive,AIR Series,RLM 62,AK11815,matched by product code; matched by product code,https://www.mech9.com/p/vallejo-model-color-conversion-table.html
Vallejo,Model Color,US Olive Drab,70.887,Vallejo,Model Air,Dark Green RLM71,71.015,matched by product code; matched by product code,https://www.mech9.com/p/vallejo-model-color-conversion-table.html
Vallejo,Model Color,US Olive Drab,70.887,AK Interactive,3GEN Acrylics,Camouflage Green,AK11156,matched by product code; matched by product code,https://www.mech9.com/p/vallejo-model-color-conversion-table.html
Vallejo,Model Color,Olive Grey,70.888,Vallejo,Model Air,Olive Grey,71.096,matched by product code; matched by product code,https://www.mech9.com/p/vallejo-model-color-conversion-table.html
Vallejo,Model Color,Olive Grey,70.888,Vallejo,Model Air,Dark Green,71.012,matched by product code; matched by product code,https://www.mech9.com/p/vallejo-model-color-conversion-table.html
Vallejo,Model Color,Olive Grey,70.888,Vallejo,Model Air,US Forest Green,71.294,matched by product code; matched by product code,https://www.mech9.com/p/vallejo-model-color-conversion-table.html
Vallejo,Model Color,Olive Grey,70.888,AK Interactive,3GEN Acrylics,Command Green,AK11155,matched by product code; matched by product code,https://www.mech9.com/p/vallejo-model-color-conversion-table.html
Vallejo,Model Color,Olive Brown,70.889,Vallejo,Model Air,Medium Olive,71.092,matched by product code; matched by product code,https://www.mech9.com/p/vallejo-model-color-conversion-table.html
Vallejo,Model Color,Olive Brown,70.889,Tamiya,Lacquer Paint,Olive Drab,LP28,matched by product code; matched by product code,https://www.mech9.com/p/vallejo-model-color-conversion-table.html
Vallejo,Model Color,Olive Brown,70.889,Vallejo,Model Air,N. 41 Dk Olive Drab,71.316,matched by product code; matched by product code,https://www.mech9.com/p/vallejo-model-color-conversion-table.html
Vallejo,Model Color,Olive Brown,70.889,AK Interactive,AIR Series,Dark Olive Drab 41,AK11860,matched by product code; matched by product code,https://www.mech9.com/p/vallejo-model-color-conversion-table.html
Vallejo,Model Color,Olive Brown,70.889,Vallejo,Model Air,6K Russian Brown,71.282,matched by product code; matched by product code,https://www.mech9.com/p/vallejo-model-color-conversion-table.html
Vallejo,Model Color,Refractive Green,70.890,Vallejo,Model Air,Medium Olive,71.092,matched by product code; matched by product code,https://www.mech9.com/p/vallejo-model-color-conversion-table.html
Vallejo,Model Color,Refractive Green,70.890,AK Interactive,3GEN Acrylics,Faded Green,AK11135,matched by product code; matched by product code,https://www.mech9.com/p/vallejo-model-color-conversion-table.html
Vallejo,Model Color,Refractive Green,70.890,Vallejo,Model Air,US Dark Green,71.289,matched by product code; matched by product code,https://www.mech9.com/p/vallejo-model-color-conversion-table.html
Vallejo,Model Color,Refractive Green,70.890,Tamiya,Lacquer Paint,Olive Drab 2,LP29,matched by product code; matched by product code,https://www.mech9.com/p/vallejo-model-color-conversion-table.html
Vallejo,Model Color,Refractive Green,70.890,AK Interactive,3GEN Acrylics,Reflective Green,AK11158,matched by product code; matched by product code,https://www.mech9.com/p/vallejo-model-color-conversion-table.html
Vallejo,Model Color,Intermediate Green,70.891,Vallejo,Model Air,Pale Green,71.095,matched by product code; matched by product code,https://www.mech9.com/p/vallejo-model-color-conversion-table.html
Vallejo,Model Color,Intermediate Green,70.891,Warhammer Colour,Base,Caliban Green,CT36,"matched by product code; mech9 prints ""Caliban Green (Base)""",https://www.mech9.com/p/vallejo-model-color-conversion-table.html
Vallejo,Model Color,Intermediate Green,70.891,Vallejo,Game Air,Dark Green,72.728,matched by product code,https://www.mech9.com/p/vallejo-model-color-conversion-table.html
Vallejo,Model Color,Intermediate Green,70.891,Army Painter,Original Warpaints,Angel Green,WP1112P,matched by product code,https://www.mech9.com/p/vallejo-model-color-conversion-table.html
Vallejo,Model Color,Intermediate Green,70.891,Vallejo,Hobby Paint,Dark Green,28.026,matched by product code; matched by product code,https://www.mech9.com/p/vallejo-model-color-conversion-table.html
Vallejo,Model Color,Intermediate Green,70.891,Army Painter,Warpaints Fanatic,Angel Green,WP3049P,matched by product code,https://www.mech9.com/p/vallejo-model-color-conversion-table.html
Vallejo,Model Color,Intermediate Green,70.891,Army Painter,Warpaints Air,Angel Green,AW1112P,matched by product code,https://www.mech9.com/p/vallejo-model-color-conversion-table.html
Vallejo,Model Color,Intermediate Green,70.891,Vallejo,Model Air,IDF/IAF Green,71.126,matched by product code; matched by product code,https://www.mech9.com/p/vallejo-model-color-conversion-table.html
Vallejo,Model Color,Intermediate Green,70.891,AK Interactive,3GEN Acrylics,Green,AK11149,matched by product code; matched by product code,https://www.mech9.com/p/vallejo-model-color-conversion-table.html
Vallejo,Model Color,Intermediate Green,70.891,Vallejo,Model Air,Olive Green,71.007,matched by product code; matched by product code,https://www.mech9.com/p/vallejo-model-color-conversion-table.html
Vallejo,Model Color,Yellow Olive,70.892,Vallejo,Model Air,Bronze Green,71.250,matched by product code; matched by product code,https://www.mech9.com/p/vallejo-model-color-conversion-table.html
Vallejo,Model Color,US Dark Green,70.893,Vallejo,Model Air,USAF Olive Drab,71.016,matched by product code; matched by product code,https://www.mech9.com/p/vallejo-model-color-conversion-table.html
Vallejo,Model Color,US Dark Green,70.893,Vallejo,Model Air,Camou. Dark Green,71.019,matched by product code; matched by product code,https://www.mech9.com/p/vallejo-model-color-conversion-table.html
Vallejo,Model Color,US Dark Green,70.893,Vallejo,Model Air,US Forest Green,71.294,matched by product code; matched by product code,https://www.mech9.com/p/vallejo-model-color-conversion-table.html
Vallejo,Model Color,US Dark Green,70.893,Vallejo,Model Air,Dark Green RLM71,71.015,matched by product code; matched by product code,https://www.mech9.com/p/vallejo-model-color-conversion-table.html
Vallejo,Model Color,US Dark Green,70.893,AK Interactive,3GEN Acrylics,US Dark Green,AK11157,matched by product code; matched by product code,https://www.mech9.com/p/vallejo-model-color-conversion-table.html
Vallejo,Model Color,US Dark Green,70.893,AK Interactive,AFV Series,S.C.C. No.15 Olive Drab,AK11386,matched by product code; matched by product code,https://www.mech9.com/p/vallejo-model-color-conversion-table.html
Vallejo,Model Color,US Dark Green,70.893,Vallejo,Model Air,US Dark Green,71.289,matched by product code; matched by product code,https://www.mech9.com/p/vallejo-model-color-conversion-table.html
Vallejo,Model Color,Cam. Olive Green,70.894,Vallejo,Model Air,Olive Green RLM80,71.265,matched by product code; matched by product code,https://www.mech9.com/p/vallejo-model-color-conversion-table.html
Vallejo,Model Color,Cam. Olive Green,70.894,Vallejo,Mecha Color,Dark Green,69.030,matched by product code; matched by product code,https://www.mech9.com/p/vallejo-model-color-conversion-table.html
Vallejo,Model Color,Cam. Olive Green,70.894,AK Interactive,AIR Series,RLM 80,AK11834,matched by product code; matched by product code,https://www.mech9.com/p/vallejo-model-color-conversion-table.html
Vallejo,Model Color,Cam. Olive Green,70.894,Vallejo,Hobby Paint,Russian Green 4BO,28.003,matched by product code; matched by product code,https://www.mech9.com/p/vallejo-model-color-conversion-table.html
Vallejo,Model Color,Cam. Olive Green,70.894,AK Interactive,3GEN Acrylics,Russian Green,AK11159,matched by product code; matched by product code,https://www.mech9.com/p/vallejo-model-color-conversion-table.html
Vallejo,Model Color,Cam. Olive Green,70.894,Vallejo,Model Air,Dark Green RLM83,71.011,matched by product code; matched by product code,https://www.mech9.com/p/vallejo-model-color-conversion-table.html
Vallejo,Model Color,Gunship Green,70.895,Vallejo,Model Air,USAF Green,71.124,matched by product code; matched by product code,https://www.mech9.com/p/vallejo-model-color-conversion-table.html
Vallejo,Model Color,Gunship Green,70.895,AK Interactive,3GEN Acrylics,Dark Green-Grey,AK11133,matched by product code; matched by product code,https://www.mech9.com/p/vallejo-model-color-conversion-table.html
Vallejo,Model Color,Gunship Green,70.895,Vallejo,Model Air,Gunship Green,71.014,matched by product code; matched by product code,https://www.mech9.com/p/vallejo-model-color-conversion-table.html
Vallejo,Model Color,Gunship Green,70.895,AK Interactive,3GEN Acrylics,Gunship Green,AK11150,matched by product code; matched by product code,https://www.mech9.com/p/vallejo-model-color-conversion-table.html
Vallejo,Model Color,Extra Dark Green,70.896,Vallejo,Model Air,Green RLM72,71.263,matched by product code; matched by product code,https://www.mech9.com/p/vallejo-model-color-conversion-table.html
Vallejo,Model Color,Extra Dark Green,70.896,AK Interactive,3GEN Acrylics,Extra Dark Green,AK11153,matched by product code; matched by product code,https://www.mech9.com/p/vallejo-model-color-conversion-table.html
Vallejo,Model Color,Bronze Green,70.897,Vallejo,Model Air,Black Green RLM70,71.021,matched by product code; matched by product code,https://www.mech9.com/p/vallejo-model-color-conversion-table.html
Vallejo,Model Color,Bronze Green,70.897,Warhammer Colour,Base,Castellan Green,CT39,"matched by product code; mech9 prints ""Castellan Green (Base)""",https://www.mech9.com/p/vallejo-model-color-conversion-table.html
Vallejo,Model Color,Bronze Green,70.897,AK Interactive,AIR Series,RLM 70,AK11821,matched by product code; matched by product code,https://www.mech9.com/p/vallejo-model-color-conversion-table.html
Vallejo,Model Color,Bronze Green,70.897,Vallejo,Hobby Paint,UK Bronze Green,28.004,matched by product code; matched by product code,https://www.mech9.com/p/vallejo-model-color-conversion-table.html
Vallejo,Model Color,Bronze Green,70.897,AK Interactive,Figures Series,Field Grey Base #1 (Green uniform),AK11425,matched by product code; matched by product code,https://www.mech9.com/p/vallejo-model-color-conversion-table.html
Vallejo,Model Color,Dark Sea Blue,70.898,Vallejo,Model Air,Steel Blue,71.087,matched by product code; matched by product code,https://www.mech9.com/p/vallejo-model-color-conversion-table.html
Vallejo,Model Color,Dark Sea Blue,70.898,Vallejo,Mecha Color,Titan Dark Blue,69.022,matched by product code; matched by product code,https://www.mech9.com/p/vallejo-model-color-conversion-table.html
Vallejo,Model Color,Dark Sea Blue,70.898,Vallejo,Model Air,Grey Blue,71.005,matched by product code; matched by product code,https://www.mech9.com/p/vallejo-model-color-conversion-table.html
Vallejo,Model Color,Dark Sea Blue,70.898,AK Interactive,3GEN Acrylics,Dark Sea Blue XF17,AK11190,matched by product code; matched by product code,https://www.mech9.com/p/vallejo-model-color-conversion-table.html
Vallejo,Model Color,Dark Sea Blue,70.898,Vallejo,Model Air,Glossy Sea Blue,71.300,matched by product code; matched by product code,https://www.mech9.com/p/vallejo-model-color-conversion-table.html
Vallejo,Model Color,Dark Prussian Blue,70.899,Vallejo,Model Air,Deep Sky,71.090,matched by product code; matched by product code,https://www.mech9.com/p/vallejo-model-color-conversion-table.html
Vallejo,Model Color,Dark Prussian Blue,70.899,Warhammer Colour,Base,Night Lords Blue,CT265,"matched by product code; mech9 prints ""Night Lords Blue (Base)""",https://www.mech9.com/p/vallejo-model-color-conversion-table.html
Vallejo,Model Color,Dark Prussian Blue,70.899,Vallejo,Game Air,Night Blue,76.019,matched by product code,https://www.mech9.com/p/vallejo-model-color-conversion-table.html
Vallejo,Model Color,Dark Prussian Blue,70.899,Army Painter,Original Warpaints,Deep Blue,WP1116P,matched by product code,https://www.mech9.com/p/vallejo-model-color-conversion-table.html
Vallejo,Model Color,Dark Prussian Blue,70.899,Army Painter,Warpaints Fanatic,Imperial Navy,WP3025P,matched by product code,https://www.mech9.com/p/vallejo-model-color-conversion-table.html
Vallejo,Model Color,Dark Prussian Blue,70.899,Vallejo,Model Air,Blue,71.004,matched by product code; matched by product code,https://www.mech9.com/p/vallejo-model-color-conversion-table.html
Vallejo,Model Color,Dark Prussian Blue,70.899,AK Interactive,3GEN Acrylics,Imperial Blue,AK11180,matched by product code; matched by product code,https://www.mech9.com/p/vallejo-model-color-conversion-table.html
Vallejo,Model Color,Dark Prussian Blue,70.899,AK Interactive,3GEN Acrylics,Prussian Blue X3,AK11189,matched by product code; matched by product code,https://www.mech9.com/p/vallejo-model-color-conversion-table.html
Vallejo,Model Color,French Mirage Blue,70.900,Vallejo,Model Air,IDF Blue,71.113,matched by product code; matched by product code,https://www.mech9.com/p/vallejo-model-color-conversion-table.html
Vallejo,Model Color,French Mirage Blue,70.900,AK Interactive,AIR Series,RAF PRU Blue BS381C/636,AK11852,matched by product code; matched by product code,https://www.mech9.com/p/vallejo-model-color-conversion-table.html
Vallejo,Model Color,French Mirage Blue,70.900,AK Interactive,3GEN Acrylics,French Blue,AK11166,matched by product code; matched by product code,https://www.mech9.com/p/vallejo-model-color-conversion-table.html
Vallejo,Model Color,Pastel Blue,70.901,Vallejo,Model Air,UK Azure Blue,71.108,matched by product code; matched by product code,https://www.mech9.com/p/vallejo-model-color-conversion-table.html
Vallejo,Model Color,Pastel Blue,70.901,Vallejo,Mecha Color,Blue Grey,69.015,matched by product code; matched by product code,https://www.mech9.com/p/vallejo-model-color-conversion-table.html
Vallejo,Model Color,Azure,70.902,Vallejo,Model Air,UK Azure Blue,71.108,matched by product code; matched by product code,https://www.mech9.com/p/vallejo-model-color-conversion-table.html
Vallejo,Model Color,Azure,70.902,AK Interactive,AIR Series,RAF Azure Blue,AK11845,matched by product code; matched by product code,https://www.mech9.com/p/vallejo-model-color-conversion-table.html
Vallejo,Model Color,Azure,70.902,Vallejo,Mecha Color,Light Blue,69.016,matched by product code; matched by product code,https://www.mech9.com/p/vallejo-model-color-conversion-table.html
Vallejo,Model Color,Azure,70.902,Army Painter,Original Warpaints,Voidshield Blue,WP1452P,matched by product code,https://www.mech9.com/p/vallejo-model-color-conversion-table.html
Vallejo,Model Color,Azure,70.902,Army Painter,Warpaints Fanatic,Aegis Aqua,WP3036P,matched by product code,https://www.mech9.com/p/vallejo-model-color-conversion-table.html
Vallejo,Model Color,Intermediate Blue,70.903,Vallejo,Model Air,Intermediate Blue,71.299,matched by product code; matched by product code,https://www.mech9.com/p/vallejo-model-color-conversion-table.html
Vallejo,Model Color,Intermediate Blue,70.903,AK Interactive,AIR Series,RAF PRU Blue BS381C/636,AK11852,matched by product code; matched by product code,https://www.mech9.com/p/vallejo-model-color-conversion-table.html
Vallejo,Model Color,Intermediate Blue,70.903,Vallejo,Model Air,IDF Blue,71.113,matched by product code; matched by product code,https://www.mech9.com/p/vallejo-model-color-conversion-table.html
Vallejo,Model Color,Intermediate Blue,70.903,Vallejo,Model Air,Faded P.R.U. Blue,71.109,matched by product code; matched by product code,https://www.mech9.com/p/vallejo-model-color-conversion-table.html
Vallejo,Model Color,Intermediate Blue,70.903,AK Interactive,3GEN Acrylics,Intermediate Blue,AK11163,matched by product code; matched by product code,https://www.mech9.com/p/vallejo-model-color-conversion-table.html
Vallejo,Model Color,Dark Blue Grey,70.904,Vallejo,Model Air,Faded P.R.U. Blue,71.109,matched by product code,https://www.mech9.com/p/vallejo-model-color-conversion-table.html
Vallejo,Model Color,Dark Blue Grey,70.904,Vallejo,Mecha Color,Grey Green,69.014,matched by product code,https://www.mech9.com/p/vallejo-model-color-conversion-table.html
Vallejo,Model Color,Dark Blue Grey,70.904,AK Interactive,3GEN Acrylics,Dark Blue-Grey,AK11164,matched by product code,https://www.mech9.com/p/vallejo-model-color-conversion-table.html
Vallejo,Model Color,Blue Grey Pale,70.905,Vallejo,Model Air,Medium Gray,71.114,matched by product code; matched by product code,https://www.mech9.com/p/vallejo-model-color-conversion-table.html
Vallejo,Model Color,Blue Grey Pale,70.905,Vallejo,Model Air,AMT-11 Blue Grey,71.304,matched by product code; matched by product code,https://www.mech9.com/p/vallejo-model-color-conversion-table.html
Vallejo,Model Color,Blue Grey Pale,70.905,AK Interactive,AIR Series,AMT-11 Blue-Grey,AK11917,matched by product code; matched by product code,https://www.mech9.com/p/vallejo-model-color-conversion-table.html
Vallejo,Model Color,Pale Blue,70.906,Vallejo,Model Air,Light Blue RLM65,71.255,matched by product code; matched by product code,https://www.mech9.com/p/vallejo-model-color-conversion-table.html
Vallejo,Model Color,Pale Blue,70.906,AK Interactive,3GEN Acrylics,Spectrum Blue,AK11162,matched by product code; matched by product code,https://www.mech9.com/p/vallejo-model-color-conversion-table.html
Vallejo,Model Color,Pale Blue,70.906,Vallejo,Model Air,Light Blue RLM78,71.101,matched by product code; matched by product code,https://www.mech9.com/p/vallejo-model-color-conversion-table.html
Vallejo,Model Color,Pale Blue,70.906,Vallejo,Model Air,Pale Blue,71.008,matched by product code; matched by product code,https://www.mech9.com/p/vallejo-model-color-conversion-table.html
Vallejo,Model Color,Pale Blue,70.906,Vallejo,Model Air,Light Blue RLM76,71.257,matched by product code; matched by product code,https://www.mech9.com/p/vallejo-model-color-conversion-table.html
Vallejo,Model Color,Pale Blue,70.906,AK Interactive,3GEN Acrylics,Pale Blue,AK11161,matched by product code; matched by product code,https://www.mech9.com/p/vallejo-model-color-conversion-table.html
Vallejo,Model Color,Pale Blue,70.906,AK Interactive,3GEN Acrylics,Blue-Grey,AK11011,matched by product code; matched by product code,https://www.mech9.com/p/vallejo-model-color-conversion-table.html
Vallejo,Model Color,Pale Grey Blue,70.907,Vallejo,Model Air,Light Blue RLM76,71.257,matched by product code; matched by product code,https://www.mech9.com/p/vallejo-model-color-conversion-table.html
Vallejo,Model Color,Pale Grey Blue,70.907,Warhammer Colour,Layer,Dawnstone,CT47,"matched by product code; mech9 prints ""Dawnstone (Layer)""",https://www.mech9.com/p/vallejo-model-color-conversion-table.html
Vallejo,Model Color,Pale Grey Blue,70.907,Vallejo,Game Air,Stonewall Grey,72.749,matched by product code,https://www.mech9.com/p/vallejo-model-color-conversion-table.html
Vallejo,Model Color,Pale Grey Blue,70.907,AK Interactive,AIR Series,RLM 76 Version 2,AK11828,matched by product code; matched by product code,https://www.mech9.com/p/vallejo-model-color-conversion-table.html
Vallejo,Model Color,Pale Grey Blue,70.907,Vallejo,Model Air,IJA Grey Green,71.326,matched by product code; matched by product code,https://www.mech9.com/p/vallejo-model-color-conversion-table.html
Vallejo,Model Color,Pale Grey Blue,70.907,Tamiya,Lacquer Paint,Light Gray (IJN),LP32,matched by product code; matched by product code,https://www.mech9.com/p/vallejo-model-color-conversion-table.html
Vallejo,Model Color,Pale Grey Blue,70.907,AK Interactive,3GEN Acrylics,Medium Grey,AK11010,matched by product code; matched by product code,https://www.mech9.com/p/vallejo-model-color-conversion-table.html
Vallejo,Model Color,Carmine Red,70.908,Warhammer Colour,Layer,Bloodreaver Flesh,CT217,"matched by product code; mech9 prints ""Bloodreaver Flesh (Layer)""",https://www.mech9.com/p/vallejo-model-color-conversion-table.html
Vallejo,Model Color,Carmine Red,70.908,AK Interactive,3GEN Acrylics,Carmine X-7,AK11091,matched by product code; matched by product code,https://www.mech9.com/p/vallejo-model-color-conversion-table.html
Vallejo,Model Color,Carmine Red,70.908,Army Painter,Original Warpaints,Chaotic Red,WP1142P,matched by product code,https://www.mech9.com/p/vallejo-model-color-conversion-table.html
Vallejo,Model Color,Carmine Red,70.908,Vallejo,Hobby Paint,Scarlet Red,28.016,matched by product code; matched by product code,https://www.mech9.com/p/vallejo-model-color-conversion-table.html
Vallejo,Model Color,Carmine Red,70.908,Army Painter,Warpaints Fanatic,Carnelian Skin,WP3151P,matched by product code,https://www.mech9.com/p/vallejo-model-color-conversion-table.html
Vallejo,Model Color,Carmine Red,70.908,Army Painter,Warpaints Air,Chaotic Red,AW1142P,matched by product code,https://www.mech9.com/p/vallejo-model-color-conversion-table.html
Vallejo,Model Color,Carmine Red,70.908,Vallejo,Model Air,Fire Red,71.084,matched by product code; matched by product code,https://www.mech9.com/p/vallejo-model-color-conversion-table.html
Vallejo,Model Color,Vermilion,70.909,Vallejo,Model Air,Red RLM23,71.003,matched by product code; matched by product code,https://www.mech9.com/p/vallejo-model-color-conversion-table.html
Vallejo,Model Color,Vermilion,70.909,Warhammer Colour,Layer,Evil Sunz Scarlet,CT64,"matched by product code; mech9 prints ""Evil Sunz Scarlet (Layer)""",https://www.mech9.com/p/vallejo-model-color-conversion-table.html
Vallejo,Model Color,Vermilion,70.909,Vallejo,Game Air,Bloody Red,72.710,matched by product code,https://www.mech9.com/p/vallejo-model-color-conversion-table.html
Vallejo,Model Color,Vermilion,70.909,Army Painter,Original Warpaints,Chaotic Red,WP1142P,matched by product code,https://www.mech9.com/p/vallejo-model-color-conversion-table.html
Vallejo,Model Color,Vermilion,70.909,Vallejo,Hobby Paint,Bloody Red,28.023,matched by product code; matched by product code,https://www.mech9.com/p/vallejo-model-color-conversion-table.html
Vallejo,Model Color,Vermilion,70.909,Army Painter,Warpaints Fanatic,Carnelian Skin,WP3151P,matched by product code,https://www.mech9.com/p/vallejo-model-color-conversion-table.html
Vallejo,Model Color,Vermilion,70.909,Army Painter,Warpaints Air,Chaotic Red,AW1142P,matched by product code,https://www.mech9.com/p/vallejo-model-color-conversion-table.html
Vallejo,Model Color,Vermilion,70.909,Army Painter,Original Warpaints,Abomination Gore,WP1401P,matched by product code,https://www.mech9.com/p/vallejo-model-color-conversion-table.html
Vallejo,Model Color,Vermilion,70.909,Army Painter,Warpaints Fanatic,Resplendent Red,WP3103P,matched by product code,https://www.mech9.com/p/vallejo-model-color-conversion-table.html
Vallejo,Model Color,Vermilion,70.909,AK Interactive,3GEN Acrylics,Blood Red,AK11089,matched by product code; matched by product code,https://www.mech9.com/p/vallejo-model-color-conversion-table.html
Vallejo,Model Color,Orange Red,70.910,AK Interactive,3GEN Acrylics,Cadmium Red,AK11085,matched by product code; matched by product code,https://www.mech9.com/p/vallejo-model-color-conversion-table.html
Vallejo,Model Color,Light Orange,70.911,Vallejo,Model Air,Orange Rust,71.130,matched by product code; matched by product code,https://www.mech9.com/p/vallejo-model-color-conversion-table.html
Vallejo,Model Color,Light Orange,70.911,Warhammer Colour,Layer,Fire Dragon Bright,CT66,"matched by product code; mech9 prints ""Fire Dragon Bright (Layer)""",https://www.mech9.com/p/vallejo-model-color-conversion-table.html
Vallejo,Model Color,Light Orange,70.911,Vallejo,Game Air,Orange Fire,72.708,matched by product code,https://www.mech9.com/p/vallejo-model-color-conversion-table.html
Vallejo,Model Color,Light Orange,70.911,AK Interactive,3GEN Acrylics,Yellow,AK11042,matched by product code; matched by product code,https://www.mech9.com/p/vallejo-model-color-conversion-table.html
Vallejo,Model Color,Light Orange,70.911,Army Painter,Original Warpaints,Lava Orange,WP1106P,matched by product code,https://www.mech9.com/p/vallejo-model-color-conversion-table.html
Vallejo,Model Color,Light Orange,70.911,Army Painter,Warpaints Fanatic,Lava Orange,WP3099P,matched by product code,https://www.mech9.com/p/vallejo-model-color-conversion-table.html
Vallejo,Model Color,Light Orange,70.911,Army Painter,Warpaints Air,Lava Orange,AW1106P,matched by product code,https://www.mech9.com/p/vallejo-model-color-conversion-table.html
Vallejo,Model Color,Light Orange,70.911,AK Interactive,3GEN Acrylics,Light Orange,AK11077,matched by product code; matched by product code,https://www.mech9.com/p/vallejo-model-color-conversion-table.html
Vallejo,Model Color,Tan Yellow,70.912,Vallejo,Model Air,US Earth Yellow,71.291,matched by product code; matched by product code,https://www.mech9.com/p/vallejo-model-color-conversion-table.html
Vallejo,Model Color,Tan Yellow,70.912,AK Interactive,AFV Series,Nº6 Earth Yellow (FS30257),AK11337,matched by product code; matched by product code,https://www.mech9.com/p/vallejo-model-color-conversion-table.html
Vallejo,Model Color,Tan Yellow,70.912,AK Interactive,3GEN Acrylics,Tan Yellow,AK11116,matched by product code; matched by product code,https://www.mech9.com/p/vallejo-model-color-conversion-table.html
Vallejo,Model Color,Yellow Ochre,70.913,Vallejo,Model Air,US Interior Yellow,71.107,matched by product code; matched by product code,https://www.mech9.com/p/vallejo-model-color-conversion-table.html
Vallejo,Model Color,Yellow Ochre,70.913,AK Interactive,3GEN Acrylics,Ochre,AK11118,matched by product code; matched by product code,https://www.mech9.com/p/vallejo-model-color-conversion-table.html
Vallejo,Model Color,Green Ochre,70.914,Vallejo,Model Air,Middle Stone,71.031,matched by product code; matched by product code,https://www.mech9.com/p/vallejo-model-color-conversion-table.html
Vallejo,Model Color,Green Ochre,70.914,AK Interactive,3GEN Acrylics,Green Ochre,AK11122,matched by product code; matched by product code,https://www.mech9.com/p/vallejo-model-color-conversion-table.html
Vallejo,Model Color,Deep Yellow,70.915,Vallejo,Model Air,Medium Yellow,71.002,matched by product code; matched by product code,https://www.mech9.com/p/vallejo-model-color-conversion-table.html
Vallejo,Model Color,Deep Yellow,70.915,Vallejo,Game Air,Sun Yellow,72.706,matched by product code,https://www.mech9.com/p/vallejo-model-color-conversion-table.html
Vallejo,Model Color,Deep Yellow,70.915,Tamiya,Lacquer Paint,Pure Yellow,LP8,matched by product code; matched by product code,https://www.mech9.com/p/vallejo-model-color-conversion-table.html
Vallejo,Model Color,Deep Yellow,70.915,Army Painter,Original Warpaints,Daemonic Yellow,WP1107P,matched by product code,https://www.mech9.com/p/vallejo-model-color-conversion-table.html
Vallejo,Model Color,Deep Yellow,70.915,Vallejo,Hobby Paint,Sun Yellow,28.018,matched by product code; matched by product code,https://www.mech9.com/p/vallejo-model-color-conversion-table.html
Vallejo,Model Color,Deep Yellow,70.915,Army Painter,Warpaints Fanatic,Daemonic Yellow,WP3093P,matched by product code,https://www.mech9.com/p/vallejo-model-color-conversion-table.html
Vallejo,Model Color,Deep Yellow,70.915,Army Painter,Warpaints Air,Daemonic Yellow,AW1107P,matched by product code,https://www.mech9.com/p/vallejo-model-color-conversion-table.html
Vallejo,Model Color,Deep Yellow,70.915,AK Interactive,3GEN Acrylics,Deep Yellow,AK11045,matched by product code; matched by product code,https://www.mech9.com/p/vallejo-model-color-conversion-table.html
Vallejo,Model Color,Sand Yellow,70.916,Vallejo,Model Air,Yellow Ochre,71.033,matched by product code; matched by product code,https://www.mech9.com/p/vallejo-model-color-conversion-table.html
Vallejo,Model Color,Sand Yellow,70.916,Vallejo,Mecha Color,Sand Yellow,69.033,matched by product code; matched by product code,https://www.mech9.com/p/vallejo-model-color-conversion-table.html
Vallejo,Model Color,Sand Yellow,70.916,AK Interactive,3GEN Acrylics,Sand Yellow,AK11035,matched by product code; matched by product code,https://www.mech9.com/p/vallejo-model-color-conversion-table.html
Vallejo,Model Color,Beige,70.917,Vallejo,Model Air,Sand Beige,71.244,matched by product code; matched by product code,https://www.mech9.com/p/vallejo-model-color-conversion-table.html
Vallejo,Model Color,Beige,70.917,AK Interactive,3GEN Acrylics,Beige,AK11030,matched by product code; matched by product code,https://www.mech9.com/p/vallejo-model-color-conversion-table.html
Vallejo,Model Color,Beige,70.917,Vallejo,Model Air,Beige,71.074,matched by product code; matched by product code,https://www.mech9.com/p/vallejo-model-color-conversion-table.html
Vallejo,Model Color,Beige,70.917,AK Interactive,AFV Series,RAL 1039 F9 Sandbeige,AK11325,matched by product code; matched by product code,https://www.mech9.com/p/vallejo-model-color-conversion-table.html
Vallejo,Model Color,Beige,70.917,AK Interactive,Legacy Acrylics,RAL 8031 F9 German Sand Beige,AK728,matched by product code,https://www.mech9.com/p/vallejo-model-color-conversion-table.html
Vallejo,Model Color,Ivory,70.918,Vallejo,Model Air,Off-White,71.270,matched by product code; matched by product code,https://www.mech9.com/p/vallejo-model-color-conversion-table.html
Vallejo,Model Color,Ivory,70.918,Warhammer Colour,Layer,Pallid Wych Flesh,CT126,"matched by product code; mech9 prints ""Pallid Wych Flesh (Layer)""",https://www.mech9.com/p/vallejo-model-color-conversion-table.html
Vallejo,Model Color,Ivory,70.918,AK Interactive,3GEN Acrylics,Ivory,AK11004,matched by product code; matched by product code,https://www.mech9.com/p/vallejo-model-color-conversion-table.html
Vallejo,Model Color,Ivory,70.918,Army Painter,Original Warpaints,Brainmatter Beige,WP1406P,matched by product code,https://www.mech9.com/p/vallejo-model-color-conversion-table.html
Vallejo,Model Color,Ivory,70.918,Army Painter,Warpaints Fanatic,Brainmatter Beige,WP3011P,matched by product code,https://www.mech9.com/p/vallejo-model-color-conversion-table.html
Vallejo,Model Color,Ivory,70.918,Vallejo,Mecha Primer,Ivory,70.643,matched by product code; matched by product code,https://www.mech9.com/p/vallejo-model-color-conversion-table.html
Vallejo,Model Color,German Uniform,70.920,Vallejo,Model Air,USAF Green,71.124,matched by product code; matched by product code,https://www.mech9.com/p/vallejo-model-color-conversion-table.html
Vallejo,Model Color,German Uniform,70.920,AK Interactive,AIR Series,Green FS 34258,AK11876,matched by product code; matched by product code,https://www.mech9.com/p/vallejo-model-color-conversion-table.html
Vallejo,Model Color,German Uniform,70.920,AK Interactive,Legacy Acrylics,FS 34258 Green,AK2153,matched by product code,https://www.mech9.com/p/vallejo-model-color-conversion-table.html
Vallejo,Model Color,German Uniform,70.920,Vallejo,Model Air,Green Zinc Chrom.,71.094,matched by product code; matched by product code,https://www.mech9.com/p/vallejo-model-color-conversion-table.html
Vallejo,Model Color,English Uniform,70.921,Vallejo,Model Air,Dark Earth,71.029,matched by product code; matched by product code,https://www.mech9.com/p/vallejo-model-color-conversion-table.html
Vallejo,Model Color,English Uniform,70.921,Warhammer Colour,Base,Steel Legion Drab,CT155,"matched by product code; mech9 prints ""Steel Legion Drab (Base)""",https://www.mech9.com/p/vallejo-model-color-conversion-table.html
Vallejo,Model Color,English Uniform,70.921,Vallejo,Game Air,Earth,72.762,matched by product code,https://www.mech9.com/p/vallejo-model-color-conversion-table.html
Vallejo,Model Color,English Uniform,70.921,Army Painter,Original Warpaints,Monster Brown,WP1120P,matched by product code,https://www.mech9.com/p/vallejo-model-color-conversion-table.html
Vallejo,Model Color,English Uniform,70.921,Vallejo,Hobby Paint,English Uniform,28.008,matched by product code; matched by product code,https://www.mech9.com/p/vallejo-model-color-conversion-table.html
Vallejo,Model Color,English Uniform,70.921,Army Painter,Warpaints Fanatic,Mocca Skin,WP3159P,matched by product code,https://www.mech9.com/p/vallejo-model-color-conversion-table.html
Vallejo,Model Color,English Uniform,70.921,Vallejo,Model Air,US Earth Brown,71.290,matched by product code; matched by product code,https://www.mech9.com/p/vallejo-model-color-conversion-table.html
Vallejo,Model Color,English Uniform,70.921,Vallejo,Model Air,BS Dark Earth,71.323,matched by product code; matched by product code,https://www.mech9.com/p/vallejo-model-color-conversion-table.html
Vallejo,Model Color,English Uniform,70.921,AK Interactive,AIR Series,RAF Dark Earth,AK11841,matched by product code; matched by product code,https://www.mech9.com/p/vallejo-model-color-conversion-table.html
Vallejo,Model Color,English Uniform,70.921,AK Interactive,3GEN Acrylics,British Khaki,AK11127,matched by product code; matched by product code,https://www.mech9.com/p/vallejo-model-color-conversion-table.html
Vallejo,Model Color,English Uniform,70.921,Vallejo,Model Air,US Field Drab,71.139,matched by product code; matched by product code,https://www.mech9.com/p/vallejo-model-color-conversion-table.html
Vallejo,Model Color,Japan. Unif. WWII,70.923,Vallejo,Model Air,Hemp,71.023,matched by product code; matched by product code,https://www.mech9.com/p/vallejo-model-color-conversion-table.html
Vallejo,Model Color,Japan. Unif. WWII,70.923,Warhammer Colour,Layer,Tallarn Sand,CT166,"matched by product code; mech9 prints ""Tallarn Sand (Layer)""",https://www.mech9.com/p/vallejo-model-color-conversion-table.html
Vallejo,Model Color,Japan. Unif. WWII,70.923,Vallejo,Game Air,Desert Yellow,72.763,matched by product code,https://www.mech9.com/p/vallejo-model-color-conversion-table.html
Vallejo,Model Color,Japan. Unif. WWII,70.923,AK Interactive,3GEN Acrylics,Japanese Brown,AK11123,matched by product code; matched by product code,https://www.mech9.com/p/vallejo-model-color-conversion-table.html
Vallejo,Model Color,Japan. Unif. WWII,70.923,Army Painter,Original Warpaints,Sulfide Ochre,WP1456P,matched by product code,https://www.mech9.com/p/vallejo-model-color-conversion-table.html
Vallejo,Model Color,Japan. Unif. WWII,70.923,Vallejo,Hobby Paint,Desert Yellow,28.015,matched by product code; matched by product code,https://www.mech9.com/p/vallejo-model-color-conversion-table.html
Vallejo,Model Color,Japan. Unif. WWII,70.923,Army Painter,Warpaints Fanatic,Prairie Ochre,WP3080P,matched by product code,https://www.mech9.com/p/vallejo-model-color-conversion-table.html
Vallejo,Model Color,Japan. Unif. WWII,70.923,Army Painter,Warpaints Air,Barren Yellow,AW3121P,matched by product code,https://www.mech9.com/p/vallejo-model-color-conversion-table.html
Vallejo,Model Color,Russian Unif. WWII,70.924,Vallejo,Model Air,Russian Green 4BO,71.017,matched by product code; matched by product code,https://www.mech9.com/p/vallejo-model-color-conversion-table.html
Vallejo,Model Color,Russian Unif. WWII,70.924,Warhammer Colour,Base,Deathworld Forest,CT51,"matched by product code; mech9 prints ""Deathworld Forest (Base)""",https://www.mech9.com/p/vallejo-model-color-conversion-table.html
Vallejo,Model Color,Russian Unif. WWII,70.924,Army Painter,Original Warpaints,Venom Wyrm,WP1461P,matched by product code,https://www.mech9.com/p/vallejo-model-color-conversion-table.html
Vallejo,Model Color,Russian Unif. WWII,70.924,Vallejo,Hobby Paint,Russian Uniform,28.007,matched by product code; matched by product code,https://www.mech9.com/p/vallejo-model-color-conversion-table.html
Vallejo,Model Color,Russian Unif. WWII,70.924,Army Painter,Warpaints Fanatic,Tundra Taupe,WP3079P,matched by product code,https://www.mech9.com/p/vallejo-model-color-conversion-table.html
Vallejo,Model Color,Blue,70.925,Vallejo,Model Air,French Blue,71.088,matched by product code; matched by product code,https://www.mech9.com/p/vallejo-model-color-conversion-table.html
Vallejo,Model Color,Blue,70.925,Warhammer Colour,Base,Macragge Blue,CT107,"matched by product code; mech9 prints ""Macragge Blue (Base)""",https://www.mech9.com/p/vallejo-model-color-conversion-table.html
Vallejo,Model Color,Blue,70.925,Vallejo,Game Air,Ultramarine Blue,72.722,matched by product code,https://www.mech9.com/p/vallejo-model-color-conversion-table.html
Vallejo,Model Color,Blue,70.925,Vallejo,Hobby Paint,Ultramarine Blue,28.017,matched by product code; matched by product code,https://www.mech9.com/p/vallejo-model-color-conversion-table.html
Vallejo,Model Color,Blue,70.925,Army Painter,Warpaints Fanatic,Gothic Blue,WP3020P,matched by product code,https://www.mech9.com/p/vallejo-model-color-conversion-table.html
Vallejo,Model Color,Blue,70.925,AK Interactive,3GEN Acrylics,Dark Blue,AK11181,matched by product code; matched by product code,https://www.mech9.com/p/vallejo-model-color-conversion-table.html
Vallejo,Model Color,Blue,70.925,Army Painter,Original Warpaints,Dark Sky,WP1415P,matched by product code,https://www.mech9.com/p/vallejo-model-color-conversion-table.html
Vallejo,Model Color,Blue,70.925,Army Painter,Original Warpaints,Griffon Blue,WP1429P,matched by product code,https://www.mech9.com/p/vallejo-model-color-conversion-table.html
Vallejo,Model Color,Blue,70.925,Army Painter,Warpaints Fanatic,Stratos Blue,WP3015P,matched by product code,https://www.mech9.com/p/vallejo-model-color-conversion-table.html
Vallejo,Model Color,Red,70.926,Vallejo,Model Air,Fire Red,71.084,matched by product code; matched by product code,https://www.mech9.com/p/vallejo-model-color-conversion-table.html
Vallejo,Model Color,Red,70.926,Vallejo,Mecha Color,Dark Red,69.011,matched by product code; matched by product code,https://www.mech9.com/p/vallejo-model-color-conversion-table.html
Vallejo,Model Color,Red,70.926,AK Interactive,3GEN Acrylics,Bordeaux Red,AK11094,matched by product code; matched by product code,https://www.mech9.com/p/vallejo-model-color-conversion-table.html
Vallejo,Model Color,Red,70.926,Army Painter,Original Warpaints,Vampire Red,WP1460P,matched by product code,https://www.mech9.com/p/vallejo-model-color-conversion-table.html
Vallejo,Model Color,Red,70.926,AK Interactive,3GEN Acrylics,Dirty Red,AK11095,matched by product code; matched by product code,https://www.mech9.com/p/vallejo-model-color-conversion-table.html
Vallejo,Model Color,Dark Flesh,70.927,AK Interactive,3GEN Acrylics,Dark Flesh,AK11056,matched by product code; matched by product code,https://www.mech9.com/p/vallejo-model-color-conversion-table.html
Vallejo,Model Color,Dark Flesh,70.927,Army Painter,Original Warpaints,Barbarian Flesh,WP1126P,matched by product code,https://www.mech9.com/p/vallejo-model-color-conversion-table.html
Vallejo,Model Color,Dark Flesh,70.927,Army Painter,Warpaints Fanatic,Barbarian Flesh,WP3147P,matched by product code,https://www.mech9.com/p/vallejo-model-color-conversion-table.html
Vallejo,Model Color,Dark Flesh,70.927,Army Painter,Warpaints Air,Barbarian Flesh,AW1126P,matched by product code,https://www.mech9.com/p/vallejo-model-color-conversion-table.html
Vallejo,Model Color,Light Flesh,70.928,Vallejo,Mecha Color,Light Flesh,69.005,matched by product code; matched by product code,https://www.mech9.com/p/vallejo-model-color-conversion-table.html
Vallejo,Model Color,Light Flesh,70.928,AK Interactive,3GEN Acrylics,Light Flesh,AK11050,matched by product code; matched by product code,https://www.mech9.com/p/vallejo-model-color-conversion-table.html
Vallejo,Model Color,Light Brown,70.929,AK Interactive,3GEN Acrylics,Light Brown,AK11100,matched by product code; matched by product code,https://www.mech9.com/p/vallejo-model-color-conversion-table.html
Vallejo,Model Color,Dark Blue,70.930,Warhammer Colour,Base,Caledor Sky,CT34,"matched by product code; mech9 prints ""Caledor Sky (Base)""",https://www.mech9.com/p/vallejo-model-color-conversion-table.html
Vallejo,Model Color,Dark Blue,70.930,Vallejo,Game Air,Magic Blue,72.721,matched by product code,https://www.mech9.com/p/vallejo-model-color-conversion-table.html
Vallejo,Model Color,Dark Blue,70.930,Army Painter,Original Warpaints,Griffon Blue,WP1429P,matched by product code,https://www.mech9.com/p/vallejo-model-color-conversion-table.html
Vallejo,Model Color,Dark Blue,70.930,Vallejo,Hobby Paint,Magic Blue,28.030,matched by product code; matched by product code,https://www.mech9.com/p/vallejo-model-color-conversion-table.html
Vallejo,Model Color,Dark Blue,70.930,Army Painter,Warpaints Fanatic,Stratos Blue,WP3015P,matched by product code,https://www.mech9.com/p/vallejo-model-color-conversion-table.html
Vallejo,Model Color,Dark Blue,70.930,Vallejo,Model Air,Blue,71.004,matched by product code; matched by product code,https://www.mech9.com/p/vallejo-model-color-conversion-table.html
Vallejo,Model Color,Dark Blue,70.930,Army Painter,Original Warpaints,Dark Sky,WP1415P,matched by product code,https://www.mech9.com/p/vallejo-model-color-conversion-table.html
Vallejo,Model Color,Dark Blue,70.930,Army Painter,Warpaints Fanatic,Regal Blue,WP3026P,matched by product code,https://www.mech9.com/p/vallejo-model-color-conversion-table.html
Vallejo,Model Color,Dark Blue,70.930,AK Interactive,3GEN Acrylics,Deep Blue,AK11182,matched by product code; matched by product code,https://www.mech9.com/p/vallejo-model-color-conversion-table.html
Vallejo,Model Color,Transparent Red,70.934,Tamiya,Lacquer Paint,Clear Red,LP52,matched by product code; matched by product code,https://www.mech9.com/p/vallejo-model-color-conversion-table.html
Vallejo,Model Color,Transparent Red,70.934,AK Interactive,3GEN Acrylics,Clear Red,AK11213,matched by product code; matched by product code,https://www.mech9.com/p/vallejo-model-color-conversion-table.html
Vallejo,Model Color,Transparent Orange,70.935,Tamiya,Lacquer Paint,Clear Orange,LP53,matched by product code; matched by product code,https://www.mech9.com/p/vallejo-model-color-conversion-table.html
Vallejo,Model Color,Transparent Orange,70.935,AK Interactive,3GEN Acrylics,Clear Orange,AK11218,matched by product code; matched by product code,https://www.mech9.com/p/vallejo-model-color-conversion-table.html
Vallejo,Model Color,Transparent Green,70.936,AK Interactive,3GEN Acrylics,Clear Green,AK11216,matched by product code; matched by product code,https://www.mech9.com/p/vallejo-model-color-conversion-table.html
Vallejo,Model Color,Transparent Yellow,70.937,Tamiya,Lacquer Paint,Clear Yellow,LP69,matched by product code; matched by product code,https://www.mech9.com/p/vallejo-model-color-conversion-table.html
Vallejo,Model Color,Transparent Yellow,70.937,AK Interactive,3GEN Acrylics,Clear Yellow,AK11217,matched by product code; matched by product code,https://www.mech9.com/p/vallejo-model-color-conversion-table.html
Vallejo,Model Color,Transparent Blue,70.938,Tamiya,Lacquer Paint,Clear Blue,LP68,matched by product code; matched by product code,https://www.mech9.com/p/vallejo-model-color-conversion-table.html
Vallejo,Model Color,Transparent Blue,70.938,AK Interactive,3GEN Acrylics,Clear Blue,AK11214,matched by product code; matched by product code,https://www.mech9.com/p/vallejo-model-color-conversion-table.html
Vallejo,Model Color,Smoke Ink,70.939,AK Interactive,3GEN Acrylics,Clear Smoke,AK11215,matched by product code; matched by product code,https://www.mech9.com/p/vallejo-model-color-conversion-table.html
Vallejo,Model Color,Saddle Brown,70.940,Vallejo,Model Air,Rust,71.080,matched by product code; matched by product code,https://www.mech9.com/p/vallejo-model-color-conversion-table.html
Vallejo,Model Color,Saddle Brown,70.940,AK Interactive,3GEN Acrylics,Saddle Brown XF-79,AK11104,matched by product code; matched by product code,https://www.mech9.com/p/vallejo-model-color-conversion-table.html
Vallejo,Model Color,Saddle Brown,70.940,Army Painter,Original Warpaints,Werewolf Fur,WP1464P,matched by product code,https://www.mech9.com/p/vallejo-model-color-conversion-table.html
Vallejo,Model Color,Saddle Brown,70.940,Army Painter,Warpaints Fanatic,Bootstrap Brown,WP3074P,matched by product code,https://www.mech9.com/p/vallejo-model-color-conversion-table.html
Vallejo,Model Color,Burnt Umber,70.941,Vallejo,Model Air,6K Russian Brown,71.282,matched by product code; matched by product code,https://www.mech9.com/p/vallejo-model-color-conversion-table.html
Vallejo,Model Color,Burnt Umber,70.941,AK Interactive,AFV Series,Russian Dark Brown 6K,AK11369,matched by product code; matched by product code,https://www.mech9.com/p/vallejo-model-color-conversion-table.html
Vallejo,Model Color,Burnt Umber,70.941,Vallejo,Model Air,NATO Brown,71.249,matched by product code; matched by product code,https://www.mech9.com/p/vallejo-model-color-conversion-table.html
Vallejo,Model Color,Burnt Umber,70.941,AK Interactive,3GEN Acrylics,Burnt Umber XF-51,AK11111,matched by product code; matched by product code,https://www.mech9.com/p/vallejo-model-color-conversion-table.html
Vallejo,Model Color,Light Green,70.942,Warhammer Colour,Layer,Moot Green,CT113,"matched by product code; mech9 prints ""Moot Green (Layer)""",https://www.mech9.com/p/vallejo-model-color-conversion-table.html
Vallejo,Model Color,Light Green,70.942,Vallejo,Game Air,Escorpena Green,72.732,matched by product code,https://www.mech9.com/p/vallejo-model-color-conversion-table.html
Vallejo,Model Color,Light Green,70.942,AK Interactive,3GEN Acrylics,Light Green,AK11141,matched by product code; matched by product code,https://www.mech9.com/p/vallejo-model-color-conversion-table.html
Vallejo,Model Color,Light Green,70.942,Army Painter,Warpaints Fanatic,Leafy Green,WP3056P,matched by product code,https://www.mech9.com/p/vallejo-model-color-conversion-table.html
Vallejo,Model Color,Light Green,70.942,Vallejo,Game Air,Scorpy Green,76.032,matched by product code,https://www.mech9.com/p/vallejo-model-color-conversion-table.html
Vallejo,Model Color,Light Green,70.942,Warhammer Colour,Layer,Warpstone Glow,CT189,"matched by product code; mech9 prints ""Warpstone Glow (Layer)""",https://www.mech9.com/p/vallejo-model-color-conversion-table.html
Vallejo,Model Color,Light Green,70.942,Army Painter,Original Warpaints,Greenskin,WP1111P,matched by product code,https://www.mech9.com/p/vallejo-model-color-conversion-table.html
Vallejo,Model Color,Light Green,70.942,Army Painter,Warpaints Fanatic,Greenskin,WP3051P,matched by product code,https://www.mech9.com/p/vallejo-model-color-conversion-table.html
Vallejo,Model Color,Light Green,70.942,Army Painter,Warpaints Air,Greenskin,AW1111P,matched by product code,https://www.mech9.com/p/vallejo-model-color-conversion-table.html
Vallejo,Model Color,Grey Blue,70.943,Vallejo,Model Air,USAF Light Blue,71.111,matched by product code; matched by product code,https://www.mech9.com/p/vallejo-model-color-conversion-table.html
Vallejo,Model Color,Grey Blue,70.943,AK Interactive,AIR Series,Aggressor Blue FS 35109,AK11877,matched by product code; matched by product code,https://www.mech9.com/p/vallejo-model-color-conversion-table.html
Vallejo,Model Color,Grey Blue,70.943,AK Interactive,3GEN Acrylics,Grey-Blue,AK11165,matched by product code; matched by product code,https://www.mech9.com/p/vallejo-model-color-conversion-table.html
Vallejo,Model Color,Old Rose,70.944,AK Interactive,3GEN Acrylics,Old Rose X-17,AK11062,matched by product code; matched by product code,https://www.mech9.com/p/vallejo-model-color-conversion-table.html
Vallejo,Model Color,Magenta,70.945,Warhammer Colour,Base,Screamer Pink,CT139,"matched by product code; mech9 prints ""Screamer Pink (Base)""",https://www.mech9.com/p/vallejo-model-color-conversion-table.html
Vallejo,Model Color,Magenta,70.945,Vallejo,Game Air,Warlord Purple,72.714,matched by product code,https://www.mech9.com/p/vallejo-model-color-conversion-table.html
Vallejo,Model Color,Magenta,70.945,Vallejo,Mecha Color,Magenta,69.010,matched by product code; matched by product code,https://www.mech9.com/p/vallejo-model-color-conversion-table.html
Vallejo,Model Color,Magenta,70.945,AK Interactive,3GEN Acrylics,Magenta,AK11067,matched by product code; matched by product code,https://www.mech9.com/p/vallejo-model-color-conversion-table.html
Vallejo,Model Color,Magenta,70.945,Army Painter,Original Warpaints,Wasteland Soil,WP1463P,matched by product code,https://www.mech9.com/p/vallejo-model-color-conversion-table.html
Vallejo,Model Color,Magenta,70.945,Army Painter,Warpaints Fanatic,Moldy Wine,WP3140P,matched by product code,https://www.mech9.com/p/vallejo-model-color-conversion-table.html
Vallejo,Model Color,Dark Red,70.946,Vallejo,Model Air,Signal Red (Metal.),71.070,matched by product code; matched by product code,https://www.mech9.com/p/vallejo-model-color-conversion-table.html
Vallejo,Model Color,Dark Red,70.946,Vallejo,Mecha Metallic,Metallic Red,69.066,matched by product code; matched by product code,https://www.mech9.com/p/vallejo-model-color-conversion-table.html
Vallejo,Model Color,Dark Red,70.946,AK Interactive,3GEN Acrylics,Brick Red,AK11093,matched by product code; matched by product code,https://www.mech9.com/p/vallejo-model-color-conversion-table.html
Vallejo,Model Color,Dark Vermilion,70.947,Vallejo,Model Air,Red RLM23,71.003,matched by product code; matched by product code,https://www.mech9.com/p/vallejo-model-color-conversion-table.html
Vallejo,Model Color,Dark Vermilion,70.947,Vallejo,Mecha Color,SZ Red,69.009,matched by product code; matched by product code,https://www.mech9.com/p/vallejo-model-color-conversion-table.html
Vallejo,Model Color,Dark Vermilion,70.947,AK Interactive,3GEN Acrylics,Vermillion,AK11090,matched by product code; matched by product code,https://www.mech9.com/p/vallejo-model-color-conversion-table.html
Vallejo,Model Color,Golden Yellow,70.948,Vallejo,Game Air,Gold Yellow,72.707,matched by product code,https://www.mech9.com/p/vallejo-model-color-conversion-table.html
Vallejo,Model Color,Golden Yellow,70.948,AK Interactive,3GEN Acrylics,Golden Yellow,AK11041,matched by product code; matched by product code,https://www.mech9.com/p/vallejo-model-color-conversion-table.html
Vallejo,Model Color,Light Yellow,70.949,Warhammer Colour,Layer,Flash Gitz Yellow,CT67,"matched by product code; mech9 prints ""Flash Gitz Yellow (Layer)""",https://www.mech9.com/p/vallejo-model-color-conversion-table.html
Vallejo,Model Color,Light Yellow,70.949,Vallejo,Game Air,Moon Yellow,72.705,matched by product code,https://www.mech9.com/p/vallejo-model-color-conversion-table.html
Vallejo,Model Color,Light Yellow,70.949,AK Interactive,3GEN Acrylics,Pale Yellow,AK11038,matched by product code; matched by product code,https://www.mech9.com/p/vallejo-model-color-conversion-table.html
Vallejo,Model Color,Light Yellow,70.949,Army Painter,Original Warpaints,Daemonic Yellow,WP1107P,matched by product code,https://www.mech9.com/p/vallejo-model-color-conversion-table.html
Vallejo,Model Color,Light Yellow,70.949,Army Painter,Warpaints Fanatic,Daemonic Yellow,WP3093P,matched by product code,https://www.mech9.com/p/vallejo-model-color-conversion-table.html
Vallejo,Model Color,Light Yellow,70.949,Army Painter,Warpaints Air,Daemonic Yellow,AW1107P,matched by product code,https://www.mech9.com/p/vallejo-model-color-conversion-table.html
Vallejo,Model Color,Black,70.950,Vallejo,Model Air,Black,71.057,matched by product code; matched by product code,https://www.mech9.com/p/vallejo-model-color-conversion-table.html
Vallejo,Model Color,Black,70.950,Warhammer Colour,Base,Abaddon Black,CT2,"matched by product code; mech9 prints ""Abaddon Black (Base)""",https://www.mech9.com/p/vallejo-model-color-conversion-table.html
Vallejo,Model Color,Black,70.950,Vallejo,Game Air,Black,72.751,matched by product code,https://www.mech9.com/p/vallejo-model-color-conversion-table.html
Vallejo,Model Color,Black,70.950,Vallejo,Mecha Color,Pure Black,69.042,matched by product code; matched by product code,https://www.mech9.com/p/vallejo-model-color-conversion-table.html
Vallejo,Model Color,Black,70.950,Tamiya,Lacquer Paint,Flat Black,LP3,matched by product code; matched by product code,https://www.mech9.com/p/vallejo-model-color-conversion-table.html
Vallejo,Model Color,Black,70.950,AK Interactive,3GEN Acrylics,Black,AK11029,matched by product code; matched by product code,https://www.mech9.com/p/vallejo-model-color-conversion-table.html
Vallejo,Model Color,Black,70.950,AK Interactive,3GEN Acrylics,Rubber Black,AK11027,matched by product code; matched by product code,https://www.mech9.com/p/vallejo-model-color-conversion-table.html
Vallejo,Model Color,Black,70.950,Warhammer Colour,Base,Corvus Black,CT297,"matched by product code; mech9 prints ""Corvus Black (Base)""",https://www.mech9.com/p/vallejo-model-color-conversion-table.html
Vallejo,Model Color,White,70.951,Vallejo,Model Air,White,71.001,matched by product code; matched by product code,https://www.mech9.com/p/vallejo-model-color-conversion-table.html
Vallejo,Model Color,White,70.951,Warhammer Colour,Layer,White Scar,CT193,"matched by product code; mech9 prints ""White Scar (Layer)""",https://www.mech9.com/p/vallejo-model-color-conversion-table.html
Vallejo,Model Color,White,70.951,Vallejo,Game Air,Dead White,72.701,matched by product code,https://www.mech9.com/p/vallejo-model-color-conversion-table.html
Vallejo,Model Color,White,70.951,Vallejo,Mecha Color,Pure White,69.001,matched by product code; matched by product code,https://www.mech9.com/p/vallejo-model-color-conversion-table.html
Vallejo,Model Color,White,70.951,Tamiya,Lacquer Paint,Flat White,LP4,matched by product code; matched by product code,https://www.mech9.com/p/vallejo-model-color-conversion-table.html
Vallejo,Model Color,White,70.951,AK Interactive,3GEN Acrylics,White,AK11001,matched by product code; matched by product code,https://www.mech9.com/p/vallejo-model-color-conversion-table.html
Vallejo,Model Color,White,70.951,Army Painter,Original Warpaints,Matt White,WP1102P,matched by product code,https://www.mech9.com/p/vallejo-model-color-conversion-table.html
Vallejo,Model Color,White,70.951,Army Painter,Warpaints Fanatic,Matt White,WP3012P,matched by product code,https://www.mech9.com/p/vallejo-model-color-conversion-table.html
Vallejo,Model Color,White,70.951,Army Painter,Warpaints Air,Matt White,AW1102P,matched by product code,https://www.mech9.com/p/vallejo-model-color-conversion-table.html
Vallejo,Model Color,Lemon Yellow,70.952,AK Interactive,3GEN Acrylics,Lemon Yellow,AK11047,matched by product code; matched by product code,https://www.mech9.com/p/vallejo-model-color-conversion-table.html
Vallejo,Model Color,Flat Yellow,70.953,Vallejo,Model Air,Medium Yellow,71.002,matched by product code; matched by product code,https://www.mech9.com/p/vallejo-model-color-conversion-table.html
Vallejo,Model Color,Flat Yellow,70.953,Vallejo,Mecha Color,Yellow,69.004,matched by product code; matched by product code,https://www.mech9.com/p/vallejo-model-color-conversion-table.html
Vallejo,Model Color,Flat Yellow,70.953,Army Painter,Original Warpaints,Daemonic Yellow,WP1107P,matched by product code,https://www.mech9.com/p/vallejo-model-color-conversion-table.html
Vallejo,Model Color,Flat Yellow,70.953,Army Painter,Warpaints Fanatic,Daemonic Yellow,WP3093P,matched by product code,https://www.mech9.com/p/vallejo-model-color-conversion-table.html
Vallejo,Model Color,Flat Yellow,70.953,Army Painter,Warpaints Air,Daemonic Yellow,AW1107P,matched by product code,https://www.mech9.com/p/vallejo-model-color-conversion-table.html
Vallejo,Model Color,Flat Yellow,70.953,Vallejo,Model Air,Yellow RLM04,71.078,matched by product code; matched by product code,https://www.mech9.com/p/vallejo-model-color-conversion-table.html
Vallejo,Model Color,Flat Yellow,70.953,Tamiya,Lacquer Paint,Pure Yellow,LP8,matched by product code; matched by product code,https://www.mech9.com/p/vallejo-model-color-conversion-table.html
Vallejo,Model Color,Flat Yellow,70.953,AK Interactive,3GEN Acrylics,Yellow,AK11044,matched by product code; matched by product code,https://www.mech9.com/p/vallejo-model-color-conversion-table.html
Vallejo,Model Color,Yellow Green,70.954,AK Interactive,3GEN Acrylics,Laser Yellow,AK11048,matched by product code; matched by product code,https://www.mech9.com/p/vallejo-model-color-conversion-table.html
Vallejo,Model Color,Flat Flesh,70.955,AK Interactive,3GEN Acrylics,Radiant Flesh,AK11053,matched by product code; matched by product code,https://www.mech9.com/p/vallejo-model-color-conversion-table.html
Vallejo,Model Color,Clear Orange,70.956,Vallejo,Model Air,Orange,71.083,matched by product code; matched by product code,https://www.mech9.com/p/vallejo-model-color-conversion-table.html
Vallejo,Model Color,Clear Orange,70.956,Warhammer Colour,Layer,Troll Slayer Orange,CT175,"matched by product code; mech9 prints ""Troll Slayer Orange (Layer)""",https://www.mech9.com/p/vallejo-model-color-conversion-table.html
Vallejo,Model Color,Clear Orange,70.956,AK Interactive,3GEN Acrylics,Burn Orange X-6,AK11079,matched by product code; matched by product code,https://www.mech9.com/p/vallejo-model-color-conversion-table.html
Vallejo,Model Color,Clear Orange,70.956,Army Painter,Original Warpaints,Mythical Orange,WP1442P,matched by product code,https://www.mech9.com/p/vallejo-model-color-conversion-table.html
Vallejo,Model Color,Clear Orange,70.956,Army Painter,Warpaints Fanatic,Burning Ore,WP3098P,matched by product code,https://www.mech9.com/p/vallejo-model-color-conversion-table.html
Vallejo,Model Color,Clear Orange,70.956,Army Painter,Warpaints Air,Archangel Red,AW4104P,matched by product code,https://www.mech9.com/p/vallejo-model-color-conversion-table.html
Vallejo,Model Color,Clear Orange,70.956,Tamiya,Lacquer Paint,Clear Orange,LP53,matched by product code; matched by product code,https://www.mech9.com/p/vallejo-model-color-conversion-table.html
Vallejo,Model Color,Clear Orange,70.956,AK Interactive,3GEN Acrylics,Clear Orange,AK11218,matched by product code; matched by product code,https://www.mech9.com/p/vallejo-model-color-conversion-table.html
Vallejo,Model Color,Flat Red,70.957,Vallejo,Model Air,Red,71.269,matched by product code; matched by product code,https://www.mech9.com/p/vallejo-model-color-conversion-table.html
Vallejo,Model Color,Flat Red,70.957,AK Interactive,3GEN Acrylics,Matt Red,AK11092,matched by product code; matched by product code,https://www.mech9.com/p/vallejo-model-color-conversion-table.html
Vallejo,Model Color,Pink,70.958,Warhammer Colour,Layer,Fulgrim Pink,CT70,"matched by product code; mech9 prints ""Fulgrim Pink (Edge)""",https://www.mech9.com/p/vallejo-model-color-conversion-table.html
Vallejo,Model Color,Pink,70.958,Vallejo,Game Air,Squid Pink,72.713,matched by product code,https://www.mech9.com/p/vallejo-model-color-conversion-table.html
Vallejo,Model Color,Pink,70.958,AK Interactive,3GEN Acrylics,Intense Pink,AK11065,matched by product code; matched by product code,https://www.mech9.com/p/vallejo-model-color-conversion-table.html
Vallejo,Model Color,Pink,70.958,Army Painter,Warpaints Fanatic,Weird Elixir,WP3124P,matched by product code,https://www.mech9.com/p/vallejo-model-color-conversion-table.html
Vallejo,Model Color,Pink,70.958,Army Painter,Warpaints Air,Fey Pink,AW4447P,matched by product code,https://www.mech9.com/p/vallejo-model-color-conversion-table.html
Vallejo,Model Color,Purple,70.959,AK Interactive,3GEN Acrylics,Purple X-16,AK11073,matched by product code; matched by product code,https://www.mech9.com/p/vallejo-model-color-conversion-table.html
Vallejo,Model Color,Purple,70.959,Warhammer Colour,Layer,Xereus Purple,CT197,"matched by product code; mech9 prints ""Xereus Purple (Layer)""",https://www.mech9.com/p/vallejo-model-color-conversion-table.html
Vallejo,Model Color,Purple,70.959,AK Interactive,3GEN Acrylics,Blue Violet,AK11070,matched by product code; matched by product code,https://www.mech9.com/p/vallejo-model-color-conversion-table.html
Vallejo,Model Color,Purple,70.959,Army Painter,Warpaints Fanatic,Warlock Magenta,WP3135P,matched by product code,https://www.mech9.com/p/vallejo-model-color-conversion-table.html
Vallejo,Model Color,Violet,70.960,AK Interactive,3GEN Acrylics,Lilac,AK11071,matched by product code; matched by product code,https://www.mech9.com/p/vallejo-model-color-conversion-table.html
Vallejo,Model Color,Sky Blue,70.961,Vallejo,Model Air,AII SV. Gol Lt Blue,71.317,matched by product code; matched by product code,https://www.mech9.com/p/vallejo-model-color-conversion-table.html
Vallejo,Model Color,Sky Blue,70.961,Warhammer Colour,Layer,Hoeth Blue,CT83,"matched by product code; mech9 prints ""Hoeth Blue (Layer)""",https://www.mech9.com/p/vallejo-model-color-conversion-table.html
Vallejo,Model Color,Sky Blue,70.961,Vallejo,Mecha Color,Sky Blue,69.017,matched by product code; matched by product code,https://www.mech9.com/p/vallejo-model-color-conversion-table.html
Vallejo,Model Color,Sky Blue,70.961,Army Painter,Original Warpaints,Electric Blue,WP1113P,matched by product code,https://www.mech9.com/p/vallejo-model-color-conversion-table.html
Vallejo,Model Color,Sky Blue,70.961,Army Painter,Warpaints Fanatic,Arctic Gem,WP3029P,matched by product code,https://www.mech9.com/p/vallejo-model-color-conversion-table.html
Vallejo,Model Color,Sky Blue,70.961,Army Painter,Warpaints Air,Ionic Blue,AW4114P,matched by product code,https://www.mech9.com/p/vallejo-model-color-conversion-table.html
Vallejo,Model Color,Sky Blue,70.961,Vallejo,Model Air,Unders. Blue “Faded”,71.332,matched by product code; matched by product code,https://www.mech9.com/p/vallejo-model-color-conversion-table.html
Vallejo,Model Color,Sky Blue,70.961,Warhammer Colour,Dry,Hoeth Blue,CT84,"matched by product code; mech9 prints ""Hoeth Blue (Dry)""",https://www.mech9.com/p/vallejo-model-color-conversion-table.html
Vallejo,Model Color,Sky Blue,70.961,AK Interactive,AIR Series,Air Superiority Blue FS 35450,AK11879,matched by product code; matched by product code,https://www.mech9.com/p/vallejo-model-color-conversion-table.html
Vallejo,Model Color,Sky Blue,70.961,AK Interactive,Legacy Acrylics,FS 35450 Air Superiority Blue,AK2145,matched by product code,https://www.mech9.com/p/vallejo-model-color-conversion-table.html
Vallejo,Model Color,Sky Blue,70.961,AK Interactive,AIR Series,AII Light Blue,AK11910,matched by product code; matched by product code,https://www.mech9.com/p/vallejo-model-color-conversion-table.html
Vallejo,Model Color,Sky Blue,70.961,AK Interactive,3GEN Acrylics,Sky Blue,AK11175,matched by product code; matched by product code,https://www.mech9.com/p/vallejo-model-color-conversion-table.html
Vallejo,Model Color,Flat Blue,70.962,Vallejo,Mecha Color,Blue,69.019,matched by product code; matched by product code,https://www.mech9.com/p/vallejo-model-color-conversion-table.html
Vallejo,Model Color,Medium Blue,70.963,AK Interactive,3GEN Acrylics,Astral Beryllium,AK11200,matched by product code; matched by product code,https://www.mech9.com/p/vallejo-model-color-conversion-table.html
Vallejo,Model Color,Medium Blue,70.963,AK Interactive,3GEN Acrylics,Medium Blue X13,AK11184,matched by product code; matched by product code,https://www.mech9.com/p/vallejo-model-color-conversion-table.html
Vallejo,Model Color,Field Blue,70.964,Warhammer Colour,Base,The Fang,CT171,"matched by product code; mech9 prints ""The Fang (Base)""",https://www.mech9.com/p/vallejo-model-color-conversion-table.html
Vallejo,Model Color,Field Blue,70.964,Vallejo,Game Air,Sombre Grey,72.748,matched by product code,https://www.mech9.com/p/vallejo-model-color-conversion-table.html
Vallejo,Model Color,Field Blue,70.964,Army Painter,Warpaints Fanatic,Thunderous Blue,WP3014P,matched by product code,https://www.mech9.com/p/vallejo-model-color-conversion-table.html
Vallejo,Model Color,Prussian Blue,70.965,Vallejo,Model Air,Dark Blue RLM24,71.266,matched by product code; matched by product code,https://www.mech9.com/p/vallejo-model-color-conversion-table.html
Vallejo,Model Color,Prussian Blue,70.965,Vallejo,Mecha Color,Dark Blue,69.021,matched by product code; matched by product code,https://www.mech9.com/p/vallejo-model-color-conversion-table.html
Vallejo,Model Color,Prussian Blue,70.965,AK Interactive,3GEN Acrylics,Prussian Blue XF8,AK11186,matched by product code; matched by product code,https://www.mech9.com/p/vallejo-model-color-conversion-table.html
Vallejo,Model Color,Prussian Blue,70.965,Army Painter,Original Warpaints,Dark Sky,WP1415P,matched by product code,https://www.mech9.com/p/vallejo-model-color-conversion-table.html
Vallejo,Model Color,Turquoise,70.966,Vallejo,Mecha Color,Turquoise,69.023,matched by product code; matched by product code,https://www.mech9.com/p/vallejo-model-color-conversion-table.html
Vallejo,Model Color,Turquoise,70.966,AK Interactive,3GEN Acrylics,Turquoise,AK11171,matched by product code; matched by product code,https://www.mech9.com/p/vallejo-model-color-conversion-table.html
Vallejo,Model Color,Olive Green,70.967,Vallejo,Model Air,Light Green Chrom.,71.006,matched by product code; matched by product code,https://www.mech9.com/p/vallejo-model-color-conversion-table.html
Vallejo,Model Color,Olive Green,70.967,Vallejo,Game Air,Goblin Green,72.730,matched by product code,https://www.mech9.com/p/vallejo-model-color-conversion-table.html
Vallejo,Model Color,Olive Green,70.967,Vallejo,Mecha Color,Olive Green,69.028,matched by product code; matched by product code,https://www.mech9.com/p/vallejo-model-color-conversion-table.html
Vallejo,Model Color,Olive Green,70.967,AK Interactive,3GEN Acrylics,Olive Green,AK11147,matched by product code; matched by product code,https://www.mech9.com/p/vallejo-model-color-conversion-table.html
Vallejo,Model Color,Olive Green,70.967,Vallejo,Hobby Paint,Goblin Green,28.027,matched by product code; matched by product code,https://www.mech9.com/p/vallejo-model-color-conversion-table.html
Vallejo,Model Color,Park Green Flat,70.969,Warhammer Colour,Layer,Sotek Green,CT151,"matched by product code; mech9 prints ""Sotek Green (Layer)""",https://www.mech9.com/p/vallejo-model-color-conversion-table.html
Vallejo,Model Color,Park Green Flat,70.969,Vallejo,Game Air,Turquoise,72.724,matched by product code,https://www.mech9.com/p/vallejo-model-color-conversion-table.html
Vallejo,Model Color,Park Green Flat,70.969,Army Painter,Warpaints Fanatic,Deep Azure,WP3037P,matched by product code,https://www.mech9.com/p/vallejo-model-color-conversion-table.html
Vallejo,Model Color,Park Green Flat,70.969,Army Painter,Warpaints Air,Ocean Depths,AW3141P,matched by product code,https://www.mech9.com/p/vallejo-model-color-conversion-table.html
Vallejo,Model Color,Park Green Flat,70.969,AK Interactive,3GEN Acrylics,Deep Green,AK11142,matched by product code; matched by product code,https://www.mech9.com/p/vallejo-model-color-conversion-table.html
Vallejo,Model Color,Deep Green,70.970,Vallejo,Model Air,Olive Green,71.007,matched by product code; matched by product code,https://www.mech9.com/p/vallejo-model-color-conversion-table.html
Vallejo,Model Color,Deep Green,70.970,AK Interactive,AIR Series,IJN D1 Deep Green Black,AK11893,matched by product code; matched by product code,https://www.mech9.com/p/vallejo-model-color-conversion-table.html
Vallejo,Model Color,Deep Green,70.970,AK Interactive,Legacy Acrylics,D1 Deep Green Black,AK2063,matched by product code,https://www.mech9.com/p/vallejo-model-color-conversion-table.html
Vallejo,Model Color,Deep Green,70.970,Vallejo,Model Air,Gunship Green,71.014,matched by product code; matched by product code,https://www.mech9.com/p/vallejo-model-color-conversion-table.html
Vallejo,Model Color,Deep Green,70.970,Army Painter,Original Warpaints,Greenskin,WP1111P,matched by product code,https://www.mech9.com/p/vallejo-model-color-conversion-table.html
Vallejo,Model Color,Deep Green,70.970,Vallejo,Model Air,IJN Dk Black Green,71.325,matched by product code; matched by product code,https://www.mech9.com/p/vallejo-model-color-conversion-table.html
Vallejo,Model Color,Deep Green,70.970,AK Interactive,3GEN Acrylics,Black Green,AK11160,matched by product code; matched by product code,https://www.mech9.com/p/vallejo-model-color-conversion-table.html
Vallejo,Model Color,Deep Green,70.970,AK Interactive,3GEN Acrylics,Dark Green,AK11146,matched by product code; matched by product code,https://www.mech9.com/p/vallejo-model-color-conversion-table.html
Vallejo,Model Color,Deep Green,70.970,AK Interactive,3GEN Acrylics,Gunship Green,AK11150,matched by product code; matched by product code,https://www.mech9.com/p/vallejo-model-color-conversion-table.html
Vallejo,Model Color,Light Green Grey,70.971,Vallejo,Model Air,Sky Type S,71.302,matched by product code; matched by product code,https://www.mech9.com/p/vallejo-model-color-conversion-table.html
Vallejo,Model Color,Light Green Grey,70.971,Vallejo,Mecha Color,Green,69.026,matched by product code; matched by product code,https://www.mech9.com/p/vallejo-model-color-conversion-table.html
Vallejo,Model Color,Light Green Grey,70.971,AK Interactive,3GEN Acrylics,Green-Grey,AK11132,matched by product code; matched by product code,https://www.mech9.com/p/vallejo-model-color-conversion-table.html
Vallejo,Model Color,Light Green Grey,70.971,Vallejo,Model Air,Grey Blue RLM84,71.103,matched by product code; matched by product code,https://www.mech9.com/p/vallejo-model-color-conversion-table.html
Vallejo,Model Color,Light Green Blue,70.972,Vallejo,Model Air,Light Blue RLM78,71.101,matched by product code; matched by product code,https://www.mech9.com/p/vallejo-model-color-conversion-table.html
Vallejo,Model Color,Light Green Blue,70.972,AK Interactive,3GEN Acrylics,Pale Blue,AK11161,matched by product code; matched by product code,https://www.mech9.com/p/vallejo-model-color-conversion-table.html
Vallejo,Model Color,Light Sea Grey,70.973,Vallejo,Mecha Color,Stone Grey,69.024,matched by product code; matched by product code,https://www.mech9.com/p/vallejo-model-color-conversion-table.html
Vallejo,Model Color,Light Sea Grey,70.973,Tamiya,Lacquer Paint,Light Gray (IJN),LP32,matched by product code; matched by product code,https://www.mech9.com/p/vallejo-model-color-conversion-table.html
Vallejo,Model Color,Light Sea Grey,70.973,AK Interactive,3GEN Acrylics,Blue-Grey,AK11011,matched by product code; matched by product code,https://www.mech9.com/p/vallejo-model-color-conversion-table.html
Vallejo,Model Color,Green Sky,70.974,Vallejo,Mecha Color,Green Blue,69.027,matched by product code; matched by product code,https://www.mech9.com/p/vallejo-model-color-conversion-table.html
Vallejo,Model Color,Green Sky,70.974,AK Interactive,3GEN Acrylics,Green Sky,AK11134,matched by product code; matched by product code,https://www.mech9.com/p/vallejo-model-color-conversion-table.html
Vallejo,Model Color,Military Green,70.975,Vallejo,Model Air,Olive Green RLM80,71.265,matched by product code; matched by product code,https://www.mech9.com/p/vallejo-model-color-conversion-table.html
Vallejo,Model Color,Buff,70.976,Vallejo,Model Air,UK BSC 64 Port. Stone,71.288,matched by product code; matched by product code,https://www.mech9.com/p/vallejo-model-color-conversion-table.html
Vallejo,Model Color,Buff,70.976,AK Interactive,3GEN Acrylics,Buff,AK11031,matched by product code; matched by product code,https://www.mech9.com/p/vallejo-model-color-conversion-table.html
Vallejo,Model Color,Buff,70.976,Warhammer Colour,Layer,Karak Stone,CT92,"matched by product code; mech9 prints ""Karak Stone (Layer)""",https://www.mech9.com/p/vallejo-model-color-conversion-table.html
Vallejo,Model Color,Buff,70.976,Army Painter,Original Warpaints,Banshee Brown,WP1404P,matched by product code,https://www.mech9.com/p/vallejo-model-color-conversion-table.html
Vallejo,Model Color,Buff,70.976,Army Painter,Warpaints Fanatic,Tomb King Tan,WP3086P,matched by product code,https://www.mech9.com/p/vallejo-model-color-conversion-table.html
Vallejo,Model Color,Desert Yellow,70.977,Vallejo,Model Air,Camouflage Brown,71.117,matched by product code; matched by product code,https://www.mech9.com/p/vallejo-model-color-conversion-table.html
Vallejo,Model Color,Desert Yellow,70.977,Warhammer Colour,Layer,Bestigor Flesh,CT25,"matched by product code; mech9 prints ""Bestigor Flesh (Layer)""",https://www.mech9.com/p/vallejo-model-color-conversion-table.html
Vallejo,Model Color,Desert Yellow,70.977,Tamiya,Lacquer Paint,Flat Flesh,LP66,matched by product code; matched by product code,https://www.mech9.com/p/vallejo-model-color-conversion-table.html
Vallejo,Model Color,Desert Yellow,70.977,Army Painter,Original Warpaints,Barbarian Flesh,WP1126P,matched by product code,https://www.mech9.com/p/vallejo-model-color-conversion-table.html
Vallejo,Model Color,Desert Yellow,70.977,Army Painter,Warpaints Fanatic,Barbarian Flesh,WP3147P,matched by product code,https://www.mech9.com/p/vallejo-model-color-conversion-table.html
Vallejo,Model Color,Desert Yellow,70.977,Army Painter,Warpaints Air,Barbarian Flesh,AW1126P,matched by product code,https://www.mech9.com/p/vallejo-model-color-conversion-table.html
Vallejo,Model Color,Desert Yellow,70.977,Vallejo,Model Air,US Earth Yellow,71.291,matched by product code; matched by product code,https://www.mech9.com/p/vallejo-model-color-conversion-table.html
Vallejo,Model Color,Desert Yellow,70.977,AK Interactive,3GEN Acrylics,Medium Sand,AK11034,matched by product code; matched by product code,https://www.mech9.com/p/vallejo-model-color-conversion-table.html
Vallejo,Model Color,Dark Yellow,70.978,Vallejo,Hobby Paint,Panzer Yellow,28.001,matched by product code; matched by product code,https://www.mech9.com/p/vallejo-model-color-conversion-table.html
Vallejo,Model Color,Cam. Dark Green,70.979,Vallejo,Model Air,Camou. Dark Green,71.019,matched by product code; matched by product code,https://www.mech9.com/p/vallejo-model-color-conversion-table.html
Vallejo,Model Color,Black Green,70.980,Vallejo,Model Air,Green RLM73,71.256,matched by product code; matched by product code,https://www.mech9.com/p/vallejo-model-color-conversion-table.html
Vallejo,Model Color,Black Green,70.980,AK Interactive,3GEN Acrylics,Gunship Green,AK11150,matched by product code; matched by product code,https://www.mech9.com/p/vallejo-model-color-conversion-table.html
Vallejo,Model Color,Black Green,70.980,Army Painter,Original Warpaints,Greenskin,WP1111P,matched by product code,https://www.mech9.com/p/vallejo-model-color-conversion-table.html
Vallejo,Model Color,Black Green,70.980,Vallejo,Model Air,IJN Dk Black Green,71.325,matched by product code; matched by product code,https://www.mech9.com/p/vallejo-model-color-conversion-table.html
Vallejo,Model Color,Black Green,70.980,AK Interactive,3GEN Acrylics,Black Green,AK11160,matched by product code; matched by product code,https://www.mech9.com/p/vallejo-model-color-conversion-table.html
Vallejo,Model Color,Black Green,70.980,AK Interactive,Legacy Acrylics,D1 Deep Green Black,AK2063,matched by product code,https://www.mech9.com/p/vallejo-model-color-conversion-table.html
Vallejo,Model Color,Black Green,70.980,AK Interactive,AIR Series,IJN D1 Deep Green Black,AK11893,matched by product code; matched by product code,https://www.mech9.com/p/vallejo-model-color-conversion-table.html
Vallejo,Model Color,Orange Brown,70.981,Vallejo,Model Air,Light Rust,71.129,matched by product code; matched by product code,https://www.mech9.com/p/vallejo-model-color-conversion-table.html
Vallejo,Model Color,Orange Brown,70.981,Warhammer Colour,Layer,Skrag Brown,CT147,"matched by product code; mech9 prints ""Skrag Brown (Layer)""",https://www.mech9.com/p/vallejo-model-color-conversion-table.html
Vallejo,Model Color,Orange Brown,70.981,Vallejo,Game Air,Parasite Brown,72.742,matched by product code,https://www.mech9.com/p/vallejo-model-color-conversion-table.html
Vallejo,Model Color,Orange Brown,70.981,Army Painter,Original Warpaints,Tanned Flesh,WP1127P,matched by product code,https://www.mech9.com/p/vallejo-model-color-conversion-table.html
Vallejo,Model Color,Orange Brown,70.981,AK Interactive,3GEN Acrylics,Orange Brown,AK11101,matched by product code; matched by product code,https://www.mech9.com/p/vallejo-model-color-conversion-table.html
Vallejo,Model Color,Cavalry Brown,70.982,Vallejo,Model Air,Brown RLM26,71.105,matched by product code; matched by product code,https://www.mech9.com/p/vallejo-model-color-conversion-table.html
Vallejo,Model Color,Cavalry Brown,70.982,Vallejo,Game Air,Gory Red,72.711,matched by product code,https://www.mech9.com/p/vallejo-model-color-conversion-table.html
Vallejo,Model Color,Cavalry Brown,70.982,AK Interactive,Figures Series,Dark Shadow Flesh,AK11405,matched by product code; matched by product code,https://www.mech9.com/p/vallejo-model-color-conversion-table.html
Vallejo,Model Color,Cavalry Brown,70.982,Army Painter,Original Warpaints,Dragon Red,WP1105P,matched by product code,https://www.mech9.com/p/vallejo-model-color-conversion-table.html
Vallejo,Model Color,Cavalry Brown,70.982,Vallejo,Hobby Paint,Gory Red,28.029,matched by product code; matched by product code,https://www.mech9.com/p/vallejo-model-color-conversion-table.html
Vallejo,Model Color,Flat Brown,70.984,Vallejo,Model Air,Hull Red,71.039,matched by product code; matched by product code,https://www.mech9.com/p/vallejo-model-color-conversion-table.html
Vallejo,Model Color,Flat Brown,70.984,Vallejo,Model Air,Mahogany,71.036,matched by product code; matched by product code,https://www.mech9.com/p/vallejo-model-color-conversion-table.html
Vallejo,Model Color,Flat Brown,70.984,AK Interactive,3GEN Acrylics,Burnt Red XF-9,AK11097,matched by product code; matched by product code,https://www.mech9.com/p/vallejo-model-color-conversion-table.html
Vallejo,Model Color,Flat Brown,70.984,AK Interactive,Figures Series,Waffen Red Brown,AK11419,matched by product code; matched by product code,https://www.mech9.com/p/vallejo-model-color-conversion-table.html
Vallejo,Model Color,Flat Brown,70.984,AK Interactive,Legacy Acrylics,Waffen Spring Summer base,AK3061,matched by product code,https://www.mech9.com/p/vallejo-model-color-conversion-table.html
Vallejo,Model Color,Hull Red,70.985,Vallejo,Model Air,Mahogany,71.036,matched by product code; matched by product code,https://www.mech9.com/p/vallejo-model-color-conversion-table.html
Vallejo,Model Color,Hull Red,70.985,Warhammer Colour,Base,Mephiston Red,CT112,"matched by product code; mech9 prints ""Mephiston Red (Base)""",https://www.mech9.com/p/vallejo-model-color-conversion-table.html
Vallejo,Model Color,Hull Red,70.985,Army Painter,Original Warpaints,Dragon Red,WP1105P,matched by product code,https://www.mech9.com/p/vallejo-model-color-conversion-table.html
Vallejo,Model Color,Hull Red,70.985,Army Painter,Warpaints Fanatic,Dragon Red,WP3117P,matched by product code,https://www.mech9.com/p/vallejo-model-color-conversion-table.html
Vallejo,Model Color,Hull Red,70.985,Army Painter,Warpaints Air,Dragon Red,AW1105P,matched by product code,https://www.mech9.com/p/vallejo-model-color-conversion-table.html
Vallejo,Model Color,Hull Red,70.985,Vallejo,Model Air,Cam. Med. Brown,71.038,matched by product code; matched by product code,https://www.mech9.com/p/vallejo-model-color-conversion-table.html
Vallejo,Model Color,Hull Red,70.985,AK Interactive,3GEN Acrylics,Dark Rust XF-68,AK11107,matched by product code; matched by product code,https://www.mech9.com/p/vallejo-model-color-conversion-table.html
Vallejo,Model Color,Hull Red,70.985,Vallejo,Model Air,Armour Brown,71.041,matched by product code; matched by product code,https://www.mech9.com/p/vallejo-model-color-conversion-table.html
Vallejo,Model Color,Hull Red,70.985,AK Interactive,3GEN Acrylics,Hull Red,AK11108,matched by product code; matched by product code,https://www.mech9.com/p/vallejo-model-color-conversion-table.html
Vallejo,Model Color,Deck Tan,70.986,Vallejo,Model Air,Light Gull Gray,71.121,matched by product code; matched by product code,https://www.mech9.com/p/vallejo-model-color-conversion-table.html
Vallejo,Model Color,Deck Tan,70.986,AK Interactive,3GEN Acrylics,Deck Tan XF-55,AK11114,matched by product code; matched by product code,https://www.mech9.com/p/vallejo-model-color-conversion-table.html
Vallejo,Model Color,Medium Grey,70.987,Vallejo,Model Air,A-21 Light Greyish Brown,71.415,matched by product code,https://www.mech9.com/p/vallejo-model-color-conversion-table.html
Vallejo,Model Color,Medium Grey,70.987,AK Interactive,AIR Series,A-21m Light Yellowish Brown,AK11914,matched by product code; matched by product code,https://www.mech9.com/p/vallejo-model-color-conversion-table.html
Vallejo,Model Color,Medium Grey,70.987,Vallejo,Model Air,IDF Sand Grey 73,71.141,matched by product code; matched by product code,https://www.mech9.com/p/vallejo-model-color-conversion-table.html
Vallejo,Model Color,Khaki,70.988,Vallejo,Model Air,Hemp,71.023,matched by product code; matched by product code,https://www.mech9.com/p/vallejo-model-color-conversion-table.html
Vallejo,Model Color,Khaki,70.988,AK Interactive,Figures Series,Canvas Tone,AK11436,matched by product code; matched by product code,https://www.mech9.com/p/vallejo-model-color-conversion-table.html
Vallejo,Model Color,Khaki,70.988,Vallejo,Hobby Paint,US Khaki,28.009,matched by product code; matched by product code,https://www.mech9.com/p/vallejo-model-color-conversion-table.html
Vallejo,Model Color,Khaki,70.988,Vallejo,Model Air,US Sand,71.138,matched by product code; matched by product code,https://www.mech9.com/p/vallejo-model-color-conversion-table.html
Vallejo,Model Color,Sky Grey,70.989,Vallejo,Model Air,Pale Blue Grey,71.046,matched by product code; matched by product code,https://www.mech9.com/p/vallejo-model-color-conversion-table.html
Vallejo,Model Color,Sky Grey,70.989,Vallejo,Mecha Color,Light Grey,69.036,matched by product code; matched by product code,https://www.mech9.com/p/vallejo-model-color-conversion-table.html
Vallejo,Model Color,Sky Grey,70.989,AK Interactive,3GEN Acrylics,Sky Grey,AK11012,matched by product code; matched by product code,https://www.mech9.com/p/vallejo-model-color-conversion-table.html
Vallejo,Model Color,Sky Grey,70.989,Vallejo,Model Air,Sky Grey,71.407,matched by product code; matched by product code,https://www.mech9.com/p/vallejo-model-color-conversion-table.html
Vallejo,Model Color,Light Grey,70.990,Vallejo,Model Air,BS Med. Sea Grey,71.307,matched by product code; matched by product code,https://www.mech9.com/p/vallejo-model-color-conversion-table.html
Vallejo,Model Color,Dark Sea Grey,70.991,Vallejo,Model Air,Dark Gull Gray,71.277,matched by product code; matched by product code,https://www.mech9.com/p/vallejo-model-color-conversion-table.html
Vallejo,Model Color,Dark Sea Grey,70.991,Vallejo,Mecha Color,Grey Z,69.039,matched by product code; matched by product code,https://www.mech9.com/p/vallejo-model-color-conversion-table.html
Vallejo,Model Color,Dark Sea Grey,70.991,AK Interactive,3GEN Acrylics,Dark Sea Grey,AK11015,matched by product code; matched by product code,https://www.mech9.com/p/vallejo-model-color-conversion-table.html
Vallejo,Model Color,Dark Sea Grey,70.991,Vallejo,Model Air,Neutral Gray,71.051,matched by product code; matched by product code,https://www.mech9.com/p/vallejo-model-color-conversion-table.html
Vallejo,Model Color,Dark Sea Grey,70.991,Vallejo,Model Air,BS Dark Sea Grey,71.405,matched by product code; matched by product code,https://www.mech9.com/p/vallejo-model-color-conversion-table.html
Vallejo,Model Color,Dark Sea Grey,70.991,Tamiya,Lacquer Paint,IJN Gray (Sasebo Arsenal),LP13,matched by product code; matched by product code,https://www.mech9.com/p/vallejo-model-color-conversion-table.html
Vallejo,Model Color,Dark Sea Grey,70.991,AK Interactive,3GEN Acrylics,Pale Grey,AK11013,matched by product code; matched by product code,https://www.mech9.com/p/vallejo-model-color-conversion-table.html
Vallejo,Model Color,Dark Sea Grey,70.991,Army Painter,Original Warpaints,Field Grey,WP1481P,matched by product code,https://www.mech9.com/p/vallejo-model-color-conversion-table.html
Vallejo,Model Color,Neutral Grey,70.992,Vallejo,Model Air,Light Gray,71.050,matched by product code; matched by product code,https://www.mech9.com/p/vallejo-model-color-conversion-table.html
Vallejo,Model Color,Neutral Grey,70.992,AK Interactive,3GEN Acrylics,Graphite,AK11019,matched by product code; matched by product code,https://www.mech9.com/p/vallejo-model-color-conversion-table.html
Vallejo,Model Color,Neutral Grey,70.992,Vallejo,Model Air,Aggressor Gray,71.274,matched by product code; matched by product code,https://www.mech9.com/p/vallejo-model-color-conversion-table.html
Vallejo,Model Color,Neutral Grey,70.992,AK Interactive,AIR Series,Aggressor Grey FS 36251,AK11885,matched by product code; matched by product code,https://www.mech9.com/p/vallejo-model-color-conversion-table.html
Vallejo,Model Color,Neutral Grey,70.992,AK Interactive,Legacy Acrylics,FS 36251 Agressor Grey,AK2142,matched by product code,https://www.mech9.com/p/vallejo-model-color-conversion-table.html
Vallejo,Model Color,Neutral Grey,70.992,AK Interactive,3GEN Acrylics,Neutral Grey,AK11018,matched by product code; matched by product code,https://www.mech9.com/p/vallejo-model-color-conversion-table.html
Vallejo,Model Color,White Grey,70.993,Vallejo,Model Air,Insignia White,71.279,matched by product code; matched by product code,https://www.mech9.com/p/vallejo-model-color-conversion-table.html
Vallejo,Model Color,White Grey,70.993,Vallejo,Model Air,USAAF Light Gray,71.296,matched by product code; matched by product code,https://www.mech9.com/p/vallejo-model-color-conversion-table.html
Vallejo,Model Color,White Grey,70.993,AK Interactive,3GEN Acrylics,White Grey,AK11003,matched by product code; matched by product code,https://www.mech9.com/p/vallejo-model-color-conversion-table.html
Vallejo,Model Color,White Grey,70.993,AK Interactive,3GEN Acrylics,Aluminium XF16,AK11207,matched by product code; matched by product code,https://www.mech9.com/p/vallejo-model-color-conversion-table.html
Vallejo,Model Color,White Grey,70.993,Army Painter,Original Warpaints,Plate Mail Metal,WP1130P,"matched by product code; mech9 prints ""Plate Mail Metal (Metallics)""",https://www.mech9.com/p/vallejo-model-color-conversion-table.html
Vallejo,Model Color,Dark Grey,70.994,Vallejo,Model Air,USN Sea Blue,71.295,matched by product code; matched by product code,https://www.mech9.com/p/vallejo-model-color-conversion-table.html
Vallejo,Model Color,Dark Grey,70.994,AK Interactive,3GEN Acrylics,Dark Grey,AK11022,matched by product code; matched by product code,https://www.mech9.com/p/vallejo-model-color-conversion-table.html
Vallejo,Model Color,German Grey,70.995,Vallejo,Model Air,Engine Gray,71.048,matched by product code; matched by product code,https://www.mech9.com/p/vallejo-model-color-conversion-table.html
Vallejo,Model Color,German Grey,70.995,Tamiya,Lacquer Paint,German Gray,LP27,matched by product code; matched by product code,https://www.mech9.com/p/vallejo-model-color-conversion-table.html
Vallejo,Model Color,German Grey,70.995,Vallejo,Model Air,Anthracite Grey,71.052,matched by product code; matched by product code,https://www.mech9.com/p/vallejo-model-color-conversion-table.html
Vallejo,Model Color,German Grey,70.995,Vallejo,Model Air,Panzer Dark Grey,71.056,matched by product code; matched by product code,https://www.mech9.com/p/vallejo-model-color-conversion-table.html
Vallejo,Model Color,German Grey,70.995,AK Interactive,3GEN Acrylics,German Grey,AK11025,matched by product code; matched by product code,https://www.mech9.com/p/vallejo-model-color-conversion-table.html
Vallejo,Model Color,Gold,70.996,Vallejo,Model Air,Gold (Metallic),71.066,matched by product code; matched by product code,https://www.mech9.com/p/vallejo-model-color-conversion-table.html
Vallejo,Model Color,Gold,70.996,Army Painter,Original Warpaints,Greedy Gold,WP1132P,"matched by product code; mech9 prints ""Greedy Gold (Metallics)""",https://www.mech9.com/p/vallejo-model-color-conversion-table.html
Vallejo,Model Color,Gold,70.996,Army Painter,Warpaints Fanatic,Greedy Gold,WP3188P,"matched by product code; mech9 prints ""Greedy Gold (Metallic)""",https://www.mech9.com/p/vallejo-model-color-conversion-table.html
Vallejo,Model Color,Gold,70.996,Army Painter,Warpaints Air,Greedy Gold,AW1132P,"matched by product code; mech9 prints ""Greedy Gold (Metallics)""",https://www.mech9.com/p/vallejo-model-color-conversion-table.html
Vallejo,Model Color,Gold,70.996,Vallejo,Game Air,Polished Gold,72.755,matched by product code,https://www.mech9.com/p/vallejo-model-color-conversion-table.html
Vallejo,Model Color,Gold,70.996,Vallejo,Game Air,Glorious Gold,72.756,matched by product code,https://www.mech9.com/p/vallejo-model-color-conversion-table.html
Vallejo,Model Color,Gold,70.996,AK Interactive,3GEN Acrylics,Gold,AK11191,matched by product code; matched by product code,https://www.mech9.com/p/vallejo-model-color-conversion-table.html
Vallejo,Model Color,Silver,70.997,Vallejo,Model Air,Silver RLM01 (Met.),71.063,matched by product code; matched by product code,https://www.mech9.com/p/vallejo-model-color-conversion-table.html
Vallejo,Model Color,Silver,70.997,Vallejo,Game Air,Silver,72.752,matched by product code,https://www.mech9.com/p/vallejo-model-color-conversion-table.html
Vallejo,Model Color,Silver,70.997,Vallejo,Mecha Metallic,Light Steel,69.064,matched by product code; matched by product code,https://www.mech9.com/p/vallejo-model-color-conversion-table.html
Vallejo,Model Color,Silver,70.997,Tamiya,Lacquer Paint,Flat Aluminum,LP38,matched by product code; matched by product code,https://www.mech9.com/p/vallejo-model-color-conversion-table.html
Vallejo,Model Color,Silver,70.997,Army Painter,Original Warpaints,Shining Silver,WP1129P,"matched by product code; mech9 prints ""Shining Silver (Metallics)""",https://www.mech9.com/p/vallejo-model-color-conversion-table.html
Vallejo,Model Color,Silver,70.997,Vallejo,Hobby Paint,Silver,28.021,matched by product code; matched by product code,https://www.mech9.com/p/vallejo-model-color-conversion-table.html
Vallejo,Model Color,Silver,70.997,Vallejo,Model Air,Aluminium (Metal.),71.062,matched by product code; matched by product code,https://www.mech9.com/p/vallejo-model-color-conversion-table.html
Vallejo,Model Color,Silver,70.997,Warhammer Colour,Base,Iron Hands Steel,CT243,"matched by product code; mech9 prints ""Iron Hands Steel (Base)""",https://www.mech9.com/p/vallejo-model-color-conversion-table.html
Vallejo,Model Color,Silver,70.997,Army Painter,Original Warpaints,Plate Mail Metal,WP1130P,"matched by product code; mech9 prints ""Plate Mail Metal (Metallics)""",https://www.mech9.com/p/vallejo-model-color-conversion-table.html
Vallejo,Model Color,Silver,70.997,Army Painter,Warpaints Fanatic,Plate Mail Metal,WP3192P,"matched by product code; mech9 prints ""Plate Mail Metal (Metallic)""",https://www.mech9.com/p/vallejo-model-color-conversion-table.html
Vallejo,Model Color,Silver,70.997,Army Painter,Warpaints Air,Plate Mail Metal,AW1130P,"matched by product code; mech9 prints ""Plate Mail Metal (Metallics)""",https://www.mech9.com/p/vallejo-model-color-conversion-table.html
Vallejo,Model Color,Silver,70.997,AK Interactive,3GEN Acrylics,Aluminium XF16,AK11207,matched by product code; matched by product code,https://www.mech9.com/p/vallejo-model-color-conversion-table.html
Vallejo,Model Color,Silver,70.997,Tamiya,Lacquer Paint,Silver,LP11,matched by product code; matched by product code,https://www.mech9.com/p/vallejo-model-color-conversion-table.html
Vallejo,Model Color,Silver,70.997,AK Interactive,3GEN Acrylics,Silver X11,AK11209,matched by product code; matched by product code,https://www.mech9.com/p/vallejo-model-color-conversion-table.html
Vallejo,Model Color,Bronze,70.998,AK Interactive,3GEN Acrylics,Bronze,AK11196,matched by product code; matched by product code,https://www.mech9.com/p/vallejo-model-color-conversion-table.html
Vallejo,Model Color,Bronze,70.998,Army Painter,Original Warpaints,Weapon Bronze,WP1133P,"matched by product code; mech9 prints ""Weapon Bronze (Metallics)""",https://www.mech9.com/p/vallejo-model-color-conversion-table.html
Vallejo,Model Color,Bronze,70.998,Army Painter,Warpaints Fanatic,Weapon Bronze,WP3183P,"matched by product code; mech9 prints ""Weapon Bronze (Metallic)""",https://www.mech9.com/p/vallejo-model-color-conversion-table.html
Vallejo,Model Color,Bronze,70.998,Army Painter,Warpaints Air,Weapon Bronze,AW1133P,"matched by product code; mech9 prints ""Weapon Bronze (Metallics)""",https://www.mech9.com/p/vallejo-model-color-conversion-table.html
Vallejo,Model Color,Bronze,70.998,Vallejo,Mecha Metallic,Bronze,69.062,matched by product code; matched by product code,https://www.mech9.com/p/vallejo-model-color-conversion-table.html
Vallejo,Model Color,Copper,70.999,Vallejo,Model Air,Copper (Metallic),71.068,matched by product code; matched by product code,https://www.mech9.com/p/vallejo-model-color-conversion-table.html
Vallejo,Model Color,Copper,70.999,Vallejo,Mecha Metallic,Copper,69.061,matched by product code; matched by product code,https://www.mech9.com/p/vallejo-model-color-conversion-table.html
Vallejo,Model Color,Copper,70.999,Vallejo,Model Air,Rust (Metallic),71.069,matched by product code; matched by product code,https://www.mech9.com/p/vallejo-model-color-conversion-table.html
Vallejo,Model Color,Copper,70.999,AK Interactive,3GEN Acrylics,Copper XF6,AK11197,matched by product code; matched by product code,https://www.mech9.com/p/vallejo-model-color-conversion-table.html
Vallejo,Primers,Sun Yellow,70.629,Vallejo,Model Air,Medium Yellow,71.002,matched by product code; matched by product code,https://www.mech9.com/p/vallejo-model-color-conversion-table.html
Vallejo,Primers,Sun Yellow,70.629,Vallejo,Game Air,Sun Yellow,76.006,matched by product code,https://www.mech9.com/p/vallejo-model-color-conversion-table.html
Vallejo,Primers,Sun Yellow,70.629,Tamiya,Lacquer Paint,Pure Yellow,LP8,matched by product code; matched by product code,https://www.mech9.com/p/vallejo-model-color-conversion-table.html
Vallejo,Primers,Sun Yellow,70.629,Army Painter,Original Warpaints,Daemonic Yellow,WP1107P,matched by product code,https://www.mech9.com/p/vallejo-model-color-conversion-table.html
Vallejo,Primers,Sun Yellow,70.629,Vallejo,Hobby Paint,Sun Yellow,28.018,matched by product code; matched by product code,https://www.mech9.com/p/vallejo-model-color-conversion-table.html
Vallejo,Primers,Sun Yellow,70.629,Army Painter,Warpaints Fanatic,Daemonic Yellow,WP3093P,matched by product code,https://www.mech9.com/p/vallejo-model-color-conversion-table.html
Vallejo,Primers,Sun Yellow,70.629,Army Painter,Warpaints Air,Daemonic Yellow,AW1107P,matched by product code,https://www.mech9.com/p/vallejo-model-color-conversion-table.html
Vallejo,Primers,Bloody Red,70.632,Vallejo,Model Air,Red RLM23,71.003,matched by product code; matched by product code,https://www.mech9.com/p/vallejo-model-color-conversion-table.html
Vallejo,Primers,Bloody Red,70.632,Warhammer Colour,Layer,Evil Sunz Scarlet,CT64,"matched by product code; mech9 prints ""Evil Sunz Scarlet (Layer)""",https://www.mech9.com/p/vallejo-model-color-conversion-table.html
Vallejo,Primers,Bloody Red,70.632,Vallejo,Game Air,Bloody Red,76.010,matched by product code,https://www.mech9.com/p/vallejo-model-color-conversion-table.html
Vallejo,Primers,Bloody Red,70.632,Army Painter,Original Warpaints,Chaotic Red,WP1142P,matched by product code,https://www.mech9.com/p/vallejo-model-color-conversion-table.html
Vallejo,Primers,Bloody Red,70.632,Vallejo,Hobby Paint,Bloody Red,28.023,matched by product code; matched by product code,https://www.mech9.com/p/vallejo-model-color-conversion-table.html
Vallejo,Primers,Bloody Red,70.632,Army Painter,Warpaints Fanatic,Carnelian Skin,WP3151P,matched by product code,https://www.mech9.com/p/vallejo-model-color-conversion-table.html
Vallejo,Primers,Bloody Red,70.632,Army Painter,Warpaints Air,Chaotic Red,AW1142P,matched by product code,https://www.mech9.com/p/vallejo-model-color-conversion-table.html
Vallejo,Model Air,White,71.001,Warhammer Colour,Layer,White Scar,CT193,"matched by product code; mech9 prints ""White Scar (Layer)""",https://www.mech9.com/p/vallejo-model-air-paint-conversion-table.html
Vallejo,Model Air,White,71.001,Vallejo,Game Air,Dead White,72.701,matched by product code,https://www.mech9.com/p/vallejo-model-air-paint-conversion-table.html
Vallejo,Model Air,White,71.001,Vallejo,Mecha Color,Pure White,69.001,matched by product code; matched by product code,https://www.mech9.com/p/vallejo-model-air-paint-conversion-table.html
Vallejo,Model Air,White,71.001,Tamiya,Lacquer Paint,Flat White,LP4,matched by product code; matched by product code,https://www.mech9.com/p/vallejo-model-air-paint-conversion-table.html
Vallejo,Model Air,White,71.001,AK Interactive,3GEN Acrylics,White,AK11001,matched by product code; matched by product code,https://www.mech9.com/p/vallejo-model-air-paint-conversion-table.html
Vallejo,Model Air,White,71.001,Army Painter,Original Warpaints,Matt White,WP1102P,matched by product code,https://www.mech9.com/p/vallejo-model-air-paint-conversion-table.html
Vallejo,Model Air,White,71.001,Army Painter,Warpaints Fanatic,Matt White,WP3012P,matched by product code,https://www.mech9.com/p/vallejo-model-air-paint-conversion-table.html
Vallejo,Model Air,White,71.001,Army Painter,Warpaints Air,Matt White,AW1102P,matched by product code,https://www.mech9.com/p/vallejo-model-air-paint-conversion-table.html
Vallejo,Model Air,Medium Yellow,71.002,Vallejo,Mecha Color,Yellow,69.004,matched by product code; matched by product code,https://www.mech9.com/p/vallejo-model-air-paint-conversion-table.html
Vallejo,Model Air,Medium Yellow,71.002,Army Painter,Original Warpaints,Daemonic Yellow,WP1107P,matched by product code,https://www.mech9.com/p/vallejo-model-air-paint-conversion-table.html
Vallejo,Model Air,Medium Yellow,71.002,Army Painter,Warpaints Fanatic,Daemonic Yellow,WP3093P,matched by product code,https://www.mech9.com/p/vallejo-model-air-paint-conversion-table.html
Vallejo,Model Air,Medium Yellow,71.002,Army Painter,Warpaints Air,Daemonic Yellow,AW1107P,matched by product code,https://www.mech9.com/p/vallejo-model-air-paint-conversion-table.html
Vallejo,Model Air,Medium Yellow,71.002,Vallejo,Game Air,Sun Yellow,72.706,matched by product code,https://www.mech9.com/p/vallejo-model-air-paint-conversion-table.html
Vallejo,Model Air,Medium Yellow,71.002,Tamiya,Lacquer Paint,Pure Yellow,LP8,matched by product code; matched by product code,https://www.mech9.com/p/vallejo-model-air-paint-conversion-table.html
Vallejo,Model Air,Medium Yellow,71.002,Vallejo,Hobby Paint,Sun Yellow,28.018,matched by product code; matched by product code,https://www.mech9.com/p/vallejo-model-air-paint-conversion-table.html
Vallejo,Model Air,Red RLM23,71.003,Warhammer Colour,Layer,Troll Slayer Orange,CT175,"matched by product code; mech9 prints ""Troll Slayer Orange (Layer)""",https://www.mech9.com/p/vallejo-model-air-paint-conversion-table.html
Vallejo,Model Air,Red RLM23,71.003,Vallejo,Game Air,Hot Orange,72.709,matched by product code,https://www.mech9.com/p/vallejo-model-air-paint-conversion-table.html
Vallejo,Model Air,Red RLM23,71.003,Vallejo,Mecha Color,Red,69.008,matched by product code; matched by product code,https://www.mech9.com/p/vallejo-model-air-paint-conversion-table.html
Vallejo,Model Air,Red RLM23,71.003,Army Painter,Original Warpaints,Chaotic Red,WP1142P,matched by product code,https://www.mech9.com/p/vallejo-model-air-paint-conversion-table.html
Vallejo,Model Air,Red RLM23,71.003,Army Painter,Warpaints Fanatic,Carnelian Skin,WP3151P,matched by product code,https://www.mech9.com/p/vallejo-model-air-paint-conversion-table.html
Vallejo,Model Air,Red RLM23,71.003,Army Painter,Warpaints Air,Chaotic Red,AW1142P,matched by product code,https://www.mech9.com/p/vallejo-model-air-paint-conversion-table.html
Vallejo,Model Air,Red RLM23,71.003,Warhammer Colour,Layer,Evil Sunz Scarlet,CT64,"matched by product code; mech9 prints ""Evil Sunz Scarlet (Layer)""",https://www.mech9.com/p/vallejo-model-air-paint-conversion-table.html
Vallejo,Model Air,Red RLM23,71.003,Vallejo,Game Air,Bloody Red,72.710,matched by product code,https://www.mech9.com/p/vallejo-model-air-paint-conversion-table.html
Vallejo,Model Air,Red RLM23,71.003,Vallejo,Hobby Paint,Bloody Red,28.023,matched by product code; matched by product code,https://www.mech9.com/p/vallejo-model-air-paint-conversion-table.html
Vallejo,Model Air,Red RLM23,71.003,Vallejo,Mecha Color,SZ Red,69.009,matched by product code; matched by product code,https://www.mech9.com/p/vallejo-model-air-paint-conversion-table.html
Vallejo,Model Air,Red RLM23,71.003,AK Interactive,3GEN Acrylics,Vermillion,AK11090,matched by product code; matched by product code,https://www.mech9.com/p/vallejo-model-air-paint-conversion-table.html
Vallejo,Model Air,Blue,71.004,Warhammer Colour,Base,Night Lords Blue,CT265,"matched by product code; mech9 prints ""Night Lords Blue (Base)""",https://www.mech9.com/p/vallejo-model-air-paint-conversion-table.html
Vallejo,Model Air,Blue,71.004,Vallejo,Game Air,Night Blue,76.019,matched by product code,https://www.mech9.com/p/vallejo-model-air-paint-conversion-table.html
Vallejo,Model Air,Blue,71.004,Army Painter,Original Warpaints,Deep Blue,WP1116P,matched by product code,https://www.mech9.com/p/vallejo-model-air-paint-conversion-table.html
Vallejo,Model Air,Blue,71.004,Army Painter,Warpaints Fanatic,Imperial Navy,WP3025P,matched by product code,https://www.mech9.com/p/vallejo-model-air-paint-conversion-table.html
Vallejo,Model Air,Blue,71.004,Warhammer Colour,Base,Caledor Sky,CT34,"matched by product code; mech9 prints ""Caledor Sky (Base)""",https://www.mech9.com/p/vallejo-model-air-paint-conversion-table.html
Vallejo,Model Air,Blue,71.004,Vallejo,Game Air,Magic Blue,72.721,matched by product code,https://www.mech9.com/p/vallejo-model-air-paint-conversion-table.html
Vallejo,Model Air,Blue,71.004,Army Painter,Original Warpaints,Dark Sky,WP1415P,matched by product code,https://www.mech9.com/p/vallejo-model-air-paint-conversion-table.html
Vallejo,Model Air,Blue,71.004,Vallejo,Hobby Paint,Magic Blue,28.030,matched by product code; matched by product code,https://www.mech9.com/p/vallejo-model-air-paint-conversion-table.html
Vallejo,Model Air,Blue,71.004,Army Painter,Warpaints Fanatic,Regal Blue,WP3026P,matched by product code,https://www.mech9.com/p/vallejo-model-air-paint-conversion-table.html
Vallejo,Model Air,Grey Blue,71.005,Vallejo,Mecha Color,Titan Dark Blue,69.022,matched by product code; matched by product code,https://www.mech9.com/p/vallejo-model-air-paint-conversion-table.html
Vallejo,Model Air,Light Green Chrom.,71.006,Vallejo,Game Air,Goblin Green,72.730,matched by product code,https://www.mech9.com/p/vallejo-model-air-paint-conversion-table.html
Vallejo,Model Air,Light Green Chrom.,71.006,Vallejo,Mecha Color,Olive Green,69.028,matched by product code; matched by product code,https://www.mech9.com/p/vallejo-model-air-paint-conversion-table.html
Vallejo,Model Air,Light Green Chrom.,71.006,AK Interactive,3GEN Acrylics,Olive Green,AK11147,matched by product code; matched by product code,https://www.mech9.com/p/vallejo-model-air-paint-conversion-table.html
Vallejo,Model Air,Light Green Chrom.,71.006,Vallejo,Hobby Paint,Goblin Green,28.027,matched by product code; matched by product code,https://www.mech9.com/p/vallejo-model-air-paint-conversion-table.html
Vallejo,Model Air,Light Green Chrom.,71.006,AK Interactive,AFV Series,WWI French Green 1,AK11305,matched by product code; matched by product code,https://www.mech9.com/p/vallejo-model-air-paint-conversion-table.html
Vallejo,Model Air,Light Green Chrom.,71.006,AK Interactive,Legacy Acrylics,WWI French Green#1,AK4054,matched by product code,https://www.mech9.com/p/vallejo-model-air-paint-conversion-table.html
Vallejo,Model Air,Olive Green,71.007,AK Interactive,AIR Series,IJN D1 Deep Green Black,AK11893,matched by product code; matched by product code,https://www.mech9.com/p/vallejo-model-air-paint-conversion-table.html
Vallejo,Model Air,Olive Green,71.007,AK Interactive,Legacy Acrylics,D1 Deep Green Black,AK2063,matched by product code,https://www.mech9.com/p/vallejo-model-air-paint-conversion-table.html
Vallejo,Model Air,Olive Green,71.007,Warhammer Colour,Base,Caliban Green,CT36,"matched by product code; mech9 prints ""Caliban Green (Base)""",https://www.mech9.com/p/vallejo-model-air-paint-conversion-table.html
Vallejo,Model Air,Olive Green,71.007,Vallejo,Game Air,Dark Green,72.728,matched by product code,https://www.mech9.com/p/vallejo-model-air-paint-conversion-table.html
Vallejo,Model Air,Olive Green,71.007,Army Painter,Original Warpaints,Angel Green,WP1112P,matched by product code,https://www.mech9.com/p/vallejo-model-air-paint-conversion-table.html
Vallejo,Model Air,Olive Green,71.007,Vallejo,Hobby Paint,Dark Green,28.026,matched by product code; matched by product code,https://www.mech9.com/p/vallejo-model-air-paint-conversion-table.html
Vallejo,Model Air,Olive Green,71.007,Army Painter,Warpaints Fanatic,Angel Green,WP3049P,matched by product code,https://www.mech9.com/p/vallejo-model-air-paint-conversion-table.html
Vallejo,Model Air,Olive Green,71.007,Army Painter,Warpaints Air,Angel Green,AW1112P,matched by product code,https://www.mech9.com/p/vallejo-model-air-paint-conversion-table.html
Vallejo,Model Air,Pale Blue,71.008,AK Interactive,3GEN Acrylics,Spectrum Blue,AK11162,matched by product code; matched by product code,https://www.mech9.com/p/vallejo-model-air-paint-conversion-table.html
Vallejo,Model Air,Eau de Nil “D.E.G.”,71.009,Vallejo,Mecha Color,Green,69.026,matched by product code; matched by product code,https://www.mech9.com/p/vallejo-model-air-paint-conversion-table.html
Vallejo,Model Air,Eau de Nil “D.E.G.”,71.009,AK Interactive,3GEN Acrylics,Green-Grey,AK11132,matched by product code; matched by product code,https://www.mech9.com/p/vallejo-model-air-paint-conversion-table.html
Vallejo,Model Air,Interior Green,71.010,Vallejo,Panzer Aces,Japanese Tank Crew,70.328,matched by product code,https://www.mech9.com/p/vallejo-model-air-paint-conversion-table.html
Vallejo,Model Air,Interior Green,71.010,AK Interactive,3GEN Acrylics,Yellow Green,AK11138,matched by product code; matched by product code,https://www.mech9.com/p/vallejo-model-air-paint-conversion-table.html
Vallejo,Model Air,Dark Green RLM83,71.011,Vallejo,Panzer Aces,US Army Tank Crew,70.318,matched by product code,https://www.mech9.com/p/vallejo-model-air-paint-conversion-table.html
Vallejo,Model Air,Dark Green RLM83,71.011,Tamiya,Lacquer Paint,Olive Drab (JGSDF),LP64,matched by product code; matched by product code,https://www.mech9.com/p/vallejo-model-air-paint-conversion-table.html
Vallejo,Model Air,Dark Green RLM83,71.011,AK Interactive,AIR Series,RLM 81 Version 2,AK11836,matched by product code; matched by product code,https://www.mech9.com/p/vallejo-model-air-paint-conversion-table.html
Vallejo,Model Air,Dark Green RLM83,71.011,AK Interactive,3GEN Acrylics,Russian Green,AK11159,matched by product code; matched by product code,https://www.mech9.com/p/vallejo-model-air-paint-conversion-table.html
Vallejo,Model Air,Dark Green RLM83,71.011,Vallejo,Hobby Paint,Russian Green 4BO,28.003,matched by product code; matched by product code,https://www.mech9.com/p/vallejo-model-air-paint-conversion-table.html
Vallejo,Model Air,Dark Green,71.012,Warhammer Colour,Layer,Balor Brown,CT21,"matched by product code; mech9 prints ""Balor Brown (Layer)""",https://www.mech9.com/p/vallejo-model-air-paint-conversion-table.html
Vallejo,Model Air,Dark Green,71.012,Army Painter,Original Warpaints,Basilisk Brown,WP1405P,matched by product code,https://www.mech9.com/p/vallejo-model-air-paint-conversion-table.html
Vallejo,Model Air,Dark Green,71.012,Army Painter,Warpaints Fanatic,Wasteland Clay,WP3082P,matched by product code,https://www.mech9.com/p/vallejo-model-air-paint-conversion-table.html
Vallejo,Model Air,Dark Green,71.012,Army Painter,Warpaints Air,Yellow Dune,AW4121P,matched by product code,https://www.mech9.com/p/vallejo-model-air-paint-conversion-table.html
Vallejo,Model Air,Dark Green,71.012,AK Interactive,AFV Series,Slate No.34,AK11375,matched by product code; matched by product code,https://www.mech9.com/p/vallejo-model-air-paint-conversion-table.html
Vallejo,Model Air,Dark Green,71.012,AK Interactive,Legacy Acrylics,BSC. Nº 34 Slate,AK4033,matched by product code,https://www.mech9.com/p/vallejo-model-air-paint-conversion-table.html
Vallejo,Model Air,Dark Green,71.012,AK Interactive,AIR Series,PC12,AK11810,matched by product code; matched by product code,https://www.mech9.com/p/vallejo-model-air-paint-conversion-table.html
Vallejo,Model Air,Yellow Olive,71.013,AK Interactive,AIR Series,RAF Dark Green,AK11840,matched by product code; matched by product code,https://www.mech9.com/p/vallejo-model-air-paint-conversion-table.html
Vallejo,Model Air,Gunship Green,71.014,Army Painter,Original Warpaints,Greenskin,WP1111P,matched by product code,https://www.mech9.com/p/vallejo-model-air-paint-conversion-table.html
Vallejo,Model Air,Gunship Green,71.014,AK Interactive,3GEN Acrylics,Gunship Green,AK11150,matched by product code; matched by product code,https://www.mech9.com/p/vallejo-model-air-paint-conversion-table.html
Vallejo,Model Air,Dark Green RLM71,71.015,AK Interactive,3GEN Acrylics,US Dark Green,AK11157,matched by product code; matched by product code,https://www.mech9.com/p/vallejo-model-air-paint-conversion-table.html
Vallejo,Model Air,Dark Green RLM71,71.015,Vallejo,Hobby Paint,US Olive Drab,28.005,matched by product code; matched by product code,https://www.mech9.com/p/vallejo-model-air-paint-conversion-table.html
Vallejo,Model Air,Dark Green RLM71,71.015,AK Interactive,AIR Series,RLM 71,AK11822,matched by product code; matched by product code,https://www.mech9.com/p/vallejo-model-air-paint-conversion-table.html
Vallejo,Model Air,USAF Olive Drab,71.016,AK Interactive,AFV Series,S.C.C. No.15 Olive Drab,AK11386,matched by product code; matched by product code,https://www.mech9.com/p/vallejo-model-air-paint-conversion-table.html
Vallejo,Model Air,Russian Green 4BO,71.017,Warhammer Colour,Base,Deathworld Forest,CT51,"matched by product code; mech9 prints ""Deathworld Forest (Base)""",https://www.mech9.com/p/vallejo-model-air-paint-conversion-table.html
Vallejo,Model Air,Russian Green 4BO,71.017,Army Painter,Original Warpaints,Venom Wyrm,WP1461P,matched by product code,https://www.mech9.com/p/vallejo-model-air-paint-conversion-table.html
Vallejo,Model Air,Russian Green 4BO,71.017,Vallejo,Hobby Paint,Russian Uniform,28.007,matched by product code; matched by product code,https://www.mech9.com/p/vallejo-model-air-paint-conversion-table.html
Vallejo,Model Air,Russian Green 4BO,71.017,Army Painter,Warpaints Fanatic,Tundra Taupe,WP3079P,matched by product code,https://www.mech9.com/p/vallejo-model-air-paint-conversion-table.html
Vallejo,Model Air,Russian Green 4BO,71.017,AK Interactive,AFV Series,Russian Green 4BO,AK11368,matched by product code; matched by product code,https://www.mech9.com/p/vallejo-model-air-paint-conversion-table.html
Vallejo,Model Air,Russian Green 4BO,71.017,AK Interactive,AIR Series,WWI German Dark Green,AK11803,matched by product code; matched by product code,https://www.mech9.com/p/vallejo-model-air-paint-conversion-table.html
Vallejo,Model Air,Camou. Dark Green,71.019,AK Interactive,AFV Series,RAL 6007 Grün,AK11308,matched by product code; matched by product code,https://www.mech9.com/p/vallejo-model-air-paint-conversion-table.html
Vallejo,Model Air,Green Brown,71.020,Tamiya,Lacquer Paint,Olive Drab,LP28,matched by product code; matched by product code,https://www.mech9.com/p/vallejo-model-air-paint-conversion-table.html
Vallejo,Model Air,Green Brown,71.020,Vallejo,Hobby Paint,US Olive Drab,28.005,matched by product code; matched by product code,https://www.mech9.com/p/vallejo-model-air-paint-conversion-table.html
Vallejo,Model Air,Green Brown,71.020,Tamiya,Lacquer Paint,Olive Drab (JGSDF),LP64,matched by product code; matched by product code,https://www.mech9.com/p/vallejo-model-air-paint-conversion-table.html
Vallejo,Model Air,Black Green RLM70,71.021,Warhammer Colour,Base,Castellan Green,CT39,"matched by product code; mech9 prints ""Castellan Green (Base)""",https://www.mech9.com/p/vallejo-model-air-paint-conversion-table.html
Vallejo,Model Air,Black Green RLM70,71.021,AK Interactive,AIR Series,RLM 70,AK11821,matched by product code; matched by product code,https://www.mech9.com/p/vallejo-model-air-paint-conversion-table.html
Vallejo,Model Air,Black Green RLM70,71.021,Vallejo,Hobby Paint,UK Bronze Green,28.004,matched by product code; matched by product code,https://www.mech9.com/p/vallejo-model-air-paint-conversion-table.html
Vallejo,Model Air,Light Green RLM82,71.022,AK Interactive,3GEN Acrylics,Alga Green,AK11152,matched by product code; matched by product code,https://www.mech9.com/p/vallejo-model-air-paint-conversion-table.html
Vallejo,Model Air,Light Green RLM82,71.022,AK Interactive,AIR Series,USMC Green FS 34095,AK11874,matched by product code; matched by product code,https://www.mech9.com/p/vallejo-model-air-paint-conversion-table.html
Vallejo,Model Air,Light Green RLM82,71.022,AK Interactive,AIR Series,RLM 82,AK11838,matched by product code; matched by product code,https://www.mech9.com/p/vallejo-model-air-paint-conversion-table.html
Vallejo,Model Air,Hemp,71.023,Warhammer Colour,Layer,Tallarn Sand,CT166,"matched by product code; mech9 prints ""Tallarn Sand (Layer)""",https://www.mech9.com/p/vallejo-model-air-paint-conversion-table.html
Vallejo,Model Air,Hemp,71.023,Vallejo,Game Air,Desert Yellow,72.763,matched by product code,https://www.mech9.com/p/vallejo-model-air-paint-conversion-table.html
Vallejo,Model Air,Hemp,71.023,AK Interactive,3GEN Acrylics,Japanese Brown,AK11123,matched by product code; matched by product code,https://www.mech9.com/p/vallejo-model-air-paint-conversion-table.html
Vallejo,Model Air,Hemp,71.023,Army Painter,Original Warpaints,Sulfide Ochre,WP1456P,matched by product code,https://www.mech9.com/p/vallejo-model-air-paint-conversion-table.html
Vallejo,Model Air,Hemp,71.023,Vallejo,Hobby Paint,Desert Yellow,28.015,matched by product code; matched by product code,https://www.mech9.com/p/vallejo-model-air-paint-conversion-table.html
Vallejo,Model Air,Hemp,71.023,Army Painter,Warpaints Fanatic,Prairie Ochre,WP3080P,matched by product code,https://www.mech9.com/p/vallejo-model-air-paint-conversion-table.html
Vallejo,Model Air,Hemp,71.023,Army Painter,Warpaints Air,Barren Yellow,AW3121P,matched by product code,https://www.mech9.com/p/vallejo-model-air-paint-conversion-table.html
Vallejo,Model Air,Hemp,71.023,AK Interactive,Figures Series,Canvas Tone,AK11436,matched by product code; matched by product code,https://www.mech9.com/p/vallejo-model-air-paint-conversion-table.html
Vallejo,Model Air,Hemp,71.023,Vallejo,Hobby Paint,US Khaki,28.009,matched by product code; matched by product code,https://www.mech9.com/p/vallejo-model-air-paint-conversion-table.html
Vallejo,Model Air,Hemp,71.023,Warhammer Colour,Base,Zandri Dust,CT201,"matched by product code; mech9 prints ""Zandri Dust (Base)""",https://www.mech9.com/p/vallejo-model-air-paint-conversion-table.html
Vallejo,Model Air,Hemp,71.023,Vallejo,Game Air,Khaki,72.761,matched by product code,https://www.mech9.com/p/vallejo-model-air-paint-conversion-table.html
Vallejo,Model Air,Hemp,71.023,Vallejo,Mecha Color,Grey Sand,69.031,matched by product code; matched by product code,https://www.mech9.com/p/vallejo-model-air-paint-conversion-table.html
Vallejo,Model Air,Khaki Brown,71.024,Army Painter,Original Warpaints,Monster Brown,WP1120P,matched by product code,https://www.mech9.com/p/vallejo-model-air-paint-conversion-table.html
Vallejo,Model Air,Dark Yellow,71.025,AK Interactive,AFV Series,7028 Dunkelgelb (Initial),AK11318,matched by product code; matched by product code,https://www.mech9.com/p/vallejo-model-air-paint-conversion-table.html
Vallejo,Model Air,USA Flat Brown,71.026,Vallejo,Panzer Aces,Flesh Base,70.341,matched by product code,https://www.mech9.com/p/vallejo-model-air-paint-conversion-table.html
Vallejo,Model Air,Light Brown,71.027,Warhammer Colour,Layer,Karak Stone,CT92,"matched by product code; mech9 prints ""Karak Stone (Layer)""",https://www.mech9.com/p/vallejo-model-air-paint-conversion-table.html
Vallejo,Model Air,Light Brown,71.027,AK Interactive,3GEN Acrylics,Warm Grey,AK11009,matched by product code; matched by product code,https://www.mech9.com/p/vallejo-model-air-paint-conversion-table.html
Vallejo,Model Air,Light Brown,71.027,AK Interactive,Legacy Acrylics,WWI British Khaki Brown Base,AK4042,matched by product code,https://www.mech9.com/p/vallejo-model-air-paint-conversion-table.html
Vallejo,Model Air,Light Brown,71.027,Army Painter,Original Warpaints,Banshee Brown,WP1404P,matched by product code,https://www.mech9.com/p/vallejo-model-air-paint-conversion-table.html
Vallejo,Model Air,Light Brown,71.027,Army Painter,Warpaints Fanatic,Tomb King Tan,WP3086P,matched by product code,https://www.mech9.com/p/vallejo-model-air-paint-conversion-table.html
Vallejo,Model Air,Light Brown,71.027,AK Interactive,AFV Series,WWI French Milky Coffee,AK11302,matched by product code; matched by product code,https://www.mech9.com/p/vallejo-model-air-paint-conversion-table.html
Vallejo,Model Air,Sand Yellow,71.028,Tamiya,Lacquer Paint,Wooden Deck Tan,LP16,matched by product code; matched by product code,https://www.mech9.com/p/vallejo-model-air-paint-conversion-table.html
Vallejo,Model Air,Sand Yellow,71.028,AK Interactive,3GEN Acrylics,Light Earth,AK11115,matched by product code; matched by product code,https://www.mech9.com/p/vallejo-model-air-paint-conversion-table.html
Vallejo,Model Air,Dark Earth,71.029,Warhammer Colour,Base,Steel Legion Drab,CT155,"matched by product code; mech9 prints ""Steel Legion Drab (Base)""",https://www.mech9.com/p/vallejo-model-air-paint-conversion-table.html
Vallejo,Model Air,Dark Earth,71.029,Vallejo,Game Air,Earth,72.762,matched by product code,https://www.mech9.com/p/vallejo-model-air-paint-conversion-table.html
Vallejo,Model Air,Dark Earth,71.029,Army Painter,Original Warpaints,Monster Brown,WP1120P,matched by product code,https://www.mech9.com/p/vallejo-model-air-paint-conversion-table.html
Vallejo,Model Air,Dark Earth,71.029,Vallejo,Hobby Paint,English Uniform,28.008,matched by product code; matched by product code,https://www.mech9.com/p/vallejo-model-air-paint-conversion-table.html
Vallejo,Model Air,Dark Earth,71.029,Army Painter,Warpaints Fanatic,Mocca Skin,WP3159P,matched by product code,https://www.mech9.com/p/vallejo-model-air-paint-conversion-table.html
Vallejo,Model Air,Dark Earth,71.029,AK Interactive,3GEN Acrylics,British Khaki,AK11127,matched by product code; matched by product code,https://www.mech9.com/p/vallejo-model-air-paint-conversion-table.html
Vallejo,Model Air,Middle Stone,71.031,AK Interactive,AIR Series,RAF Middle Stone,AK11846,matched by product code; matched by product code,https://www.mech9.com/p/vallejo-model-air-paint-conversion-table.html
Vallejo,Model Air,Middle Stone,71.031,AK Interactive,3GEN Acrylics,Green Ochre,AK11122,matched by product code; matched by product code,https://www.mech9.com/p/vallejo-model-air-paint-conversion-table.html
Vallejo,Model Air,Yellow Ochre,71.033,Vallejo,Mecha Color,Sand Yellow,69.033,matched by product code; matched by product code,https://www.mech9.com/p/vallejo-model-air-paint-conversion-table.html
Vallejo,Model Air,Yellow Ochre,71.033,AK Interactive,3GEN Acrylics,Sand Yellow,AK11035,matched by product code; matched by product code,https://www.mech9.com/p/vallejo-model-air-paint-conversion-table.html
Vallejo,Model Air,Yellow Ochre,71.033,Warhammer Colour,Layer,Bestigor Flesh,CT25,"matched by product code; mech9 prints ""Bestigor Flesh (Layer)""",https://www.mech9.com/p/vallejo-model-air-paint-conversion-table.html
Vallejo,Model Air,Yellow Ochre,71.033,AK Interactive,AFV Series,Mustard Yellow,AK11366,matched by product code; matched by product code,https://www.mech9.com/p/vallejo-model-air-paint-conversion-table.html
Vallejo,Model Air,Sand Brown,71.034,Warhammer Colour,Base,XV-88,CT198,"matched by product code; mech9 prints ""XV-88 (Base)""",https://www.mech9.com/p/vallejo-model-air-paint-conversion-table.html
Vallejo,Model Air,Sand Brown,71.034,Vallejo,Game Air,Leather Brown,72.740,matched by product code,https://www.mech9.com/p/vallejo-model-air-paint-conversion-table.html
Vallejo,Model Air,Sand Brown,71.034,Vallejo,Hobby Paint,Leather Brown,28.014,matched by product code; matched by product code,https://www.mech9.com/p/vallejo-model-air-paint-conversion-table.html
Vallejo,Model Air,Sand Brown,71.034,AK Interactive,3GEN Acrylics,Deep Brown,AK11102,matched by product code; matched by product code,https://www.mech9.com/p/vallejo-model-air-paint-conversion-table.html
Vallejo,Model Air,Sand Brown,71.034,AK Interactive,3GEN Acrylics,Cork XF-52,AK11119,matched by product code; matched by product code,https://www.mech9.com/p/vallejo-model-air-paint-conversion-table.html
Vallejo,Model Air,Camou. Pale Brown,71.035,Vallejo,Panzer Aces,Leather Belt,70.312,matched by product code,https://www.mech9.com/p/vallejo-model-air-paint-conversion-table.html
Vallejo,Model Air,Camou. Pale Brown,71.035,Army Painter,Original Warpaints,Monster Brown,WP1120P,matched by product code,https://www.mech9.com/p/vallejo-model-air-paint-conversion-table.html
Vallejo,Model Air,Camou. Pale Brown,71.035,AK Interactive,3GEN Acrylics,Mud Brown,AK11120,matched by product code; matched by product code,https://www.mech9.com/p/vallejo-model-air-paint-conversion-table.html
Vallejo,Model Air,Mahogany,71.036,Warhammer Colour,Base,Mephiston Red,CT112,"matched by product code; mech9 prints ""Mephiston Red (Base)""",https://www.mech9.com/p/vallejo-model-air-paint-conversion-table.html
Vallejo,Model Air,Mahogany,71.036,Army Painter,Original Warpaints,Dragon Red,WP1105P,matched by product code,https://www.mech9.com/p/vallejo-model-air-paint-conversion-table.html
Vallejo,Model Air,Mahogany,71.036,Army Painter,Warpaints Fanatic,Dragon Red,WP3117P,matched by product code,https://www.mech9.com/p/vallejo-model-air-paint-conversion-table.html
Vallejo,Model Air,Mahogany,71.036,Army Painter,Warpaints Air,Dragon Red,AW1105P,matched by product code,https://www.mech9.com/p/vallejo-model-air-paint-conversion-table.html
Vallejo,Model Air,Mud Brown,71.037,Vallejo,Panzer Aces,Yellowish Rust,70.303,matched by product code,https://www.mech9.com/p/vallejo-model-air-paint-conversion-table.html
Vallejo,Model Air,Cam. Med. Brown,71.038,Army Painter,Original Warpaints,Dragon Red,WP1105P,matched by product code,https://www.mech9.com/p/vallejo-model-air-paint-conversion-table.html
Vallejo,Model Air,Cam. Med. Brown,71.038,AK Interactive,3GEN Acrylics,Dark Rust XF-68,AK11107,matched by product code; matched by product code,https://www.mech9.com/p/vallejo-model-air-paint-conversion-table.html
Vallejo,Model Air,Cam. Med. Brown,71.038,AK Interactive,AFV Series,S.C.C. No.2 Brown,AK11385,matched by product code; matched by product code,https://www.mech9.com/p/vallejo-model-air-paint-conversion-table.html
Vallejo,Model Air,Hull Red,71.039,Vallejo,Panzer Aces,Dark Rust,70.302,matched by product code,https://www.mech9.com/p/vallejo-model-air-paint-conversion-table.html
Vallejo,Model Air,Hull Red,71.039,AK Interactive,3GEN Acrylics,Hull Red,AK11108,matched by product code; matched by product code,https://www.mech9.com/p/vallejo-model-air-paint-conversion-table.html
Vallejo,Model Air,Hull Red,71.039,Army Painter,Original Warpaints,Dragon Red,WP1105P,matched by product code,https://www.mech9.com/p/vallejo-model-air-paint-conversion-table.html
Vallejo,Model Air,Hull Red,71.039,AK Interactive,3GEN Acrylics,Burnt Red XF-9,AK11097,matched by product code; matched by product code,https://www.mech9.com/p/vallejo-model-air-paint-conversion-table.html
Vallejo,Model Air,Hull Red,71.039,AK Interactive,AFV Series,S.C.C. No.1A Very Dark Brown,AK11384,matched by product code; matched by product code,https://www.mech9.com/p/vallejo-model-air-paint-conversion-table.html
Vallejo,Model Air,Burnt Umber,71.040,Army Painter,Original Warpaints,Dark Stone,WP1425P,matched by product code,https://www.mech9.com/p/vallejo-model-air-paint-conversion-table.html
Vallejo,Model Air,Burnt Umber,71.040,Tamiya,Lacquer Paint,Linoleum Deck Brown,LP17,matched by product code; matched by product code,https://www.mech9.com/p/vallejo-model-air-paint-conversion-table.html
Vallejo,Model Air,Burnt Umber,71.040,AK Interactive,3GEN Acrylics,Saddle Brown XF-79,AK11104,matched by product code; matched by product code,https://www.mech9.com/p/vallejo-model-air-paint-conversion-table.html
Vallejo,Model Air,Burnt Umber,71.040,AK Interactive,3GEN Acrylics,Medium Rust,AK11103,matched by product code; matched by product code,https://www.mech9.com/p/vallejo-model-air-paint-conversion-table.html
Vallejo,Model Air,Armour Brown,71.041,AK Interactive,AFV Series,RAL 8017 Rotbraun,AK11330,matched by product code; matched by product code,https://www.mech9.com/p/vallejo-model-air-paint-conversion-table.html
Vallejo,Model Air,Armour Brown,71.041,AK Interactive,Legacy Acrylics,RAL 8017 Schokobraun,AK718,matched by product code,https://www.mech9.com/p/vallejo-model-air-paint-conversion-table.html
Vallejo,Model Air,Armour Brown,71.041,AK Interactive,3GEN Acrylics,Hull Red,AK11108,matched by product code; matched by product code,https://www.mech9.com/p/vallejo-model-air-paint-conversion-table.html
Vallejo,Model Air,Dark Brown RLM61,71.042,AK Interactive,3GEN Acrylics,Grim Brown,AK11112,matched by product code; matched by product code,https://www.mech9.com/p/vallejo-model-air-paint-conversion-table.html
Vallejo,Model Air,Dark Brown RLM61,71.042,Warhammer Colour,Base,Rhinox Hide,CT134,"matched by product code; mech9 prints ""Rhinox Hide (Base)""",https://www.mech9.com/p/vallejo-model-air-paint-conversion-table.html
Vallejo,Model Air,Dark Brown RLM61,71.042,Vallejo,Game Air,Charred Brown,72.745,matched by product code,https://www.mech9.com/p/vallejo-model-air-paint-conversion-table.html
Vallejo,Model Air,Dark Brown RLM61,71.042,Vallejo,Mecha Color,Chipping Brown,69.035,matched by product code; matched by product code,https://www.mech9.com/p/vallejo-model-air-paint-conversion-table.html
Vallejo,Model Air,Dark Brown RLM61,71.042,Army Painter,Original Warpaints,Hardened Carapace,WP1430P,matched by product code,https://www.mech9.com/p/vallejo-model-air-paint-conversion-table.html
Vallejo,Model Air,Dark Brown RLM61,71.042,Army Painter,Warpaints Fanatic,Brigandine Brown,WP3073P,matched by product code,https://www.mech9.com/p/vallejo-model-air-paint-conversion-table.html
Vallejo,Model Air,Dark Brown RLM61,71.042,Army Painter,Warpaints Air,Magnolia Brown,AW3124P,matched by product code,https://www.mech9.com/p/vallejo-model-air-paint-conversion-table.html
Vallejo,Model Air,Dark Brown RLM61,71.042,AK Interactive,AIR Series,RLM 61,AK11814,matched by product code; matched by product code,https://www.mech9.com/p/vallejo-model-air-paint-conversion-table.html
Vallejo,Model Air,US Olive Drab,71.043,Tamiya,Lacquer Paint,Dark Green (JGSDF),LP26,matched by product code; matched by product code,https://www.mech9.com/p/vallejo-model-air-paint-conversion-table.html
Vallejo,Model Air,US Olive Drab,71.043,Vallejo,Hobby Paint,US Olive Drab,28.005,matched by product code; matched by product code,https://www.mech9.com/p/vallejo-model-air-paint-conversion-table.html
Vallejo,Model Air,Grey RLM02,71.044,AK Interactive,3GEN Acrylics,Grey-Green,AK11016,matched by product code; matched by product code,https://www.mech9.com/p/vallejo-model-air-paint-conversion-table.html
Vallejo,Model Air,Grey RLM02,71.044,AK Interactive,AIR Series,RLM 02 RLM-Grau (1938),AK11811,matched by product code; matched by product code,https://www.mech9.com/p/vallejo-model-air-paint-conversion-table.html
Vallejo,Model Air,Cement Grey,71.045,Tamiya,Lacquer Paint,Light Gray (IJN),LP32,matched by product code; matched by product code,https://www.mech9.com/p/vallejo-model-air-paint-conversion-table.html
Vallejo,Model Air,Pale Blue Grey,71.046,Vallejo,Mecha Color,Light Grey,69.036,matched by product code; matched by product code,https://www.mech9.com/p/vallejo-model-air-paint-conversion-table.html
Vallejo,Model Air,Pale Blue Grey,71.046,AK Interactive,3GEN Acrylics,Sky Grey,AK11012,matched by product code; matched by product code,https://www.mech9.com/p/vallejo-model-air-paint-conversion-table.html
Vallejo,Model Air,Grey,71.047,Tamiya,Lacquer Paint,IJN Gray (Kure Arsenal),LP12,matched by product code; matched by product code,https://www.mech9.com/p/vallejo-model-air-paint-conversion-table.html
Vallejo,Model Air,Grey,71.047,Vallejo,Mecha Color,Phantom Grey,69.040,matched by product code; matched by product code,https://www.mech9.com/p/vallejo-model-air-paint-conversion-table.html
Vallejo,Model Air,Grey,71.047,Tamiya,Lacquer Paint,IJN Gray (Sasebo Arsenal),LP13,matched by product code; matched by product code,https://www.mech9.com/p/vallejo-model-air-paint-conversion-table.html
Vallejo,Model Air,Grey,71.047,AK Interactive,3GEN Acrylics,English Grey,AK11020,matched by product code; matched by product code,https://www.mech9.com/p/vallejo-model-air-paint-conversion-table.html
Vallejo,Model Air,Grey,71.047,AK Interactive,3GEN Acrylics,Basalt Grey,AK11021,matched by product code; matched by product code,https://www.mech9.com/p/vallejo-model-air-paint-conversion-table.html
Vallejo,Model Air,Engine Gray,71.048,Tamiya,Lacquer Paint,German Gray,LP27,matched by product code; matched by product code,https://www.mech9.com/p/vallejo-model-air-paint-conversion-table.html
Vallejo,Model Air,Engine Gray,71.048,AK Interactive,3GEN Acrylics,Neutral Grey,AK11018,matched by product code; matched by product code,https://www.mech9.com/p/vallejo-model-air-paint-conversion-table.html
Vallejo,Model Air,Sea Grey,71.049,Vallejo,Panzer Aces,German Tankcrew Black,70.333,matched by product code,https://www.mech9.com/p/vallejo-model-air-paint-conversion-table.html
Vallejo,Model Air,Sea Grey,71.049,Tamiya,Lacquer Paint,Nato Black,LP60,matched by product code; matched by product code,https://www.mech9.com/p/vallejo-model-air-paint-conversion-table.html
Vallejo,Model Air,Light Gray,71.050,AK Interactive,3GEN Acrylics,Graphite,AK11019,matched by product code; matched by product code,https://www.mech9.com/p/vallejo-model-air-paint-conversion-table.html
Vallejo,Model Air,Light Gray,71.050,Vallejo,Mecha Color,Medium Grey,69.038,matched by product code; matched by product code,https://www.mech9.com/p/vallejo-model-air-paint-conversion-table.html
Vallejo,Model Air,Light Gray,71.050,Tamiya,Lacquer Paint,Light Gray (IJN),LP32,matched by product code; matched by product code,https://www.mech9.com/p/vallejo-model-air-paint-conversion-table.html
Vallejo,Model Air,Light Gray,71.050,AK Interactive,AIR Series,IJN J3 Hai-iro (Grey),AK11891,matched by product code; matched by product code,https://www.mech9.com/p/vallejo-model-air-paint-conversion-table.html
Vallejo,Model Air,Light Gray,71.050,AK Interactive,Legacy Acrylics,J3 Hai-Iro (Grey),AK2061,matched by product code,https://www.mech9.com/p/vallejo-model-air-paint-conversion-table.html
Vallejo,Model Air,Light Gray,71.050,AK Interactive,3GEN Acrylics,Sea Grey,AK11014,matched by product code; matched by product code,https://www.mech9.com/p/vallejo-model-air-paint-conversion-table.html
Vallejo,Model Air,Neutral Gray,71.051,Vallejo,Mecha Color,Grey Z,69.039,matched by product code; matched by product code,https://www.mech9.com/p/vallejo-model-air-paint-conversion-table.html
Vallejo,Model Air,Neutral Gray,71.051,AK Interactive,3GEN Acrylics,Pale Grey,AK11013,matched by product code; matched by product code,https://www.mech9.com/p/vallejo-model-air-paint-conversion-table.html
Vallejo,Model Air,Neutral Gray,71.051,AK Interactive,AIR Series,Neutral Grey 43,AK11862,matched by product code; matched by product code,https://www.mech9.com/p/vallejo-model-air-paint-conversion-table.html
Vallejo,Model Air,Dark Sea Gray,71.053,Vallejo,Mecha Color,Phantom Grey,69.040,matched by product code; matched by product code,https://www.mech9.com/p/vallejo-model-air-paint-conversion-table.html
Vallejo,Model Air,Dark Sea Gray,71.053,AK Interactive,3GEN Acrylics,English Grey,AK11020,matched by product code; matched by product code,https://www.mech9.com/p/vallejo-model-air-paint-conversion-table.html
Vallejo,Model Air,Black Grey RLM66,71.055,Tamiya,Lacquer Paint,German Gray,LP27,matched by product code; matched by product code,https://www.mech9.com/p/vallejo-model-air-paint-conversion-table.html
Vallejo,Model Air,Black Grey RLM66,71.055,AK Interactive,AIR Series,RLM 66 (1938),AK11819,matched by product code; matched by product code,https://www.mech9.com/p/vallejo-model-air-paint-conversion-table.html
Vallejo,Model Air,Black Grey RLM66,71.055,AK Interactive,Figures Series,Field Grey Base #2 (Grey Uniform),AK11423,matched by product code; matched by product code,https://www.mech9.com/p/vallejo-model-air-paint-conversion-table.html
Vallejo,Model Air,Black Grey RLM66,71.055,AK Interactive,Legacy Acrylics,Field Grey Base 2,AK3142,matched by product code,https://www.mech9.com/p/vallejo-model-air-paint-conversion-table.html
Vallejo,Model Air,Panzer Dark Grey,71.056,Vallejo,Mecha Color,Dark Grey Green,69.041,matched by product code; matched by product code,https://www.mech9.com/p/vallejo-model-air-paint-conversion-table.html
Vallejo,Model Air,Panzer Dark Grey,71.056,Tamiya,Lacquer Paint,German Gray,LP27,matched by product code; matched by product code,https://www.mech9.com/p/vallejo-model-air-paint-conversion-table.html
Vallejo,Model Air,Panzer Dark Grey,71.056,Vallejo,Hobby Paint,Panzer Grey,28.002,matched by product code; matched by product code,https://www.mech9.com/p/vallejo-model-air-paint-conversion-table.html
Vallejo,Model Air,Panzer Dark Grey,71.056,AK Interactive,3GEN Acrylics,German Grey,AK11025,matched by product code; matched by product code,https://www.mech9.com/p/vallejo-model-air-paint-conversion-table.html
Vallejo,Model Air,Panzer Dark Grey,71.056,AK Interactive,AFV Series,RAL 7021 Dunkelgrau,AK11316,matched by product code; matched by product code,https://www.mech9.com/p/vallejo-model-air-paint-conversion-table.html
Vallejo,Model Air,Black,71.057,Warhammer Colour,Base,Abaddon Black,CT2,"matched by product code; mech9 prints ""Abaddon Black (Base)""",https://www.mech9.com/p/vallejo-model-air-paint-conversion-table.html
Vallejo,Model Air,Black,71.057,Vallejo,Game Air,Black,72.751,matched by product code,https://www.mech9.com/p/vallejo-model-air-paint-conversion-table.html
Vallejo,Model Air,Black,71.057,Vallejo,Mecha Color,Pure Black,69.042,matched by product code; matched by product code,https://www.mech9.com/p/vallejo-model-air-paint-conversion-table.html
Vallejo,Model Air,Black,71.057,Tamiya,Lacquer Paint,Flat Black,LP3,matched by product code; matched by product code,https://www.mech9.com/p/vallejo-model-air-paint-conversion-table.html
Vallejo,Model Air,Black,71.057,AK Interactive,3GEN Acrylics,Black,AK11029,matched by product code; matched by product code,https://www.mech9.com/p/vallejo-model-air-paint-conversion-table.html
Vallejo,Model Air,Black,71.057,Tamiya,Lacquer Paint,Black,LP1,matched by product code; matched by product code,https://www.mech9.com/p/vallejo-model-air-paint-conversion-table.html
Vallejo,Model Air,Black,71.057,AK Interactive,3GEN Acrylics,Rubber Black,AK11027,matched by product code; matched by product code,https://www.mech9.com/p/vallejo-model-air-paint-conversion-table.html
Vallejo,Model Air,Black,71.057,Warhammer Colour,Base,Corvus Black,CT297,"matched by product code; mech9 prints ""Corvus Black (Base)""",https://www.mech9.com/p/vallejo-model-air-paint-conversion-table.html
Vallejo,Model Air,Black,71.057,Army Painter,Original Warpaints,Matt Black,WP1101P,matched by product code,https://www.mech9.com/p/vallejo-model-air-paint-conversion-table.html
Vallejo,Model Air,Black,71.057,Vallejo,Hobby Paint,Black,28.012,matched by product code; matched by product code,https://www.mech9.com/p/vallejo-model-air-paint-conversion-table.html
Vallejo,Model Air,Black,71.057,Army Painter,Warpaints Fanatic,Matt Black,WP3001P,matched by product code,https://www.mech9.com/p/vallejo-model-air-paint-conversion-table.html
Vallejo,Model Air,Black,71.057,Army Painter,Warpaints Air,Matt Black,AW1101P,matched by product code,https://www.mech9.com/p/vallejo-model-air-paint-conversion-table.html
Vallejo,Model Air,Aluminium (Metal.),71.062,Vallejo,Game Air,Silver,72.752,matched by product code,https://www.mech9.com/p/vallejo-model-air-paint-conversion-table.html
Vallejo,Model Air,Aluminium (Metal.),71.062,Vallejo,Mecha Metallic,Light Steel,69.064,matched by product code; matched by product code,https://www.mech9.com/p/vallejo-model-air-paint-conversion-table.html
Vallejo,Model Air,Aluminium (Metal.),71.062,Tamiya,Lacquer Paint,Flat Aluminum,LP38,matched by product code; matched by product code,https://www.mech9.com/p/vallejo-model-air-paint-conversion-table.html
Vallejo,Model Air,Aluminium (Metal.),71.062,Army Painter,Original Warpaints,Shining Silver,WP1129P,"matched by product code; mech9 prints ""Shining Silver (Metallics)""",https://www.mech9.com/p/vallejo-model-air-paint-conversion-table.html
Vallejo,Model Air,Aluminium (Metal.),71.062,Vallejo,Hobby Paint,Silver,28.021,matched by product code; matched by product code,https://www.mech9.com/p/vallejo-model-air-paint-conversion-table.html
Vallejo,Model Air,Aluminium (Metal.),71.062,Warhammer Colour,Base,Iron Hands Steel,CT243,"matched by product code; mech9 prints ""Iron Hands Steel (Base)""",https://www.mech9.com/p/vallejo-model-air-paint-conversion-table.html
Vallejo,Model Air,Aluminium (Metal.),71.062,Army Painter,Original Warpaints,Plate Mail Metal,WP1130P,"matched by product code; mech9 prints ""Plate Mail Metal (Metallics)""",https://www.mech9.com/p/vallejo-model-air-paint-conversion-table.html
Vallejo,Model Air,Aluminium (Metal.),71.062,Army Painter,Warpaints Fanatic,Plate Mail Metal,WP3192P,"matched by product code; mech9 prints ""Plate Mail Metal (Metallic)""",https://www.mech9.com/p/vallejo-model-air-paint-conversion-table.html
Vallejo,Model Air,Aluminium (Metal.),71.062,Army Painter,Warpaints Air,Plate Mail Metal,AW1130P,"matched by product code; mech9 prints ""Plate Mail Metal (Metallics)""",https://www.mech9.com/p/vallejo-model-air-paint-conversion-table.html
Vallejo,Model Air,Aluminium (Metal.),71.062,AK Interactive,3GEN Acrylics,Aluminium XF16,AK11207,matched by product code; matched by product code,https://www.mech9.com/p/vallejo-model-air-paint-conversion-table.html
Vallejo,Model Air,Silver RLM01 (Met.),71.063,Vallejo,Game Air,Silver,72.752,matched by product code,https://www.mech9.com/p/vallejo-model-air-paint-conversion-table.html
Vallejo,Model Air,Silver RLM01 (Met.),71.063,Vallejo,Mecha Metallic,Light Steel,69.064,matched by product code; matched by product code,https://www.mech9.com/p/vallejo-model-air-paint-conversion-table.html
Vallejo,Model Air,Silver RLM01 (Met.),71.063,Tamiya,Lacquer Paint,Flat Aluminum,LP38,matched by product code; matched by product code,https://www.mech9.com/p/vallejo-model-air-paint-conversion-table.html
Vallejo,Model Air,Silver RLM01 (Met.),71.063,Army Painter,Original Warpaints,Shining Silver,WP1129P,"matched by product code; mech9 prints ""Shining Silver (Metallics)""",https://www.mech9.com/p/vallejo-model-air-paint-conversion-table.html
Vallejo,Model Air,Silver RLM01 (Met.),71.063,Vallejo,Hobby Paint,Silver,28.021,matched by product code; matched by product code,https://www.mech9.com/p/vallejo-model-air-paint-conversion-table.html
Vallejo,Model Air,Chrome (Metallic),71.064,Warhammer Colour,Base,Iron Hands Steel,CT243,"matched by product code; mech9 prints ""Iron Hands Steel (Base)""",https://www.mech9.com/p/vallejo-model-air-paint-conversion-table.html
Vallejo,Model Air,Chrome (Metallic),71.064,Vallejo,Game Air,Chainmail Silver,72.753,matched by product code,https://www.mech9.com/p/vallejo-model-air-paint-conversion-table.html
Vallejo,Model Air,Chrome (Metallic),71.064,Vallejo,Mecha Metallic,Dark Steel,69.065,matched by product code; matched by product code,https://www.mech9.com/p/vallejo-model-air-paint-conversion-table.html
Vallejo,Model Air,Chrome (Metallic),71.064,Tamiya,Lacquer Paint,Metallic Gray,LP61,matched by product code; matched by product code,https://www.mech9.com/p/vallejo-model-air-paint-conversion-table.html
Vallejo,Model Air,Chrome (Metallic),71.064,Army Painter,Original Warpaints,Plate Mail Metal,WP1130P,"matched by product code; mech9 prints ""Plate Mail Metal (Metallics)""",https://www.mech9.com/p/vallejo-model-air-paint-conversion-table.html
Vallejo,Model Air,Chrome (Metallic),71.064,Army Painter,Warpaints Fanatic,Plate Mail Metal,WP3192P,"matched by product code; mech9 prints ""Plate Mail Metal (Metallic)""",https://www.mech9.com/p/vallejo-model-air-paint-conversion-table.html
Vallejo,Model Air,Chrome (Metallic),71.064,Army Painter,Warpaints Air,Plate Mail Metal,AW1130P,"matched by product code; mech9 prints ""Plate Mail Metal (Metallics)""",https://www.mech9.com/p/vallejo-model-air-paint-conversion-table.html
Vallejo,Model Air,Steel (Metallic),71.065,Vallejo,Game Air,Chainmail Silver,72.753,matched by product code,https://www.mech9.com/p/vallejo-model-air-paint-conversion-table.html
Vallejo,Model Air,Steel (Metallic),71.065,Vallejo,Mecha Metallic,Dark Steel,69.065,matched by product code; matched by product code,https://www.mech9.com/p/vallejo-model-air-paint-conversion-table.html
Vallejo,Model Air,Steel (Metallic),71.065,Vallejo,Mecha Metallic,Steel,69.063,matched by product code; matched by product code,https://www.mech9.com/p/vallejo-model-air-paint-conversion-table.html
Vallejo,Model Air,Gold (Metallic),71.066,Army Painter,Original Warpaints,Greedy Gold,WP1132P,"matched by product code; mech9 prints ""Greedy Gold (Metallics)""",https://www.mech9.com/p/vallejo-model-air-paint-conversion-table.html
Vallejo,Model Air,Gold (Metallic),71.066,Army Painter,Warpaints Fanatic,Greedy Gold,WP3188P,"matched by product code; mech9 prints ""Greedy Gold (Metallic)""",https://www.mech9.com/p/vallejo-model-air-paint-conversion-table.html
Vallejo,Model Air,Gold (Metallic),71.066,Army Painter,Warpaints Air,Greedy Gold,AW1132P,"matched by product code; mech9 prints ""Greedy Gold (Metallics)""",https://www.mech9.com/p/vallejo-model-air-paint-conversion-table.html
Vallejo,Model Air,Gold (Metallic),71.066,Vallejo,Game Air,Polished Gold,72.755,matched by product code,https://www.mech9.com/p/vallejo-model-air-paint-conversion-table.html
Vallejo,Model Air,Gold (Metallic),71.066,Vallejo,Game Air,Glorious Gold,72.756,matched by product code,https://www.mech9.com/p/vallejo-model-air-paint-conversion-table.html
Vallejo,Model Air,Gold (Metallic),71.066,AK Interactive,3GEN Acrylics,Gold,AK11191,matched by product code; matched by product code,https://www.mech9.com/p/vallejo-model-air-paint-conversion-table.html
Vallejo,Model Air,Copper (Metallic),71.068,Vallejo,Mecha Metallic,Copper,69.061,matched by product code; matched by product code,https://www.mech9.com/p/vallejo-model-air-paint-conversion-table.html
Vallejo,Model Air,Rust (Metallic),71.069,Vallejo,Mecha Metallic,Copper,69.061,matched by product code; matched by product code,https://www.mech9.com/p/vallejo-model-air-paint-conversion-table.html
Vallejo,Model Air,Rust (Metallic),71.069,AK Interactive,3GEN Acrylics,Copper XF6,AK11197,matched by product code; matched by product code,https://www.mech9.com/p/vallejo-model-air-paint-conversion-table.html
Vallejo,Model Air,Signal Red (Metal.),71.070,Vallejo,Mecha Metallic,Metallic Red,69.066,matched by product code; matched by product code,https://www.mech9.com/p/vallejo-model-air-paint-conversion-table.html
Vallejo,Model Air,Arctic Blue (Metal.),71.071,Vallejo,Mecha Metallic,Metallic Blue,69.067,matched by product code; matched by product code,https://www.mech9.com/p/vallejo-model-air-paint-conversion-table.html
Vallejo,Model Air,Gunmetal (Metal.),71.072,Vallejo,Game Air,Gunmetal,72.754,matched by product code,https://www.mech9.com/p/vallejo-model-air-paint-conversion-table.html
Vallejo,Model Air,Gunmetal (Metal.),71.072,Tamiya,Lacquer Paint,Gun Metal,LP19,matched by product code; matched by product code,https://www.mech9.com/p/vallejo-model-air-paint-conversion-table.html
Vallejo,Model Air,Gunmetal (Metal.),71.072,Vallejo,Hobby Paint,Gunmetal,28.031,matched by product code; matched by product code,https://www.mech9.com/p/vallejo-model-air-paint-conversion-table.html
Vallejo,Model Air,Gunmetal (Metal.),71.072,Vallejo,Game Air,Chainmail Silver,72.753,matched by product code,https://www.mech9.com/p/vallejo-model-air-paint-conversion-table.html
Vallejo,Model Air,Black (Metallic),71.073,Vallejo,Game Air,Gunmetal,72.754,matched by product code,https://www.mech9.com/p/vallejo-model-air-paint-conversion-table.html
Vallejo,Model Air,Black (Metallic),71.073,Tamiya,Lacquer Paint,Gun Metal,LP19,matched by product code; matched by product code,https://www.mech9.com/p/vallejo-model-air-paint-conversion-table.html
Vallejo,Model Air,Black (Metallic),71.073,Vallejo,Hobby Paint,Gunmetal,28.031,matched by product code; matched by product code,https://www.mech9.com/p/vallejo-model-air-paint-conversion-table.html
Vallejo,Model Air,Black (Metallic),71.073,Tamiya,Lacquer Paint,Dark Iron,LP54,matched by product code; matched by product code,https://www.mech9.com/p/vallejo-model-air-paint-conversion-table.html
Vallejo,Model Air,Black (Metallic),71.073,AK Interactive,3GEN Acrylics,Gun Metal X10,AK11212,matched by product code; matched by product code,https://www.mech9.com/p/vallejo-model-air-paint-conversion-table.html
Vallejo,Model Air,Beige,71.074,AK Interactive,3GEN Acrylics,Flesh,AK11051,matched by product code; matched by product code,https://www.mech9.com/p/vallejo-model-air-paint-conversion-table.html
Vallejo,Model Air,Beige,71.074,AK Interactive,3GEN Acrylics,Beige,AK11030,matched by product code; matched by product code,https://www.mech9.com/p/vallejo-model-air-paint-conversion-table.html
Vallejo,Model Air,Beige,71.074,AK Interactive,AIR Series,Radome Tan FS 33613,AK11870,matched by product code; matched by product code,https://www.mech9.com/p/vallejo-model-air-paint-conversion-table.html
Vallejo,Model Air,Beige,71.074,AK Interactive,Legacy Acrylics,FS 33613 Radome Tan,AK2053,matched by product code,https://www.mech9.com/p/vallejo-model-air-paint-conversion-table.html
Vallejo,Model Air,Ivory,71.075,AK Interactive,3GEN Acrylics,Grimy Grey,AK11008,matched by product code; matched by product code,https://www.mech9.com/p/vallejo-model-air-paint-conversion-table.html
Vallejo,Model Air,Ivory,71.075,Tamiya,Lacquer Paint,Dark Yellow 2,LP55,matched by product code; matched by product code,https://www.mech9.com/p/vallejo-model-air-paint-conversion-table.html
Vallejo,Model Air,Ivory,71.075,AK Interactive,3GEN Acrylics,Dark Sand,AK11033,matched by product code; matched by product code,https://www.mech9.com/p/vallejo-model-air-paint-conversion-table.html
Vallejo,Model Air,Ivory,71.075,AK Interactive,AFV Series,Cremeweiss,AK11333,matched by product code; matched by product code,https://www.mech9.com/p/vallejo-model-air-paint-conversion-table.html
Vallejo,Model Air,Ivory,71.075,AK Interactive,Legacy Acrylics,RAL Cremeweiss,AK092,matched by product code,https://www.mech9.com/p/vallejo-model-air-paint-conversion-table.html
Vallejo,Model Air,Skin Tone,71.076,Warhammer Colour,Layer,Bestigor Flesh,CT25,"matched by product code; mech9 prints ""Bestigor Flesh (Layer)""",https://www.mech9.com/p/vallejo-model-air-paint-conversion-table.html
Vallejo,Model Air,Skin Tone,71.076,Tamiya,Lacquer Paint,Flat Flesh,LP66,matched by product code; matched by product code,https://www.mech9.com/p/vallejo-model-air-paint-conversion-table.html
Vallejo,Model Air,Skin Tone,71.076,Army Painter,Original Warpaints,Barbarian Flesh,WP1126P,matched by product code,https://www.mech9.com/p/vallejo-model-air-paint-conversion-table.html
Vallejo,Model Air,Skin Tone,71.076,Army Painter,Warpaints Fanatic,Barbarian Flesh,WP3147P,matched by product code,https://www.mech9.com/p/vallejo-model-air-paint-conversion-table.html
Vallejo,Model Air,Skin Tone,71.076,Army Painter,Warpaints Air,Barbarian Flesh,AW1126P,matched by product code,https://www.mech9.com/p/vallejo-model-air-paint-conversion-table.html
Vallejo,Model Air,Skin Tone,71.076,AK Interactive,3GEN Acrylics,Pale Sand,AK11032,matched by product code; matched by product code,https://www.mech9.com/p/vallejo-model-air-paint-conversion-table.html
Vallejo,Model Air,Skin Tone,71.076,AK Interactive,3GEN Acrylics,Dark Flesh,AK11056,matched by product code; matched by product code,https://www.mech9.com/p/vallejo-model-air-paint-conversion-table.html
Vallejo,Model Air,Skin Tone,71.076,AK Interactive,3GEN Acrylics,Skin Tone,AK11055,matched by product code; matched by product code,https://www.mech9.com/p/vallejo-model-air-paint-conversion-table.html
Vallejo,Model Air,Wood,71.077,AK Interactive,3GEN Acrylics,Flesh Tone,AK11054,matched by product code; matched by product code,https://www.mech9.com/p/vallejo-model-air-paint-conversion-table.html
Vallejo,Model Air,Yellow RLM04,71.078,Vallejo,Mecha Color,Yellow,69.004,matched by product code; matched by product code,https://www.mech9.com/p/vallejo-model-air-paint-conversion-table.html
Vallejo,Model Air,Yellow RLM04,71.078,AK Interactive,AIR Series,RLM 04,AK11813,matched by product code; matched by product code,https://www.mech9.com/p/vallejo-model-air-paint-conversion-table.html
Vallejo,Model Air,Rust,71.080,Vallejo,Panzer Aces,Flesh Shadows,70.343,matched by product code,https://www.mech9.com/p/vallejo-model-air-paint-conversion-table.html
Vallejo,Model Air,Rust,71.080,AK Interactive,3GEN Acrylics,Saddle Brown XF-79,AK11104,matched by product code; matched by product code,https://www.mech9.com/p/vallejo-model-air-paint-conversion-table.html
Vallejo,Model Air,Orange,71.083,Warhammer Colour,Layer,Troll Slayer Orange,CT175,"matched by product code; mech9 prints ""Troll Slayer Orange (Layer)""",https://www.mech9.com/p/vallejo-model-air-paint-conversion-table.html
Vallejo,Model Air,Orange,71.083,AK Interactive,3GEN Acrylics,Burn Orange X-6,AK11079,matched by product code; matched by product code,https://www.mech9.com/p/vallejo-model-air-paint-conversion-table.html
Vallejo,Model Air,Orange,71.083,Army Painter,Original Warpaints,Mythical Orange,WP1442P,matched by product code,https://www.mech9.com/p/vallejo-model-air-paint-conversion-table.html
Vallejo,Model Air,Orange,71.083,Army Painter,Warpaints Fanatic,Burning Ore,WP3098P,matched by product code,https://www.mech9.com/p/vallejo-model-air-paint-conversion-table.html
Vallejo,Model Air,Orange,71.083,Army Painter,Warpaints Air,Archangel Red,AW4104P,matched by product code,https://www.mech9.com/p/vallejo-model-air-paint-conversion-table.html
Vallejo,Model Air,Orange,71.083,Vallejo,Game Air,Hot Orange,72.709,matched by product code,https://www.mech9.com/p/vallejo-model-air-paint-conversion-table.html
Vallejo,Model Air,Orange,71.083,Vallejo,Mecha Color,Red,69.008,matched by product code; matched by product code,https://www.mech9.com/p/vallejo-model-air-paint-conversion-table.html
Vallejo,Model Air,Orange,71.083,Army Painter,Original Warpaints,Chaotic Red,WP1142P,matched by product code,https://www.mech9.com/p/vallejo-model-air-paint-conversion-table.html
Vallejo,Model Air,Orange,71.083,Army Painter,Warpaints Fanatic,Carnelian Skin,WP3151P,matched by product code,https://www.mech9.com/p/vallejo-model-air-paint-conversion-table.html
Vallejo,Model Air,Orange,71.083,Army Painter,Warpaints Air,Chaotic Red,AW1142P,matched by product code,https://www.mech9.com/p/vallejo-model-air-paint-conversion-table.html
Vallejo,Model Air,Fire Red,71.084,Vallejo,Mecha Color,Dark Red,69.011,matched by product code; matched by product code,https://www.mech9.com/p/vallejo-model-air-paint-conversion-table.html
Vallejo,Model Air,Fire Red,71.084,Vallejo,Hobby Paint,Scarlet Red,28.016,matched by product code; matched by product code,https://www.mech9.com/p/vallejo-model-air-paint-conversion-table.html
Vallejo,Model Air,Ferrari Red,71.085,Warhammer Colour,Layer,Troll Slayer Orange,CT175,"matched by product code; mech9 prints ""Troll Slayer Orange (Layer)""",https://www.mech9.com/p/vallejo-model-air-paint-conversion-table.html
Vallejo,Model Air,Ferrari Red,71.085,Vallejo,Game Air,Hot Orange,72.709,matched by product code,https://www.mech9.com/p/vallejo-model-air-paint-conversion-table.html
Vallejo,Model Air,Ferrari Red,71.085,Vallejo,Mecha Color,Red,69.008,matched by product code; matched by product code,https://www.mech9.com/p/vallejo-model-air-paint-conversion-table.html
Vallejo,Model Air,Ferrari Red,71.085,AK Interactive,3GEN Acrylics,Matt Red,AK11092,matched by product code; matched by product code,https://www.mech9.com/p/vallejo-model-air-paint-conversion-table.html
Vallejo,Model Air,Steel Blue,71.087,Vallejo,Mecha Color,Titan Dark Blue,69.022,matched by product code; matched by product code,https://www.mech9.com/p/vallejo-model-air-paint-conversion-table.html
Vallejo,Model Air,Steel Blue,71.087,AK Interactive,3GEN Acrylics,Dark Sea Blue XF17,AK11190,matched by product code; matched by product code,https://www.mech9.com/p/vallejo-model-air-paint-conversion-table.html
Vallejo,Model Air,French Blue,71.088,Warhammer Colour,Base,Macragge Blue,CT107,"matched by product code; mech9 prints ""Macragge Blue (Base)""",https://www.mech9.com/p/vallejo-model-air-paint-conversion-table.html
Vallejo,Model Air,French Blue,71.088,Vallejo,Game Air,Ultramarine Blue,72.722,matched by product code,https://www.mech9.com/p/vallejo-model-air-paint-conversion-table.html
Vallejo,Model Air,French Blue,71.088,Vallejo,Hobby Paint,Ultramarine Blue,28.017,matched by product code; matched by product code,https://www.mech9.com/p/vallejo-model-air-paint-conversion-table.html
Vallejo,Model Air,French Blue,71.088,Army Painter,Warpaints Fanatic,Gothic Blue,WP3020P,matched by product code,https://www.mech9.com/p/vallejo-model-air-paint-conversion-table.html
Vallejo,Model Air,French Blue,71.088,AK Interactive,3GEN Acrylics,Dark Blue,AK11181,matched by product code; matched by product code,https://www.mech9.com/p/vallejo-model-air-paint-conversion-table.html
Vallejo,Model Air,French Blue,71.088,Army Painter,Original Warpaints,Dark Sky,WP1415P,matched by product code,https://www.mech9.com/p/vallejo-model-air-paint-conversion-table.html
Vallejo,Model Air,Light Sea Blue,71.089,AK Interactive,3GEN Acrylics,Deep Sky Blue,AK11176,matched by product code; matched by product code,https://www.mech9.com/p/vallejo-model-air-paint-conversion-table.html
Vallejo,Model Air,Light Sea Blue,71.089,AK Interactive,AIR Series,AII Light Blue,AK2253,matched by product code,https://www.mech9.com/p/vallejo-model-air-paint-conversion-table.html
Vallejo,Model Air,Deep Sky,71.090,Warhammer Colour,Base,Night Lords Blue,CT265,"matched by product code; mech9 prints ""Night Lords Blue (Base)""",https://www.mech9.com/p/vallejo-model-air-paint-conversion-table.html
Vallejo,Model Air,Deep Sky,71.090,Vallejo,Game Air,Night Blue,76.019,matched by product code,https://www.mech9.com/p/vallejo-model-air-paint-conversion-table.html
Vallejo,Model Air,Deep Sky,71.090,Army Painter,Original Warpaints,Deep Blue,WP1116P,matched by product code,https://www.mech9.com/p/vallejo-model-air-paint-conversion-table.html
Vallejo,Model Air,Deep Sky,71.090,Army Painter,Warpaints Fanatic,Imperial Navy,WP3025P,matched by product code,https://www.mech9.com/p/vallejo-model-air-paint-conversion-table.html
Vallejo,Model Air,Deep Sky,71.090,AK Interactive,3GEN Acrylics,Imperial Blue,AK11180,matched by product code; matched by product code,https://www.mech9.com/p/vallejo-model-air-paint-conversion-table.html
Vallejo,Model Air,Medium Olive,71.092,AK Interactive,3GEN Acrylics,Faded Green,AK11135,matched by product code; matched by product code,https://www.mech9.com/p/vallejo-model-air-paint-conversion-table.html
Vallejo,Model Air,Medium Olive,71.092,Tamiya,Lacquer Paint,Olive Drab,LP28,matched by product code; matched by product code,https://www.mech9.com/p/vallejo-model-air-paint-conversion-table.html
Vallejo,Model Air,Medium Olive,71.092,Vallejo,Panzer Aces,Splinter Strips,70.348,matched by product code,https://www.mech9.com/p/vallejo-model-air-paint-conversion-table.html
Vallejo,Model Air,Medium Olive,71.092,Tamiya,Lacquer Paint,Dark Green (JGSDF),LP26,matched by product code; matched by product code,https://www.mech9.com/p/vallejo-model-air-paint-conversion-table.html
Vallejo,Model Air,Medium Olive,71.092,Vallejo,Hobby Paint,US Olive Drab,28.005,matched by product code; matched by product code,https://www.mech9.com/p/vallejo-model-air-paint-conversion-table.html
Vallejo,Model Air,Medium Olive,71.092,Tamiya,Lacquer Paint,Olive Drab 2,LP29,matched by product code; matched by product code,https://www.mech9.com/p/vallejo-model-air-paint-conversion-table.html
Vallejo,Model Air,Medium Olive,71.092,AK Interactive,AFV Series,RAL 6003 Olivgrün opt.1,AK11309,matched by product code; matched by product code,https://www.mech9.com/p/vallejo-model-air-paint-conversion-table.html
Vallejo,Model Air,NATO Green,71.093,Tamiya,Lacquer Paint,Nato Green,LP58,matched by product code; matched by product code,https://www.mech9.com/p/vallejo-model-air-paint-conversion-table.html
Vallejo,Model Air,NATO Green,71.093,AK Interactive,3GEN Acrylics,Command Green,AK11155,matched by product code; matched by product code,https://www.mech9.com/p/vallejo-model-air-paint-conversion-table.html
Vallejo,Model Air,Green Zinc Chrom.,71.094,AK Interactive,3GEN Acrylics,Olive Green,AK11148,matched by product code; matched by product code,https://www.mech9.com/p/vallejo-model-air-paint-conversion-table.html
Vallejo,Model Air,Green Zinc Chrom.,71.094,AK Interactive,AIR Series,Green FS 34258,AK11876,matched by product code; matched by product code,https://www.mech9.com/p/vallejo-model-air-paint-conversion-table.html
Vallejo,Model Air,Green Zinc Chrom.,71.094,AK Interactive,Legacy Acrylics,FS 34258 Green,AK2153,matched by product code,https://www.mech9.com/p/vallejo-model-air-paint-conversion-table.html
Vallejo,Model Air,Pale Green,71.095,Warhammer Colour,Base,Caliban Green,CT36,"matched by product code; mech9 prints ""Caliban Green (Base)""",https://www.mech9.com/p/vallejo-model-air-paint-conversion-table.html
Vallejo,Model Air,Pale Green,71.095,Vallejo,Game Air,Dark Green,72.728,matched by product code,https://www.mech9.com/p/vallejo-model-air-paint-conversion-table.html
Vallejo,Model Air,Pale Green,71.095,Army Painter,Original Warpaints,Angel Green,WP1112P,matched by product code,https://www.mech9.com/p/vallejo-model-air-paint-conversion-table.html
Vallejo,Model Air,Pale Green,71.095,Vallejo,Hobby Paint,Dark Green,28.026,matched by product code; matched by product code,https://www.mech9.com/p/vallejo-model-air-paint-conversion-table.html
Vallejo,Model Air,Pale Green,71.095,Army Painter,Warpaints Fanatic,Angel Green,WP3049P,matched by product code,https://www.mech9.com/p/vallejo-model-air-paint-conversion-table.html
Vallejo,Model Air,Pale Green,71.095,Army Painter,Warpaints Air,Angel Green,AW1112P,matched by product code,https://www.mech9.com/p/vallejo-model-air-paint-conversion-table.html
Vallejo,Model Air,Med. Gunship Gray,71.097,Vallejo,Game Air,Cold Grey,72.750,matched by product code,https://www.mech9.com/p/vallejo-model-air-paint-conversion-table.html
Vallejo,Model Air,Med. Gunship Gray,71.097,AK Interactive,AIR Series,RLM 75,AK11826,matched by product code; matched by product code,https://www.mech9.com/p/vallejo-model-air-paint-conversion-table.html
Vallejo,Model Air,Med. Gunship Gray,71.097,AK Interactive,AIR Series,Gunship Grey FS 36118,AK11881,matched by product code; matched by product code,https://www.mech9.com/p/vallejo-model-air-paint-conversion-table.html
Vallejo,Model Air,Med. Gunship Gray,71.097,AK Interactive,Legacy Acrylics,FS 36118 Medium Gunship Grey,AK2144,matched by product code,https://www.mech9.com/p/vallejo-model-air-paint-conversion-table.html
Vallejo,Model Air,Light Blue RLM78,71.101,AK Interactive,3GEN Acrylics,Spectrum Blue,AK11162,matched by product code; matched by product code,https://www.mech9.com/p/vallejo-model-air-paint-conversion-table.html
Vallejo,Model Air,Light Blue RLM78,71.101,AK Interactive,3GEN Acrylics,Pale Blue,AK11161,matched by product code; matched by product code,https://www.mech9.com/p/vallejo-model-air-paint-conversion-table.html
Vallejo,Model Air,Light Blue RLM78,71.101,AK Interactive,AIR Series,RLM 78 (1942),AK11831,matched by product code; matched by product code,https://www.mech9.com/p/vallejo-model-air-paint-conversion-table.html
Vallejo,Model Air,Grey Blue RLM84,71.103,AK Interactive,3GEN Acrylics,White,AK11005,matched by product code; matched by product code,https://www.mech9.com/p/vallejo-model-air-paint-conversion-table.html
Vallejo,Model Air,Grey Blue RLM84,71.103,AK Interactive,AIR Series,RLM 76 Late War Variation,AK11829,matched by product code; matched by product code,https://www.mech9.com/p/vallejo-model-air-paint-conversion-table.html
Vallejo,Model Air,Grey Blue RLM84,71.103,Vallejo,Mecha Color,Green,69.026,matched by product code; matched by product code,https://www.mech9.com/p/vallejo-model-air-paint-conversion-table.html
Vallejo,Model Air,Grey Blue RLM84,71.103,AK Interactive,3GEN Acrylics,Green-Grey,AK11132,matched by product code; matched by product code,https://www.mech9.com/p/vallejo-model-air-paint-conversion-table.html
Vallejo,Model Air,Green RLM62,71.104,Tamiya,Lacquer Paint,Dark Green (JGSDF),LP26,matched by product code; matched by product code,https://www.mech9.com/p/vallejo-model-air-paint-conversion-table.html
Vallejo,Model Air,Green RLM62,71.104,AK Interactive,AIR Series,RLM 62,AK11815,matched by product code; matched by product code,https://www.mech9.com/p/vallejo-model-air-paint-conversion-table.html
Vallejo,Model Air,Green RLM62,71.104,Vallejo,Hobby Paint,US Olive Drab,28.005,matched by product code; matched by product code,https://www.mech9.com/p/vallejo-model-air-paint-conversion-table.html
Vallejo,Model Air,Brown RLM26,71.105,Vallejo,Panzer Aces,Light Rust,70.301,matched by product code,https://www.mech9.com/p/vallejo-model-air-paint-conversion-table.html
Vallejo,Model Air,Brown RLM26,71.105,Vallejo,Game Air,Gory Red,72.711,matched by product code,https://www.mech9.com/p/vallejo-model-air-paint-conversion-table.html
Vallejo,Model Air,Brown RLM26,71.105,AK Interactive,Figures Series,Dark Shadow Flesh,AK11405,matched by product code; matched by product code,https://www.mech9.com/p/vallejo-model-air-paint-conversion-table.html
Vallejo,Model Air,Brown RLM26,71.105,Army Painter,Original Warpaints,Dragon Red,WP1105P,matched by product code,https://www.mech9.com/p/vallejo-model-air-paint-conversion-table.html
Vallejo,Model Air,Brown RLM26,71.105,Vallejo,Hobby Paint,Gory Red,28.029,matched by product code; matched by product code,https://www.mech9.com/p/vallejo-model-air-paint-conversion-table.html
Vallejo,Model Air,Ivory RLM05,71.106,AK Interactive,3GEN Acrylics,Yellow,AK11039,matched by product code; matched by product code,https://www.mech9.com/p/vallejo-model-air-paint-conversion-table.html
Vallejo,Model Air,US Interior Yellow,71.107,Vallejo,Panzer Aces,Japanese Tank Crew,70.328,matched by product code,https://www.mech9.com/p/vallejo-model-air-paint-conversion-table.html
Vallejo,Model Air,US Interior Yellow,71.107,AK Interactive,3GEN Acrylics,Yellow Green,AK11138,matched by product code; matched by product code,https://www.mech9.com/p/vallejo-model-air-paint-conversion-table.html
Vallejo,Model Air,US Interior Yellow,71.107,AK Interactive,AIR Series,Zinc Chromate Yellow,AK11858,matched by product code; matched by product code,https://www.mech9.com/p/vallejo-model-air-paint-conversion-table.html
Vallejo,Model Air,US Interior Yellow,71.107,AK Interactive,3GEN Acrylics,Ochre,AK11118,matched by product code; matched by product code,https://www.mech9.com/p/vallejo-model-air-paint-conversion-table.html
Vallejo,Model Air,UK Azure Blue,71.108,AK Interactive,AIR Series,RAF Azure Blue,AK11845,matched by product code; matched by product code,https://www.mech9.com/p/vallejo-model-air-paint-conversion-table.html
Vallejo,Model Air,Faded P.R.U. Blue,71.109,Vallejo,Mecha Color,Grey Green,69.014,matched by product code; matched by product code,https://www.mech9.com/p/vallejo-model-air-paint-conversion-table.html
Vallejo,Model Air,Faded P.R.U. Blue,71.109,AK Interactive,AIR Series,RAF PRU Blue BS381C/636,AK11852,matched by product code; matched by product code,https://www.mech9.com/p/vallejo-model-air-paint-conversion-table.html
Vallejo,Model Air,Faded P.R.U. Blue,71.109,AK Interactive,AIR Series,M-485 Blue-Grey,AK11865,matched by product code; matched by product code,https://www.mech9.com/p/vallejo-model-air-paint-conversion-table.html
Vallejo,Model Air,Faded P.R.U. Blue,71.109,AK Interactive,Legacy Acrylics,M-485 Light Gray,AK2231,matched by product code,https://www.mech9.com/p/vallejo-model-air-paint-conversion-table.html
Vallejo,Model Air,Dark Gray,71.110,AK Interactive,3GEN Acrylics,Lead Grey,AK11023,matched by product code; matched by product code,https://www.mech9.com/p/vallejo-model-air-paint-conversion-table.html
Vallejo,Model Air,Dark Gray,71.110,AK Interactive,AIR Series,Extra Dark Sea Grey BS381C/640,AK11850,matched by product code; matched by product code,https://www.mech9.com/p/vallejo-model-air-paint-conversion-table.html
Vallejo,Model Air,USAF Light Blue,71.111,AK Interactive,AIR Series,Aggressor Blue FS 35109,AK11877,matched by product code; matched by product code,https://www.mech9.com/p/vallejo-model-air-paint-conversion-table.html
Vallejo,Model Air,IDF Blue,71.113,AK Interactive,AIR Series,RAF PRU Blue BS381C/636,AK11852,matched by product code; matched by product code,https://www.mech9.com/p/vallejo-model-air-paint-conversion-table.html
Vallejo,Model Air,Blue Grey,71.115,Vallejo,Mecha Color,Phantom Grey,69.040,matched by product code; matched by product code,https://www.mech9.com/p/vallejo-model-air-paint-conversion-table.html
Vallejo,Model Air,Blue Grey,71.115,Tamiya,Lacquer Paint,IJN Gray (Sasebo Arsenal),LP13,matched by product code; matched by product code,https://www.mech9.com/p/vallejo-model-air-paint-conversion-table.html
Vallejo,Model Air,Blue Grey,71.115,AK Interactive,3GEN Acrylics,English Grey,AK11020,matched by product code; matched by product code,https://www.mech9.com/p/vallejo-model-air-paint-conversion-table.html
Vallejo,Model Air,Camou. Grey Green,71.116,AK Interactive,3GEN Acrylics,Green-Brown,AK11126,matched by product code; matched by product code,https://www.mech9.com/p/vallejo-model-air-paint-conversion-table.html
Vallejo,Model Air,Camou. Grey Green,71.116,AK Interactive,AFV Series,RAL 7008 Graugrün,AK11313,matched by product code; matched by product code,https://www.mech9.com/p/vallejo-model-air-paint-conversion-table.html
Vallejo,Model Air,Camouflage Brown,71.117,Warhammer Colour,Layer,Bestigor Flesh,CT25,"matched by product code; mech9 prints ""Bestigor Flesh (Layer)""",https://www.mech9.com/p/vallejo-model-air-paint-conversion-table.html
Vallejo,Model Air,Camouflage Brown,71.117,Tamiya,Lacquer Paint,Flat Flesh,LP66,matched by product code; matched by product code,https://www.mech9.com/p/vallejo-model-air-paint-conversion-table.html
Vallejo,Model Air,Camouflage Brown,71.117,Army Painter,Original Warpaints,Barbarian Flesh,WP1126P,matched by product code,https://www.mech9.com/p/vallejo-model-air-paint-conversion-table.html
Vallejo,Model Air,Camouflage Brown,71.117,Army Painter,Warpaints Fanatic,Barbarian Flesh,WP3147P,matched by product code,https://www.mech9.com/p/vallejo-model-air-paint-conversion-table.html
Vallejo,Model Air,Camouflage Brown,71.117,Army Painter,Warpaints Air,Barbarian Flesh,AW1126P,matched by product code,https://www.mech9.com/p/vallejo-model-air-paint-conversion-table.html
Vallejo,Model Air,Camouflage Brown,71.117,AK Interactive,3GEN Acrylics,Green Ochre,AK11122,matched by product code; matched by product code,https://www.mech9.com/p/vallejo-model-air-paint-conversion-table.html
Vallejo,Model Air,Camouflage Brown,71.117,AK Interactive,AFV Series,RAL 8020 Braun,AK11331,matched by product code; matched by product code,https://www.mech9.com/p/vallejo-model-air-paint-conversion-table.html
Vallejo,Model Air,Camouflage Brown,71.117,AK Interactive,Legacy Acrylics,RAL 8020 Gelbbraun,AK700,matched by product code,https://www.mech9.com/p/vallejo-model-air-paint-conversion-table.html
Vallejo,Model Air,Camouflage Grey,71.118,Vallejo,Panzer Aces,German Tank Crew II Highlights,70.339,matched by product code,https://www.mech9.com/p/vallejo-model-air-paint-conversion-table.html
Vallejo,Model Air,Camouflage Grey,71.118,AK Interactive,3GEN Acrylics,Green-Brown,AK11126,matched by product code; matched by product code,https://www.mech9.com/p/vallejo-model-air-paint-conversion-table.html
Vallejo,Model Air,Camouflage Grey,71.118,AK Interactive,AFV Series,RAL 7027 Grau,AK11317,matched by product code; matched by product code,https://www.mech9.com/p/vallejo-model-air-paint-conversion-table.html
Vallejo,Model Air,White Grey,71.119,AK Interactive,AIR Series,Light Aircraft Grey BS381C/627,AK11853,matched by product code; matched by product code,https://www.mech9.com/p/vallejo-model-air-paint-conversion-table.html
Vallejo,Model Air,White Grey,71.119,AK Interactive,3GEN Acrylics,Silver Grey,AK11006,matched by product code; matched by product code,https://www.mech9.com/p/vallejo-model-air-paint-conversion-table.html
Vallejo,Model Air,Dark Ghost Gray,71.120,Vallejo,Mecha Color,Grey,69.037,matched by product code; matched by product code,https://www.mech9.com/p/vallejo-model-air-paint-conversion-table.html
Vallejo,Model Air,Dark Ghost Gray,71.120,AK Interactive,AIR Series,Dark Ghost Grey FS 36320,AK11887,matched by product code; matched by product code,https://www.mech9.com/p/vallejo-model-air-paint-conversion-table.html
Vallejo,Model Air,Light Gull Gray,71.121,AK Interactive,AIR Series,Light Gull Grey FS 16440,AK11866,matched by product code; matched by product code,https://www.mech9.com/p/vallejo-model-air-paint-conversion-table.html
Vallejo,Model Air,US Desert Arm. 686,71.122,AK Interactive,AFV Series,CARC Tan 686A (FS33446),AK11349,matched by product code; matched by product code,https://www.mech9.com/p/vallejo-model-air-paint-conversion-table.html
Vallejo,Model Air,US Desert Arm. 686,71.122,AK Interactive,Legacy Acrylics,Oif & Oef &#8211; Us Vehicles Base Color,AK122,matched by product code,https://www.mech9.com/p/vallejo-model-air-paint-conversion-table.html
Vallejo,Model Air,Dark Grey RLM42,71.123,AK Interactive,3GEN Acrylics,Ash Grey,AK11024,matched by product code; matched by product code,https://www.mech9.com/p/vallejo-model-air-paint-conversion-table.html
Vallejo,Model Air,USAF Green,71.124,AK Interactive,AIR Series,Green FS 34258,AK11876,matched by product code; matched by product code,https://www.mech9.com/p/vallejo-model-air-paint-conversion-table.html
Vallejo,Model Air,USAF Green,71.124,AK Interactive,Legacy Acrylics,FS 34258 Green,AK2153,matched by product code,https://www.mech9.com/p/vallejo-model-air-paint-conversion-table.html
Vallejo,Model Air,USAF Green,71.124,AK Interactive,3GEN Acrylics,Dark Green-Grey,AK11133,matched by product code; matched by product code,https://www.mech9.com/p/vallejo-model-air-paint-conversion-table.html
Vallejo,Model Air,USAF Green,71.124,AK Interactive,AIR Series,Dull Dark Green FS 34092,AK11873,matched by product code; matched by product code,https://www.mech9.com/p/vallejo-model-air-paint-conversion-table.html
Vallejo,Model Air,USAF Brown,71.125,Warhammer Colour,Base,XV-88,CT198,"matched by product code; mech9 prints ""XV-88 (Base)""",https://www.mech9.com/p/vallejo-model-air-paint-conversion-table.html
Vallejo,Model Air,USAF Brown,71.125,Vallejo,Game Air,Leather Brown,72.740,matched by product code,https://www.mech9.com/p/vallejo-model-air-paint-conversion-table.html
Vallejo,Model Air,USAF Brown,71.125,Vallejo,Hobby Paint,Leather Brown,28.014,matched by product code; matched by product code,https://www.mech9.com/p/vallejo-model-air-paint-conversion-table.html
Vallejo,Model Air,IDF/IAF Green,71.126,Warhammer Colour,Base,Caliban Green,CT36,"matched by product code; mech9 prints ""Caliban Green (Base)""",https://www.mech9.com/p/vallejo-model-air-paint-conversion-table.html
Vallejo,Model Air,IDF/IAF Green,71.126,Vallejo,Game Air,Dark Green,72.728,matched by product code,https://www.mech9.com/p/vallejo-model-air-paint-conversion-table.html
Vallejo,Model Air,IDF/IAF Green,71.126,Army Painter,Original Warpaints,Angel Green,WP1112P,matched by product code,https://www.mech9.com/p/vallejo-model-air-paint-conversion-table.html
Vallejo,Model Air,IDF/IAF Green,71.126,Vallejo,Hobby Paint,Dark Green,28.026,matched by product code; matched by product code,https://www.mech9.com/p/vallejo-model-air-paint-conversion-table.html
Vallejo,Model Air,IDF/IAF Green,71.126,Army Painter,Warpaints Fanatic,Angel Green,WP3049P,matched by product code,https://www.mech9.com/p/vallejo-model-air-paint-conversion-table.html
Vallejo,Model Air,IDF/IAF Green,71.126,Army Painter,Warpaints Air,Angel Green,AW1112P,matched by product code,https://www.mech9.com/p/vallejo-model-air-paint-conversion-table.html
Vallejo,Model Air,IDF/IAF Green,71.126,AK Interactive,3GEN Acrylics,Green,AK11149,matched by product code; matched by product code,https://www.mech9.com/p/vallejo-model-air-paint-conversion-table.html
Vallejo,Model Air,Light Rust,71.129,Warhammer Colour,Layer,Skrag Brown,CT147,"matched by product code; mech9 prints ""Skrag Brown (Layer)""",https://www.mech9.com/p/vallejo-model-air-paint-conversion-table.html
Vallejo,Model Air,Light Rust,71.129,Vallejo,Game Air,Parasite Brown,72.742,matched by product code,https://www.mech9.com/p/vallejo-model-air-paint-conversion-table.html
Vallejo,Model Air,Light Rust,71.129,Army Painter,Original Warpaints,Tanned Flesh,WP1127P,matched by product code,https://www.mech9.com/p/vallejo-model-air-paint-conversion-table.html
Vallejo,Model Air,Orange Rust,71.130,Warhammer Colour,Layer,Fire Dragon Bright,CT66,"matched by product code; mech9 prints ""Fire Dragon Bright (Layer)""",https://www.mech9.com/p/vallejo-model-air-paint-conversion-table.html
Vallejo,Model Air,Orange Rust,71.130,Vallejo,Game Air,Orange Fire,72.708,matched by product code,https://www.mech9.com/p/vallejo-model-air-paint-conversion-table.html
Vallejo,Model Air,Orange Rust,71.130,AK Interactive,3GEN Acrylics,Yellow,AK11042,matched by product code; matched by product code,https://www.mech9.com/p/vallejo-model-air-paint-conversion-table.html
Vallejo,Model Air,Orange Rust,71.130,Army Painter,Original Warpaints,Lava Orange,WP1106P,matched by product code,https://www.mech9.com/p/vallejo-model-air-paint-conversion-table.html
Vallejo,Model Air,Orange Rust,71.130,Army Painter,Warpaints Fanatic,Lava Orange,WP3099P,matched by product code,https://www.mech9.com/p/vallejo-model-air-paint-conversion-table.html
Vallejo,Model Air,Orange Rust,71.130,Army Painter,Warpaints Air,Lava Orange,AW1106P,matched by product code,https://www.mech9.com/p/vallejo-model-air-paint-conversion-table.html
Vallejo,Model Air,Concrete,71.131,Warhammer Colour,Base,Zandri Dust,CT201,"matched by product code; mech9 prints ""Zandri Dust (Base)""",https://www.mech9.com/p/vallejo-model-air-paint-conversion-table.html
Vallejo,Model Air,Concrete,71.131,Vallejo,Game Air,Khaki,72.761,matched by product code,https://www.mech9.com/p/vallejo-model-air-paint-conversion-table.html
Vallejo,Model Air,Concrete,71.131,Vallejo,Mecha Color,Grey Sand,69.031,matched by product code; matched by product code,https://www.mech9.com/p/vallejo-model-air-paint-conversion-table.html
Vallejo,Model Air,Aged White,71.132,Vallejo,Panzer Aces,German White Tank Crew,70.344,matched by product code,https://www.mech9.com/p/vallejo-model-air-paint-conversion-table.html
Vallejo,Model Air,IJA Chrome Yellow,71.135,Tamiya,Lacquer Paint,Pure Yellow,LP8,matched by product code; matched by product code,https://www.mech9.com/p/vallejo-model-air-paint-conversion-table.html
Vallejo,Model Air,IJA Chrome Yellow,71.135,AK Interactive,3GEN Acrylics,Dirty Yellow,AK11043,matched by product code; matched by product code,https://www.mech9.com/p/vallejo-model-air-paint-conversion-table.html
Vallejo,Model Air,IJA Earth Brown,71.136,Vallejo,Panzer Aces,German Tank Crew II Highlights,70.339,matched by product code,https://www.mech9.com/p/vallejo-model-air-paint-conversion-table.html
Vallejo,Model Air,IJA Earth Brown,71.136,AK Interactive,3GEN Acrylics,Green-Brown,AK11126,matched by product code; matched by product code,https://www.mech9.com/p/vallejo-model-air-paint-conversion-table.html
Vallejo,Model Air,US Light Green,71.137,AK Interactive,3GEN Acrylics,Olive Green,AK11148,matched by product code; matched by product code,https://www.mech9.com/p/vallejo-model-air-paint-conversion-table.html
Vallejo,Model Air,US Light Green,71.137,Vallejo,Panzer Aces,Japanese Tank Crew,70.328,matched by product code,https://www.mech9.com/p/vallejo-model-air-paint-conversion-table.html
Vallejo,Model Air,US Light Green,71.137,AK Interactive,3GEN Acrylics,Yellow Green,AK11138,matched by product code; matched by product code,https://www.mech9.com/p/vallejo-model-air-paint-conversion-table.html
Vallejo,Model Air,US Light Green,71.137,AK Interactive,AFV Series,Nº1 Light Green (FS34151),AK11335,matched by product code; matched by product code,https://www.mech9.com/p/vallejo-model-air-paint-conversion-table.html
Vallejo,Model Air,US Light Green,71.137,AK Interactive,Legacy Acrylics,Light Green Nº1 (FS34151),AK4214,matched by product code,https://www.mech9.com/p/vallejo-model-air-paint-conversion-table.html
Vallejo,Model Air,US Sand,71.138,Vallejo,Panzer Aces,Highlight Japanese Tank Crew,70.332,matched by product code,https://www.mech9.com/p/vallejo-model-air-paint-conversion-table.html
Vallejo,Model Air,US Sand,71.138,AK Interactive,AFV Series,MERDC Sand (FS30277),AK11343,matched by product code; matched by product code,https://www.mech9.com/p/vallejo-model-air-paint-conversion-table.html
Vallejo,Model Air,US Sand,71.138,AK Interactive,Figures Series,Canvas Tone,AK11436,matched by product code; matched by product code,https://www.mech9.com/p/vallejo-model-air-paint-conversion-table.html
Vallejo,Model Air,US Sand,71.138,Vallejo,Hobby Paint,US Khaki,28.009,matched by product code; matched by product code,https://www.mech9.com/p/vallejo-model-air-paint-conversion-table.html
Vallejo,Model Air,US Field Drab,71.139,AK Interactive,AFV Series,Field Drab (FS30118),AK11344,matched by product code; matched by product code,https://www.mech9.com/p/vallejo-model-air-paint-conversion-table.html
Vallejo,Model Air,US Field Drab,71.139,Warhammer Colour,Base,Steel Legion Drab,CT155,"matched by product code; mech9 prints ""Steel Legion Drab (Base)""",https://www.mech9.com/p/vallejo-model-air-paint-conversion-table.html
Vallejo,Model Air,US Field Drab,71.139,Vallejo,Game Air,Earth,72.762,matched by product code,https://www.mech9.com/p/vallejo-model-air-paint-conversion-table.html
Vallejo,Model Air,US Field Drab,71.139,Vallejo,Hobby Paint,English Uniform,28.008,matched by product code; matched by product code,https://www.mech9.com/p/vallejo-model-air-paint-conversion-table.html
Vallejo,Model Air,US Field Drab,71.139,Army Painter,Warpaints Fanatic,Mocca Skin,WP3159P,matched by product code,https://www.mech9.com/p/vallejo-model-air-paint-conversion-table.html
Vallejo,Model Air,US Desert Sand,71.140,AK Interactive,3GEN Acrylics,Grimy Grey,AK11008,matched by product code; matched by product code,https://www.mech9.com/p/vallejo-model-air-paint-conversion-table.html
Vallejo,Model Air,US Desert Sand,71.140,AK Interactive,3GEN Acrylics,Tan Earth,AK11121,matched by product code; matched by product code,https://www.mech9.com/p/vallejo-model-air-paint-conversion-table.html
Vallejo,Model Air,US Desert Sand,71.140,AK Interactive,AFV Series,Nº13 Desert Sand (FS30279),AK11340,matched by product code; matched by product code,https://www.mech9.com/p/vallejo-model-air-paint-conversion-table.html
Vallejo,Model Air,IDF Sand Grey 73,71.141,Warhammer Colour,Layer,Karak Stone,CT92,"matched by product code; mech9 prints ""Karak Stone (Layer)""",https://www.mech9.com/p/vallejo-model-air-paint-conversion-table.html
Vallejo,Model Air,IDF Sand Grey 73,71.141,AK Interactive,3GEN Acrylics,Flesh,AK11058,matched by product code; matched by product code,https://www.mech9.com/p/vallejo-model-air-paint-conversion-table.html
Vallejo,Model Air,IDF Sand Grey 73,71.141,Army Painter,Original Warpaints,Banshee Brown,WP1404P,matched by product code,https://www.mech9.com/p/vallejo-model-air-paint-conversion-table.html
Vallejo,Model Air,IDF Sand Grey 73,71.141,Army Painter,Warpaints Fanatic,Tomb King Tan,WP3086P,matched by product code,https://www.mech9.com/p/vallejo-model-air-paint-conversion-table.html
Vallejo,Model Air,IDF Sand Grey 73,71.141,AK Interactive,AFV Series,IDF Early Sand Yellow,AK11354,matched by product code; matched by product code,https://www.mech9.com/p/vallejo-model-air-paint-conversion-table.html
Vallejo,Model Air,IDF Sinai Grey 82,71.142,AK Interactive,AFV Series,IDF Sand Grey 1970s-1980s,AK11353,matched by product code; matched by product code,https://www.mech9.com/p/vallejo-model-air-paint-conversion-table.html
Vallejo,Model Air,UK Light Stone,71.143,AK Interactive,AFV Series,Light Stone No.61,AK11377,matched by product code; matched by product code,https://www.mech9.com/p/vallejo-model-air-paint-conversion-table.html
Vallejo,Model Air,UK Light Stone,71.143,AK Interactive,Legacy Acrylics,BSC. Nº 61 Light stone,AK4034,matched by product code,https://www.mech9.com/p/vallejo-model-air-paint-conversion-table.html
Vallejo,Model Air,Sand Beige,71.244,AK Interactive,3GEN Acrylics,Beige,AK11030,matched by product code; matched by product code,https://www.mech9.com/p/vallejo-model-air-paint-conversion-table.html
Vallejo,Model Air,Sand Beige,71.244,AK Interactive,AFV Series,RAL 1039 F9 Sandbeige,AK11325,matched by product code; matched by product code,https://www.mech9.com/p/vallejo-model-air-paint-conversion-table.html
Vallejo,Model Air,Sand Beige,71.244,AK Interactive,Legacy Acrylics,RAL 8031 F9 German Sand Beige,AK728,matched by product code,https://www.mech9.com/p/vallejo-model-air-paint-conversion-table.html
Vallejo,Model Air,Yellow Brown,71.246,AK Interactive,AFV Series,RAL 8031 F9 Sandbraun,AK11326,matched by product code; matched by product code,https://www.mech9.com/p/vallejo-model-air-paint-conversion-table.html
Vallejo,Model Air,Yellow Brown,71.246,AK Interactive,Legacy Acrylics,RAL 8031 F9 German Sand Brown,AK727,matched by product code,https://www.mech9.com/p/vallejo-model-air-paint-conversion-table.html
Vallejo,Model Air,Light Olive,71.247,Vallejo,Panzer Aces,Canvas,70.314,matched by product code,https://www.mech9.com/p/vallejo-model-air-paint-conversion-table.html
Vallejo,Model Air,Light Olive,71.247,AK Interactive,AFV Series,RAL 6040 F9 Helloliv,AK11323,matched by product code; matched by product code,https://www.mech9.com/p/vallejo-model-air-paint-conversion-table.html
Vallejo,Model Air,Brown Grey,71.248,Vallejo,Panzer Aces,Splinter Blotches II,70.347,matched by product code,https://www.mech9.com/p/vallejo-model-air-paint-conversion-table.html
Vallejo,Model Air,Brown Grey,71.248,AK Interactive,AFV Series,RAL 7017 Dunkelbraun,AK11315,matched by product code; matched by product code,https://www.mech9.com/p/vallejo-model-air-paint-conversion-table.html
Vallejo,Model Air,NATO Brown,71.249,Tamiya,Lacquer Paint,Nato Brown,LP59,matched by product code; matched by product code,https://www.mech9.com/p/vallejo-model-air-paint-conversion-table.html
Vallejo,Model Air,NATO Brown,71.249,Army Painter,Original Warpaints,Werewolf Fur,WP1464P,matched by product code,https://www.mech9.com/p/vallejo-model-air-paint-conversion-table.html
Vallejo,Model Air,NATO Brown,71.249,Army Painter,Warpaints Fanatic,Bootstrap Brown,WP3074P,matched by product code,https://www.mech9.com/p/vallejo-model-air-paint-conversion-table.html
Vallejo,Model Air,NATO Brown,71.249,Warhammer Colour,Layer,Doombull Brown,CT53,"matched by product code; mech9 prints ""Doombull Brown (Layer)""",https://www.mech9.com/p/vallejo-model-air-paint-conversion-table.html
Vallejo,Model Air,NATO Brown,71.249,Army Painter,Warpaints Fanatic,Dryad Brown,WP3111P,matched by product code,https://www.mech9.com/p/vallejo-model-air-paint-conversion-table.html
Vallejo,Model Air,NATO Brown,71.249,Army Painter,Warpaints Air,Cypress Brown,AW4124P,matched by product code,https://www.mech9.com/p/vallejo-model-air-paint-conversion-table.html
Vallejo,Model Air,NATO Brown,71.249,AK Interactive,3GEN Acrylics,Burnt Umber XF-51,AK11111,matched by product code; matched by product code,https://www.mech9.com/p/vallejo-model-air-paint-conversion-table.html
Vallejo,Model Air,NATO Brown,71.249,AK Interactive,AFV Series,NATO Brown,AK11359,matched by product code; matched by product code,https://www.mech9.com/p/vallejo-model-air-paint-conversion-table.html
Vallejo,Model Air,Bronze Green,71.250,Tamiya,Lacquer Paint,Nato Green,LP58,matched by product code; matched by product code,https://www.mech9.com/p/vallejo-model-air-paint-conversion-table.html
Vallejo,Model Air,Bronze Green,71.250,AK Interactive,AFV Series,NATO Green,AK11358,matched by product code; matched by product code,https://www.mech9.com/p/vallejo-model-air-paint-conversion-table.html
Vallejo,Model Air,NATO Black,71.251,Vallejo,Panzer Aces,German Tankcrew Black,70.333,matched by product code,https://www.mech9.com/p/vallejo-model-air-paint-conversion-table.html
Vallejo,Model Air,NATO Black,71.251,Tamiya,Lacquer Paint,Nato Black,LP60,matched by product code; matched by product code,https://www.mech9.com/p/vallejo-model-air-paint-conversion-table.html
Vallejo,Model Air,NATO Black,71.251,AK Interactive,AFV Series,NATO Black,AK11360,matched by product code; matched by product code,https://www.mech9.com/p/vallejo-model-air-paint-conversion-table.html
Vallejo,Model Air,Light Blue RLM65,71.255,AK Interactive,3GEN Acrylics,Spectrum Blue,AK11162,matched by product code; matched by product code,https://www.mech9.com/p/vallejo-model-air-paint-conversion-table.html
Vallejo,Model Air,Light Blue RLM65,71.255,AK Interactive,3GEN Acrylics,Blue-Grey,AK11011,matched by product code; matched by product code,https://www.mech9.com/p/vallejo-model-air-paint-conversion-table.html
Vallejo,Model Air,Light Blue RLM65,71.255,AK Interactive,AIR Series,RLM 65 (1941),AK11818,matched by product code; matched by product code,https://www.mech9.com/p/vallejo-model-air-paint-conversion-table.html
Vallejo,Model Air,Green RLM73,71.256,AK Interactive,3GEN Acrylics,Gunship Green,AK11150,matched by product code; matched by product code,https://www.mech9.com/p/vallejo-model-air-paint-conversion-table.html
Vallejo,Model Air,Green RLM73,71.256,Army Painter,Original Warpaints,Greenskin,WP1111P,matched by product code,https://www.mech9.com/p/vallejo-model-air-paint-conversion-table.html
Vallejo,Model Air,Green RLM73,71.256,AK Interactive,AIR Series,RLM 73,AK11824,matched by product code; matched by product code,https://www.mech9.com/p/vallejo-model-air-paint-conversion-table.html
Vallejo,Model Air,Light Blue RLM76,71.257,Warhammer Colour,Layer,Dawnstone,CT47,"matched by product code; mech9 prints ""Dawnstone (Layer)""",https://www.mech9.com/p/vallejo-model-air-paint-conversion-table.html
Vallejo,Model Air,Light Blue RLM76,71.257,Vallejo,Game Air,Stonewall Grey,72.749,matched by product code,https://www.mech9.com/p/vallejo-model-air-paint-conversion-table.html
Vallejo,Model Air,Light Blue RLM76,71.257,AK Interactive,AIR Series,RLM 76 Version 2,AK11828,matched by product code; matched by product code,https://www.mech9.com/p/vallejo-model-air-paint-conversion-table.html
Vallejo,Model Air,Light Blue RLM76,71.257,AK Interactive,3GEN Acrylics,Pale Blue,AK11161,matched by product code; matched by product code,https://www.mech9.com/p/vallejo-model-air-paint-conversion-table.html
Vallejo,Model Air,Light Blue RLM76,71.257,AK Interactive,AFV Series,WWI French Artillery Grey,AK11303,matched by product code; matched by product code,https://www.mech9.com/p/vallejo-model-air-paint-conversion-table.html
Vallejo,Model Air,Grey Green RLM74,71.258,Tamiya,Lacquer Paint,German Gray,LP27,matched by product code; matched by product code,https://www.mech9.com/p/vallejo-model-air-paint-conversion-table.html
Vallejo,Model Air,Grey Green RLM74,71.258,AK Interactive,3GEN Acrylics,Neutral Grey,AK11018,matched by product code; matched by product code,https://www.mech9.com/p/vallejo-model-air-paint-conversion-table.html
Vallejo,Model Air,Grey Green RLM74,71.258,AK Interactive,AIR Series,RLM 74,AK11825,matched by product code; matched by product code,https://www.mech9.com/p/vallejo-model-air-paint-conversion-table.html
Vallejo,Model Air,Grey Violet RLM75,71.259,Vallejo,Game Air,Cold Grey,72.750,matched by product code,https://www.mech9.com/p/vallejo-model-air-paint-conversion-table.html
Vallejo,Model Air,Grey Violet RLM75,71.259,AK Interactive,AIR Series,RLM 75,AK11826,matched by product code; matched by product code,https://www.mech9.com/p/vallejo-model-air-paint-conversion-table.html
Vallejo,Model Air,Grey Violet RLM75,71.259,Vallejo,Game Air,Neutral Grey,76.050,matched by product code,https://www.mech9.com/p/vallejo-model-air-paint-conversion-table.html
Vallejo,Model Air,Light Grey RLM63,71.260,AK Interactive,AIR Series,RLM 63,AK11816,matched by product code; matched by product code,https://www.mech9.com/p/vallejo-model-air-paint-conversion-table.html
Vallejo,Model Air,Green RLM72,71.263,AK Interactive,AIR Series,RLM 72,AK11823,matched by product code; matched by product code,https://www.mech9.com/p/vallejo-model-air-paint-conversion-table.html
Vallejo,Model Air,Green RLM72,71.263,AK Interactive,3GEN Acrylics,Extra Dark Green,AK11153,matched by product code; matched by product code,https://www.mech9.com/p/vallejo-model-air-paint-conversion-table.html
Vallejo,Model Air,Brown Violet RLM81,71.264,AK Interactive,AIR Series,RLM 81 Version 1,AK11835,matched by product code; matched by product code,https://www.mech9.com/p/vallejo-model-air-paint-conversion-table.html
Vallejo,Model Air,Olive Green RLM80,71.265,Vallejo,Mecha Color,Dark Green,69.030,matched by product code; matched by product code,https://www.mech9.com/p/vallejo-model-air-paint-conversion-table.html
Vallejo,Model Air,Olive Green RLM80,71.265,AK Interactive,AIR Series,RLM 80,AK11834,matched by product code; matched by product code,https://www.mech9.com/p/vallejo-model-air-paint-conversion-table.html
Vallejo,Model Air,Olive Green RLM80,71.265,Vallejo,Hobby Paint,Russian Green 4BO,28.003,matched by product code; matched by product code,https://www.mech9.com/p/vallejo-model-air-paint-conversion-table.html
Vallejo,Model Air,Olive Green RLM80,71.265,AK Interactive,3GEN Acrylics,Russian Green,AK11159,matched by product code; matched by product code,https://www.mech9.com/p/vallejo-model-air-paint-conversion-table.html
Vallejo,Model Air,Dark Blue RLM24,71.266,Vallejo,Mecha Color,Dark Blue,69.021,matched by product code; matched by product code,https://www.mech9.com/p/vallejo-model-air-paint-conversion-table.html
Vallejo,Model Air,Red,71.269,Warhammer Colour,Layer,Troll Slayer Orange,CT175,"matched by product code; mech9 prints ""Troll Slayer Orange (Layer)""",https://www.mech9.com/p/vallejo-model-air-paint-conversion-table.html
Vallejo,Model Air,Red,71.269,Vallejo,Game Air,Hot Orange,72.709,matched by product code,https://www.mech9.com/p/vallejo-model-air-paint-conversion-table.html
Vallejo,Model Air,Red,71.269,Vallejo,Mecha Color,Red,69.008,matched by product code; matched by product code,https://www.mech9.com/p/vallejo-model-air-paint-conversion-table.html
Vallejo,Model Air,Red,71.269,Army Painter,Original Warpaints,Chaotic Red,WP1142P,matched by product code,https://www.mech9.com/p/vallejo-model-air-paint-conversion-table.html
Vallejo,Model Air,Red,71.269,Army Painter,Warpaints Fanatic,Carnelian Skin,WP3151P,matched by product code,https://www.mech9.com/p/vallejo-model-air-paint-conversion-table.html
Vallejo,Model Air,Red,71.269,Army Painter,Warpaints Air,Chaotic Red,AW1142P,matched by product code,https://www.mech9.com/p/vallejo-model-air-paint-conversion-table.html
Vallejo,Model Air,Red,71.269,AK Interactive,3GEN Acrylics,Matt Red,AK11092,matched by product code; matched by product code,https://www.mech9.com/p/vallejo-model-air-paint-conversion-table.html
Vallejo,Model Air,Off-White,71.270,Warhammer Colour,Layer,Pallid Wych Flesh,CT126,"matched by product code; mech9 prints ""Pallid Wych Flesh (Layer)""",https://www.mech9.com/p/vallejo-model-air-paint-conversion-table.html
Vallejo,Model Air,Off-White,71.270,AK Interactive,3GEN Acrylics,Ivory,AK11004,matched by product code; matched by product code,https://www.mech9.com/p/vallejo-model-air-paint-conversion-table.html
Vallejo,Model Air,Off-White,71.270,Army Painter,Original Warpaints,Brainmatter Beige,WP1406P,matched by product code,https://www.mech9.com/p/vallejo-model-air-paint-conversion-table.html
Vallejo,Model Air,Off-White,71.270,Army Painter,Warpaints Fanatic,Brainmatter Beige,WP3011P,matched by product code,https://www.mech9.com/p/vallejo-model-air-paint-conversion-table.html
Vallejo,Model Air,German Red Brown,71.271,AK Interactive,3GEN Acrylics,Dark Brown XF-64,AK11109,matched by product code; matched by product code,https://www.mech9.com/p/vallejo-model-air-paint-conversion-table.html
Vallejo,Model Air,German Red Brown,71.271,AK Interactive,AFV Series,RAL 8012 Rotbraun,AK11328,matched by product code; matched by product code,https://www.mech9.com/p/vallejo-model-air-paint-conversion-table.html
Vallejo,Model Air,Ger. Yellow Brown,71.272,Army Painter,Original Warpaints,Tanned Flesh,WP1127P,matched by product code,https://www.mech9.com/p/vallejo-model-air-paint-conversion-table.html
Vallejo,Model Air,Ger. Yellow Brown,71.272,AK Interactive,AFV Series,RAL 8000 Gelbbraun,AK11327,matched by product code; matched by product code,https://www.mech9.com/p/vallejo-model-air-paint-conversion-table.html
Vallejo,Model Air,Ocean Gray,71.273,AK Interactive,AIR Series,RAF Ocean Grey,AK11842,matched by product code; matched by product code,https://www.mech9.com/p/vallejo-model-air-paint-conversion-table.html
Vallejo,Model Air,Ocean Gray,71.273,AK Interactive,AIR Series,RAF Dark Camouflage Grey BS381C/629,AK11855,matched by product code; matched by product code,https://www.mech9.com/p/vallejo-model-air-paint-conversion-table.html
Vallejo,Model Air,Ocean Gray,71.273,AK Interactive,AIR Series,F-15 Dark Grey (Mod Eagle) FS 36176,AK11883,matched by product code; matched by product code,https://www.mech9.com/p/vallejo-model-air-paint-conversion-table.html
Vallejo,Model Air,Ocean Gray,71.273,AK Interactive,Legacy Acrylics,FS 36176 F-15 Dark Grey,AK2143,matched by product code,https://www.mech9.com/p/vallejo-model-air-paint-conversion-table.html
Vallejo,Model Air,Aggressor Gray,71.274,AK Interactive,AIR Series,Aggressor Grey FS 36251,AK11885,matched by product code; matched by product code,https://www.mech9.com/p/vallejo-model-air-paint-conversion-table.html
Vallejo,Model Air,Aggressor Gray,71.274,AK Interactive,Legacy Acrylics,FS 36251 Agressor Grey,AK2142,matched by product code,https://www.mech9.com/p/vallejo-model-air-paint-conversion-table.html
Vallejo,Model Air,USAF Medium Gray,71.275,AK Interactive,AIR Series,Medium Grey FS 36270,AK11886,matched by product code; matched by product code,https://www.mech9.com/p/vallejo-model-air-paint-conversion-table.html
Vallejo,Model Air,USAF Medium Gray,71.275,AK Interactive,Legacy Acrylics,FS 36270 Medium Grey,AK2141,matched by product code,https://www.mech9.com/p/vallejo-model-air-paint-conversion-table.html
Vallejo,Model Air,USAF Light Gray,71.276,AK Interactive,3GEN Acrylics,Silver Grey,AK11006,matched by product code; matched by product code,https://www.mech9.com/p/vallejo-model-air-paint-conversion-table.html
Vallejo,Model Air,USAF Light Gray,71.276,AK Interactive,AIR Series,Light Grey FS 36495,AK11889,matched by product code; matched by product code,https://www.mech9.com/p/vallejo-model-air-paint-conversion-table.html
Vallejo,Model Air,Dark Gull Gray,71.277,Vallejo,Mecha Color,Grey Z,69.039,matched by product code; matched by product code,https://www.mech9.com/p/vallejo-model-air-paint-conversion-table.html
Vallejo,Model Air,Dark Gull Gray,71.277,Vallejo,Mecha Color,Medium Grey,69.038,matched by product code; matched by product code,https://www.mech9.com/p/vallejo-model-air-paint-conversion-table.html
Vallejo,Model Air,Dark Gull Gray,71.277,Tamiya,Lacquer Paint,Light Gray (IJN),LP32,matched by product code; matched by product code,https://www.mech9.com/p/vallejo-model-air-paint-conversion-table.html
Vallejo,Model Air,Dark Gull Gray,71.277,AK Interactive,AIR Series,Dark Gull Grey FS 36231,AK11884,matched by product code; matched by product code,https://www.mech9.com/p/vallejo-model-air-paint-conversion-table.html
Vallejo,Model Air,Sand Yellow RLM79,71.278,Warhammer Colour,Base,XV-88,CT198,"matched by product code; mech9 prints ""XV-88 (Base)""",https://www.mech9.com/p/vallejo-model-air-paint-conversion-table.html
Vallejo,Model Air,Sand Yellow RLM79,71.278,Vallejo,Game Air,Leather Brown,72.740,matched by product code,https://www.mech9.com/p/vallejo-model-air-paint-conversion-table.html
Vallejo,Model Air,Sand Yellow RLM79,71.278,Vallejo,Hobby Paint,Leather Brown,28.014,matched by product code; matched by product code,https://www.mech9.com/p/vallejo-model-air-paint-conversion-table.html
Vallejo,Model Air,Sand Yellow RLM79,71.278,AK Interactive,AIR Series,RLM 79 (1942),AK11833,matched by product code; matched by product code,https://www.mech9.com/p/vallejo-model-air-paint-conversion-table.html
Vallejo,Model Air,Insignia White,71.279,Tamiya,Lacquer Paint,White,LP2,matched by product code; matched by product code,https://www.mech9.com/p/vallejo-model-air-paint-conversion-table.html
Vallejo,Model Air,Insignia White,71.279,AK Interactive,3GEN Acrylics,Off White,AK11002,matched by product code; matched by product code,https://www.mech9.com/p/vallejo-model-air-paint-conversion-table.html
Vallejo,Model Air,Insignia White,71.279,Vallejo,Mecha Color,Off-White,69.003,matched by product code; matched by product code,https://www.mech9.com/p/vallejo-model-air-paint-conversion-table.html
Vallejo,Model Air,Insignia White,71.279,AK Interactive,AIR Series,Insignia White FS 17875,AK11868,matched by product code; matched by product code,https://www.mech9.com/p/vallejo-model-air-paint-conversion-table.html
Vallejo,Model Air,Insignia White,71.279,AK Interactive,Legacy Acrylics,FS 17875 White,AK2052,matched by product code,https://www.mech9.com/p/vallejo-model-air-paint-conversion-table.html
Vallejo,Model Air,Camouflage Gray,71.280,AK Interactive,AIR Series,Have Glass Grey FS 36170,AK11882,matched by product code; matched by product code,https://www.mech9.com/p/vallejo-model-air-paint-conversion-table.html
Vallejo,Model Air,3B Russian Green,71.281,Vallejo,Panzer Aces,German Tank Crew Highlights,70.337,matched by product code,https://www.mech9.com/p/vallejo-model-air-paint-conversion-table.html
Vallejo,Model Air,3B Russian Green,71.281,AK Interactive,AFV Series,3B AU/ZB AU,AK11387,matched by product code; matched by product code,https://www.mech9.com/p/vallejo-model-air-paint-conversion-table.html
Vallejo,Model Air,6K Russian Brown,71.282,AK Interactive,AFV Series,Russian Dark Brown 6K,AK11369,matched by product code; matched by product code,https://www.mech9.com/p/vallejo-model-air-paint-conversion-table.html
Vallejo,Model Air,7K Russian Tan,71.283,Vallejo,Panzer Aces,Old Wood,70.310,matched by product code,https://www.mech9.com/p/vallejo-model-air-paint-conversion-table.html
Vallejo,Model Air,7K Russian Tan,71.283,AK Interactive,AFV Series,Russian Sand 7K,AK11370,matched by product code; matched by product code,https://www.mech9.com/p/vallejo-model-air-paint-conversion-table.html
Vallejo,Model Air,UK Light Mud,71.284,AK Interactive,AFV Series,British Light Mud,AK11383,matched by product code; matched by product code,https://www.mech9.com/p/vallejo-model-air-paint-conversion-table.html
Vallejo,Model Air,IJA Dark Green,71.285,Vallejo,Panzer Aces,Russian Tank Crew II,70.326,matched by product code,https://www.mech9.com/p/vallejo-model-air-paint-conversion-table.html
Vallejo,Model Air,IJA Dark Green,71.285,AK Interactive,3GEN Acrylics,Reflective Green,AK11158,matched by product code; matched by product code,https://www.mech9.com/p/vallejo-model-air-paint-conversion-table.html
Vallejo,Model Air,IJA Olive Green,71.286,Tamiya,Lacquer Paint,Dark Green (JGSDF),LP26,matched by product code; matched by product code,https://www.mech9.com/p/vallejo-model-air-paint-conversion-table.html
Vallejo,Model Air,IJA Olive Green,71.286,Vallejo,Hobby Paint,US Olive Drab,28.005,matched by product code; matched by product code,https://www.mech9.com/p/vallejo-model-air-paint-conversion-table.html
Vallejo,Model Air,IJA Olive Green,71.286,AK Interactive,AIR Series,IJA #7 Ohryuko Nana Go Shoku (Olive Brown),AK11901,matched by product code; matched by product code,https://www.mech9.com/p/vallejo-model-air-paint-conversion-table.html
Vallejo,Model Air,IJA Olive Green,71.286,AK Interactive,Legacy Acrylics,Ohryuko Nana Go Shoru (Olive Brown),AK2263,matched by product code,https://www.mech9.com/p/vallejo-model-air-paint-conversion-table.html
Vallejo,Model Air,UK BSC 64 Port. Stone,71.288,AK Interactive,3GEN Acrylics,Dark Sand,AK11033,matched by product code; matched by product code,https://www.mech9.com/p/vallejo-model-air-paint-conversion-table.html
Vallejo,Model Air,UK BSC 64 Port. Stone,71.288,AK Interactive,3GEN Acrylics,Buff,AK11031,matched by product code; matched by product code,https://www.mech9.com/p/vallejo-model-air-paint-conversion-table.html
Vallejo,Model Air,UK BSC 64 Port. Stone,71.288,AK Interactive,AFV Series,Portland Stone No.64,AK11378,matched by product code; matched by product code,https://www.mech9.com/p/vallejo-model-air-paint-conversion-table.html
Vallejo,Model Air,UK BSC 64 Port. Stone,71.288,AK Interactive,Legacy Acrylics,BSC. Nº 64 Portland Stone,AK4031,matched by product code,https://www.mech9.com/p/vallejo-model-air-paint-conversion-table.html
Vallejo,Model Air,US Dark Green,71.289,Tamiya,Lacquer Paint,Dark Green (JGSDF),LP26,matched by product code; matched by product code,https://www.mech9.com/p/vallejo-model-air-paint-conversion-table.html
Vallejo,Model Air,US Dark Green,71.289,Vallejo,Hobby Paint,US Olive Drab,28.005,matched by product code; matched by product code,https://www.mech9.com/p/vallejo-model-air-paint-conversion-table.html
Vallejo,Model Air,US Dark Green,71.289,AK Interactive,3GEN Acrylics,US Dark Green,AK11157,matched by product code; matched by product code,https://www.mech9.com/p/vallejo-model-air-paint-conversion-table.html
Vallejo,Model Air,US Dark Green,71.289,AK Interactive,AFV Series,Dark Green (FS34102),AK11342,matched by product code; matched by product code,https://www.mech9.com/p/vallejo-model-air-paint-conversion-table.html
Vallejo,Model Air,US Earth Brown,71.290,Warhammer Colour,Base,Steel Legion Drab,CT155,"matched by product code; mech9 prints ""Steel Legion Drab (Base)""",https://www.mech9.com/p/vallejo-model-air-paint-conversion-table.html
Vallejo,Model Air,US Earth Brown,71.290,Vallejo,Game Air,Earth,72.762,matched by product code,https://www.mech9.com/p/vallejo-model-air-paint-conversion-table.html
Vallejo,Model Air,US Earth Brown,71.290,Army Painter,Original Warpaints,Monster Brown,WP1120P,matched by product code,https://www.mech9.com/p/vallejo-model-air-paint-conversion-table.html
Vallejo,Model Air,US Earth Brown,71.290,Vallejo,Hobby Paint,English Uniform,28.008,matched by product code; matched by product code,https://www.mech9.com/p/vallejo-model-air-paint-conversion-table.html
Vallejo,Model Air,US Earth Brown,71.290,Army Painter,Warpaints Fanatic,Mocca Skin,WP3159P,matched by product code,https://www.mech9.com/p/vallejo-model-air-paint-conversion-table.html
Vallejo,Model Air,US Earth Brown,71.290,AK Interactive,3GEN Acrylics,Leather Brown,AK11110,matched by product code; matched by product code,https://www.mech9.com/p/vallejo-model-air-paint-conversion-table.html
Vallejo,Model Air,US Earth Brown,71.290,AK Interactive,AFV Series,Nº5 Earth Brown (FS30099),AK11336,matched by product code; matched by product code,https://www.mech9.com/p/vallejo-model-air-paint-conversion-table.html
Vallejo,Model Air,US Earth Yellow,71.291,AK Interactive,AFV Series,Nº6 Earth Yellow (FS30257),AK11337,matched by product code; matched by product code,https://www.mech9.com/p/vallejo-model-air-paint-conversion-table.html
Vallejo,Model Air,US Earth Yellow,71.291,AK Interactive,3GEN Acrylics,Medium Sand,AK11034,matched by product code; matched by product code,https://www.mech9.com/p/vallejo-model-air-paint-conversion-table.html
Vallejo,Model Air,US Loam,71.292,AK Interactive,3GEN Acrylics,German Field Grey,AK11154,matched by product code; matched by product code,https://www.mech9.com/p/vallejo-model-air-paint-conversion-table.html
Vallejo,Model Air,US Loam,71.292,Vallejo,Hobby Paint,German Field Grey,28.006,matched by product code; matched by product code,https://www.mech9.com/p/vallejo-model-air-paint-conversion-table.html
Vallejo,Model Air,US Earth Red,71.293,AK Interactive,3GEN Acrylics,Tan Earth,AK11121,matched by product code; matched by product code,https://www.mech9.com/p/vallejo-model-air-paint-conversion-table.html
Vallejo,Model Air,US Earth Red,71.293,Vallejo,Game Air,Beasty Brown,72.743,matched by product code,https://www.mech9.com/p/vallejo-model-air-paint-conversion-table.html
Vallejo,Model Air,US Earth Red,71.293,AK Interactive,Figures Series,Waffen Brown,AK11417,matched by product code; matched by product code,https://www.mech9.com/p/vallejo-model-air-paint-conversion-table.html
Vallejo,Model Air,US Earth Red,71.293,AK Interactive,Legacy Acrylics,Waffen Fall/Winter Brown Spots,AK3055,matched by product code,https://www.mech9.com/p/vallejo-model-air-paint-conversion-table.html
Vallejo,Model Air,US Earth Red,71.293,Vallejo,Hobby Paint,Beasty Brown,28.019,matched by product code; matched by product code,https://www.mech9.com/p/vallejo-model-air-paint-conversion-table.html
Vallejo,Model Air,US Earth Red,71.293,AK Interactive,AFV Series,Nº8 Earth Red (FS30117),AK11338,matched by product code; matched by product code,https://www.mech9.com/p/vallejo-model-air-paint-conversion-table.html
Vallejo,Model Air,US Forest Green,71.294,AK Interactive,3GEN Acrylics,Command Green,AK11155,matched by product code; matched by product code,https://www.mech9.com/p/vallejo-model-air-paint-conversion-table.html
Vallejo,Model Air,US Forest Green,71.294,AK Interactive,AFV Series,Forest Green (FS34079),AK11346,matched by product code; matched by product code,https://www.mech9.com/p/vallejo-model-air-paint-conversion-table.html
Vallejo,Model Air,USN Sea Blue,71.295,AK Interactive,3GEN Acrylics,Dark Grey,AK11022,matched by product code; matched by product code,https://www.mech9.com/p/vallejo-model-air-paint-conversion-table.html
Vallejo,Model Air,USAAF Light Gray,71.296,AK Interactive,3GEN Acrylics,White Grey,AK11003,matched by product code; matched by product code,https://www.mech9.com/p/vallejo-model-air-paint-conversion-table.html
Vallejo,Model Air,USAAF Light Gray,71.296,AK Interactive,AIR Series,Camouflage Grey FS 36622,AK11890,matched by product code; matched by product code,https://www.mech9.com/p/vallejo-model-air-paint-conversion-table.html
Vallejo,Model Air,USAAF Light Gray,71.296,AK Interactive,Legacy Acrylics,FS 36622 Camouflage Grey,AK2104,matched by product code,https://www.mech9.com/p/vallejo-model-air-paint-conversion-table.html
Vallejo,Model Air,JGSD Brown 3606,71.297,Tamiya,Lacquer Paint,Brown (JGSDF),LP25,matched by product code; matched by product code,https://www.mech9.com/p/vallejo-model-air-paint-conversion-table.html
Vallejo,Model Air,JGSD Brown 3606,71.297,AK Interactive,3GEN Acrylics,Grey-Brown,AK11125,matched by product code; matched by product code,https://www.mech9.com/p/vallejo-model-air-paint-conversion-table.html
Vallejo,Model Air,Intermediate Blue,71.299,AK Interactive,AIR Series,RAF PRU Blue BS381C/636,AK11852,matched by product code; matched by product code,https://www.mech9.com/p/vallejo-model-air-paint-conversion-table.html
Vallejo,Model Air,Glossy Sea Blue,71.300,AK Interactive,AIR Series,Deep Sea Blue,AK11864,matched by product code; matched by product code,https://www.mech9.com/p/vallejo-model-air-paint-conversion-table.html
Vallejo,Model Air,Glossy Sea Blue,71.300,AK Interactive,Legacy Acrylics,Dark Sea Blue,AK2234,matched by product code,https://www.mech9.com/p/vallejo-model-air-paint-conversion-table.html
Vallejo,Model Air,Glossy Sea Blue,71.300,AK Interactive,3GEN Acrylics,Dark Sea Blue XF17,AK11190,matched by product code; matched by product code,https://www.mech9.com/p/vallejo-model-air-paint-conversion-table.html
Vallejo,Model Air,AMT-4 Cam. Green,71.301,AK Interactive,AIR Series,AMT-4 (A-24m) Green,AK11915,matched by product code; matched by product code,https://www.mech9.com/p/vallejo-model-air-paint-conversion-table.html
Vallejo,Model Air,Sky Type S,71.302,Vallejo,Mecha Color,Green,69.026,matched by product code; matched by product code,https://www.mech9.com/p/vallejo-model-air-paint-conversion-table.html
Vallejo,Model Air,Sky Type S,71.302,AK Interactive,3GEN Acrylics,Green-Grey,AK11132,matched by product code; matched by product code,https://www.mech9.com/p/vallejo-model-air-paint-conversion-table.html
Vallejo,Model Air,AMT-11 Blue Grey,71.304,AK Interactive,AIR Series,AMT-11 Blue-Grey,AK11917,matched by product code; matched by product code,https://www.mech9.com/p/vallejo-model-air-paint-conversion-table.html
Vallejo,Model Air,Interior Grey Green,71.305,AK Interactive,AIR Series,RAF Cockpit Grey-Green,AK11847,matched by product code; matched by product code,https://www.mech9.com/p/vallejo-model-air-paint-conversion-table.html
Vallejo,Model Air,BS Med. Sea Grey,71.307,Vallejo,Mecha Color,Medium Grey,69.038,matched by product code; matched by product code,https://www.mech9.com/p/vallejo-model-air-paint-conversion-table.html
Vallejo,Model Air,BS Med. Sea Grey,71.307,AK Interactive,AIR Series,Medium Sea Grey BS381C/637,AK11843,matched by product code; matched by product code,https://www.mech9.com/p/vallejo-model-air-paint-conversion-table.html
Vallejo,Model Air,AMT-12 Dark Grey,71.308,Tamiya,Lacquer Paint,IJN Gray (Kure Arsenal),LP12,matched by product code; matched by product code,https://www.mech9.com/p/vallejo-model-air-paint-conversion-table.html
Vallejo,Model Air,AMT-12 Dark Grey,71.308,AK Interactive,3GEN Acrylics,Basalt Grey,AK11021,matched by product code; matched by product code,https://www.mech9.com/p/vallejo-model-air-paint-conversion-table.html
Vallejo,Model Air,AMT-12 Dark Grey,71.308,AK Interactive,AIR Series,AMT-12 Dark Grey,AK11918,matched by product code; matched by product code,https://www.mech9.com/p/vallejo-model-air-paint-conversion-table.html
Vallejo,Model Air,Dark Slate Grey,71.309,AK Interactive,AIR Series,RAF Dark Slate Grey,AK11849,matched by product code; matched by product code,https://www.mech9.com/p/vallejo-model-air-paint-conversion-table.html
Vallejo,Model Air,IJN Ash Grey,71.311,AK Interactive,AIR Series,IJN J3 SP (Amber Grey),AK11892,matched by product code; matched by product code,https://www.mech9.com/p/vallejo-model-air-paint-conversion-table.html
Vallejo,Model Air,IJN Ash Grey,71.311,AK Interactive,Legacy Acrylics,J3 Sp (Amber Grey),AK2062,matched by product code,https://www.mech9.com/p/vallejo-model-air-paint-conversion-table.html
Vallejo,Model Air,Seaplane Gray,71.314,Warhammer Colour,Dry,Dawnstone,CT48,"matched by product code; mech9 prints ""Dawnstone (Dry)""",https://www.mech9.com/p/vallejo-model-air-paint-conversion-table.html
Vallejo,Model Air,Seaplane Gray,71.314,Army Painter,Original Warpaints,Uniform Grey,WP1118P,matched by product code,https://www.mech9.com/p/vallejo-model-air-paint-conversion-table.html
Vallejo,Model Air,Seaplane Gray,71.314,Army Painter,Warpaints Fanatic,Uniform Grey,WP3003P,matched by product code,https://www.mech9.com/p/vallejo-model-air-paint-conversion-table.html
Vallejo,Model Air,Seaplane Gray,71.314,Army Painter,Warpaints Air,Uniform Grey,AW1118P,matched by product code,https://www.mech9.com/p/vallejo-model-air-paint-conversion-table.html
Vallejo,Model Air,Tire Black,71.315,Vallejo,Panzer Aces,Dark Rubber,70.306,matched by product code,https://www.mech9.com/p/vallejo-model-air-paint-conversion-table.html
Vallejo,Model Air,Tire Black,71.315,Tamiya,Lacquer Paint,Flat Black,LP3,matched by product code; matched by product code,https://www.mech9.com/p/vallejo-model-air-paint-conversion-table.html
Vallejo,Model Air,Tire Black,71.315,AK Interactive,3GEN Acrylics,Rubber Black,AK11027,matched by product code; matched by product code,https://www.mech9.com/p/vallejo-model-air-paint-conversion-table.html
Vallejo,Model Air,Tire Black,71.315,Tamiya,Lacquer Paint,Rubber Black,LP65,matched by product code; matched by product code,https://www.mech9.com/p/vallejo-model-air-paint-conversion-table.html
Vallejo,Model Air,N. 41 Dk Olive Drab,71.316,Tamiya,Lacquer Paint,Olive Drab,LP28,matched by product code; matched by product code,https://www.mech9.com/p/vallejo-model-air-paint-conversion-table.html
Vallejo,Model Air,N. 41 Dk Olive Drab,71.316,AK Interactive,AIR Series,Dark Olive Drab 41,AK11860,matched by product code; matched by product code,https://www.mech9.com/p/vallejo-model-air-paint-conversion-table.html
Vallejo,Model Air,AII SV. Gol Lt Blue,71.317,Warhammer Colour,Layer,Hoeth Blue,CT83,"matched by product code; mech9 prints ""Hoeth Blue (Layer)""",https://www.mech9.com/p/vallejo-model-air-paint-conversion-table.html
Vallejo,Model Air,AII SV. Gol Lt Blue,71.317,Vallejo,Mecha Color,Sky Blue,69.017,matched by product code; matched by product code,https://www.mech9.com/p/vallejo-model-air-paint-conversion-table.html
Vallejo,Model Air,AII SV. Gol Lt Blue,71.317,Army Painter,Original Warpaints,Electric Blue,WP1113P,matched by product code,https://www.mech9.com/p/vallejo-model-air-paint-conversion-table.html
Vallejo,Model Air,AII SV. Gol Lt Blue,71.317,Army Painter,Warpaints Fanatic,Arctic Gem,WP3029P,matched by product code,https://www.mech9.com/p/vallejo-model-air-paint-conversion-table.html
Vallejo,Model Air,AII SV. Gol Lt Blue,71.317,Army Painter,Warpaints Air,Ionic Blue,AW4114P,matched by product code,https://www.mech9.com/p/vallejo-model-air-paint-conversion-table.html
Vallejo,Model Air,AII SV. Gol Lt Blue,71.317,AK Interactive,AIR Series,AII Light Blue,AK11910,matched by product code; matched by product code,https://www.mech9.com/p/vallejo-model-air-paint-conversion-table.html
Vallejo,Model Air,AMT-7 Greyish Blue,71.318,AK Interactive,AIR Series,AMT-7 Light Blue,AK11916,matched by product code; matched by product code,https://www.mech9.com/p/vallejo-model-air-paint-conversion-table.html
Vallejo,Model Air,AMT-7 Greyish Blue,71.318,AK Interactive,Legacy Acrylics,AMT-7 (A-28m) Light Blue,AK2244,matched by product code,https://www.mech9.com/p/vallejo-model-air-paint-conversion-table.html
Vallejo,Model Air,IJA Light Grey Green,71.321,AK Interactive,3GEN Acrylics,Medium Grey,AK11010,matched by product code; matched by product code,https://www.mech9.com/p/vallejo-model-air-paint-conversion-table.html
Vallejo,Model Air,IJA Light Grey Green,71.321,Vallejo,Mecha Color,Green,69.026,matched by product code; matched by product code,https://www.mech9.com/p/vallejo-model-air-paint-conversion-table.html
Vallejo,Model Air,IJA Light Grey Green,71.321,AK Interactive,3GEN Acrylics,Green-Grey,AK11132,matched by product code; matched by product code,https://www.mech9.com/p/vallejo-model-air-paint-conversion-table.html
Vallejo,Model Air,IJA Light Grey Green,71.321,AK Interactive,AIR Series,RAF Sky / FS 34424,AK11844,matched by product code; matched by product code,https://www.mech9.com/p/vallejo-model-air-paint-conversion-table.html
Vallejo,Model Air,IJN Black Green,71.322,AK Interactive,AIR Series,IJN D2 Green Black,AK11894,matched by product code; matched by product code,https://www.mech9.com/p/vallejo-model-air-paint-conversion-table.html
Vallejo,Model Air,IJN Black Green,71.322,AK Interactive,Legacy Acrylics,D2 Green Black,AK2064,matched by product code,https://www.mech9.com/p/vallejo-model-air-paint-conversion-table.html
Vallejo,Model Air,BS Dark Earth,71.323,Warhammer Colour,Base,Steel Legion Drab,CT155,"matched by product code; mech9 prints ""Steel Legion Drab (Base)""",https://www.mech9.com/p/vallejo-model-air-paint-conversion-table.html
Vallejo,Model Air,BS Dark Earth,71.323,Vallejo,Game Air,Earth,72.762,matched by product code,https://www.mech9.com/p/vallejo-model-air-paint-conversion-table.html
Vallejo,Model Air,BS Dark Earth,71.323,AK Interactive,AIR Series,RAF Dark Earth,AK11841,matched by product code; matched by product code,https://www.mech9.com/p/vallejo-model-air-paint-conversion-table.html
Vallejo,Model Air,BS Dark Earth,71.323,Army Painter,Original Warpaints,Monster Brown,WP1120P,matched by product code,https://www.mech9.com/p/vallejo-model-air-paint-conversion-table.html
Vallejo,Model Air,BS Dark Earth,71.323,Vallejo,Hobby Paint,English Uniform,28.008,matched by product code; matched by product code,https://www.mech9.com/p/vallejo-model-air-paint-conversion-table.html
Vallejo,Model Air,BS Dark Earth,71.323,Army Painter,Warpaints Fanatic,Mocca Skin,WP3159P,matched by product code,https://www.mech9.com/p/vallejo-model-air-paint-conversion-table.html
Vallejo,Model Air,BS Dark Earth,71.323,Vallejo,Mecha Color,Brown,69.034,matched by product code; matched by product code,https://www.mech9.com/p/vallejo-model-air-paint-conversion-table.html
Vallejo,Model Air,BS Dark Earth,71.323,AK Interactive,Figures Series,Field Drab,AK11435,matched by product code; matched by product code,https://www.mech9.com/p/vallejo-model-air-paint-conversion-table.html
Vallejo,Model Air,BS Dark Earth,71.323,AK Interactive,Legacy Acrylics,US Field Drab,AK3075,matched by product code,https://www.mech9.com/p/vallejo-model-air-paint-conversion-table.html
Vallejo,Model Air,BS Dark Green,71.324,AK Interactive,AIR Series,RAF Dark Green,AK11840,matched by product code; matched by product code,https://www.mech9.com/p/vallejo-model-air-paint-conversion-table.html
Vallejo,Model Air,IJN Dk Black Green,71.325,AK Interactive,3GEN Acrylics,German Field Grey,AK11154,matched by product code; matched by product code,https://www.mech9.com/p/vallejo-model-air-paint-conversion-table.html
Vallejo,Model Air,IJN Dk Black Green,71.325,Vallejo,Hobby Paint,German Field Grey,28.006,matched by product code; matched by product code,https://www.mech9.com/p/vallejo-model-air-paint-conversion-table.html
Vallejo,Model Air,IJN Dk Black Green,71.325,AK Interactive,3GEN Acrylics,Black Green,AK11160,matched by product code; matched by product code,https://www.mech9.com/p/vallejo-model-air-paint-conversion-table.html
Vallejo,Model Air,IJN Dk Black Green,71.325,AK Interactive,Legacy Acrylics,D1 Deep Green Black,AK2063,matched by product code,https://www.mech9.com/p/vallejo-model-air-paint-conversion-table.html
Vallejo,Model Air,IJN Dk Black Green,71.325,AK Interactive,AIR Series,IJN D1 Deep Green Black,AK11893,matched by product code; matched by product code,https://www.mech9.com/p/vallejo-model-air-paint-conversion-table.html
Vallejo,Model Air,IJA Grey Green,71.326,Tamiya,Lacquer Paint,Light Gray (IJN),LP32,matched by product code; matched by product code,https://www.mech9.com/p/vallejo-model-air-paint-conversion-table.html
Vallejo,Model Air,IJA Grey Green,71.326,AK Interactive,3GEN Acrylics,Medium Grey,AK11010,matched by product code; matched by product code,https://www.mech9.com/p/vallejo-model-air-paint-conversion-table.html
Vallejo,Model Air,IJA Grey Green,71.326,AK Interactive,AIR Series,#1 Hairyokushoku (Grey-Green),AK11899,matched by product code; matched by product code,https://www.mech9.com/p/vallejo-model-air-paint-conversion-table.html
Vallejo,Model Air,IJA Grey Green,71.326,AK Interactive,Legacy Acrylics,Hairyokushoku (Grey-Green),AK2261,matched by product code,https://www.mech9.com/p/vallejo-model-air-paint-conversion-table.html
Vallejo,Model Air,IAF Sand,71.327,AK Interactive,3GEN Acrylics,Grimy Grey,AK11008,matched by product code; matched by product code,https://www.mech9.com/p/vallejo-model-air-paint-conversion-table.html
Vallejo,Model Air,IAF Sand,71.327,AK Interactive,AIR Series,Sand FS 33531,AK11869,matched by product code; matched by product code,https://www.mech9.com/p/vallejo-model-air-paint-conversion-table.html
Vallejo,Model Air,IAF Sand,71.327,AK Interactive,Legacy Acrylics,FS 33531 Sand,AK2151,matched by product code,https://www.mech9.com/p/vallejo-model-air-paint-conversion-table.html
Vallejo,Model Air,Light Blue,71.328,AK Interactive,AIR Series,Duck Egg Blue FS 35622,AK11880,matched by product code; matched by product code,https://www.mech9.com/p/vallejo-model-air-paint-conversion-table.html
Vallejo,Model Air,Light Blue,71.328,AK Interactive,Legacy Acrylics,FS 35622 Light Blue,AK2154,matched by product code,https://www.mech9.com/p/vallejo-model-air-paint-conversion-table.html
Vallejo,Model Air,Khaki Green Num. 3,71.330,AK Interactive,AFV Series,Khaki green No.3,AK11373,matched by product code; matched by product code,https://www.mech9.com/p/vallejo-model-air-paint-conversion-table.html
Vallejo,Model Air,Khaki Green Num. 3,71.330,AK Interactive,Legacy Acrylics,Khaki green Nº3 (New sevice color),AK4035,matched by product code,https://www.mech9.com/p/vallejo-model-air-paint-conversion-table.html
Vallejo,Model Air,Khaki Green Num. 3,71.330,AK Interactive,AIR Series,WWI German Grey-Green Primer,AK11808,matched by product code; matched by product code,https://www.mech9.com/p/vallejo-model-air-paint-conversion-table.html
Vallejo,Model Air,Unders. Blue “Faded”,71.332,Warhammer Colour,Dry,Hoeth Blue,CT84,"matched by product code; mech9 prints ""Hoeth Blue (Dry)""",https://www.mech9.com/p/vallejo-model-air-paint-conversion-table.html
Vallejo,Model Air,Unders. Blue “Faded”,71.332,Vallejo,Mecha Color,Sky Blue,69.017,matched by product code; matched by product code,https://www.mech9.com/p/vallejo-model-air-paint-conversion-table.html
Vallejo,Model Air,Unders. Blue “Faded”,71.332,AK Interactive,AIR Series,Air Superiority Blue FS 35450,AK11879,matched by product code; matched by product code,https://www.mech9.com/p/vallejo-model-air-paint-conversion-table.html
Vallejo,Model Air,Unders. Blue “Faded”,71.332,AK Interactive,Legacy Acrylics,FS 35450 Air Superiority Blue,AK2145,matched by product code,https://www.mech9.com/p/vallejo-model-air-paint-conversion-table.html
Vallejo,Model Air,Unders. Blue “Faded”,71.332,Army Painter,Original Warpaints,Electric Blue,WP1113P,matched by product code,https://www.mech9.com/p/vallejo-model-air-paint-conversion-table.html
Vallejo,Model Air,Unders. Blue “Faded”,71.332,Army Painter,Warpaints Fanatic,Arctic Gem,WP3029P,matched by product code,https://www.mech9.com/p/vallejo-model-air-paint-conversion-table.html
Vallejo,Model Air,Unders. Blue “Faded”,71.332,Army Painter,Warpaints Air,Ionic Blue,AW4114P,matched by product code,https://www.mech9.com/p/vallejo-model-air-paint-conversion-table.html
Vallejo,Model Air,Flanker Light Gray,71.335,AK Interactive,AIR Series,ADC Grey FS 16473,AK11867,matched by product code; matched by product code,https://www.mech9.com/p/vallejo-model-air-paint-conversion-table.html
Vallejo,Model Air,Flanker Light Gray,71.335,AK Interactive,Legacy Acrylics,FS 16473 Adc Grey,AK2146,matched by product code,https://www.mech9.com/p/vallejo-model-air-paint-conversion-table.html
Vallejo,Model Air,A-14 Steel Grey,71.336,AK Interactive,AIR Series,A-14 Interior Steel Grey,AK11911,matched by product code; matched by product code,https://www.mech9.com/p/vallejo-model-air-paint-conversion-table.html
Vallejo,Model Air,Russian AF Grey N.3,71.339,AK Interactive,AIR Series,RAF Sky Grey,AK11848,matched by product code; matched by product code,https://www.mech9.com/p/vallejo-model-air-paint-conversion-table.html
Vallejo,Model Air,UK Desert Pink,71.400,AK Interactive,AFV Series,British Desert Pink ZI,AK11382,matched by product code; matched by product code,https://www.mech9.com/p/vallejo-model-air-paint-conversion-table.html
Vallejo,Model Air,UK BSC28 Silver Grey,71.401,AK Interactive,AFV Series,Silver Grey No.28,AK11374,matched by product code,https://www.mech9.com/p/vallejo-model-air-paint-conversion-table.html
Vallejo,Model Air,UK BSC28 Silver Grey,71.401,AK Interactive,Legacy Acrylics,BSC. Nº 28 Silver grey,AK4032,,https://www.mech9.com/p/vallejo-model-air-paint-conversion-table.html
Vallejo,Model Air,UK BSC28 Silver Grey,71.401,AK Interactive,AIR Series,PC10 Late,AK11809,matched by product code,https://www.mech9.com/p/vallejo-model-air-paint-conversion-table.html
Vallejo,Model Air,UK BSC 49 Light Purple Brown,71.402,AK Interactive,3GEN Acrylics,Black Red,AK11098,matched by product code; matched by product code,https://www.mech9.com/p/vallejo-model-air-paint-conversion-table.html
Vallejo,Model Air,BS Dark Sea Grey,71.405,Vallejo,Mecha Color,Grey Z,69.039,matched by product code; matched by product code,https://www.mech9.com/p/vallejo-model-air-paint-conversion-table.html
Vallejo,Model Air,BS Dark Sea Grey,71.405,Tamiya,Lacquer Paint,IJN Gray (Sasebo Arsenal),LP13,matched by product code; matched by product code,https://www.mech9.com/p/vallejo-model-air-paint-conversion-table.html
Vallejo,Model Air,BS Dark Sea Grey,71.405,AK Interactive,AIR Series,RAF Dark Sea Grey BS381C/638,AK11851,matched by product code; matched by product code,https://www.mech9.com/p/vallejo-model-air-paint-conversion-table.html
Vallejo,Model Air,Sky Grey,71.407,Vallejo,Mecha Color,Light Grey,69.036,matched by product code; matched by product code,https://www.mech9.com/p/vallejo-model-air-paint-conversion-table.html
Vallejo,Model Air,Sky Grey,71.407,AK Interactive,3GEN Acrylics,Sky Grey,AK11012,matched by product code; matched by product code,https://www.mech9.com/p/vallejo-model-air-paint-conversion-table.html
Vallejo,Model Air,AII Zashchitnyi Camouflage Green,71.410,AK Interactive,AIR Series,AII Green,AK11909,matched by product code,https://www.mech9.com/p/vallejo-model-air-paint-conversion-table.html
Vallejo,Model Air,A-19F Grass Green,71.411,AK Interactive,AIR Series,A-19f Grass Green,AK11913,matched by product code,https://www.mech9.com/p/vallejo-model-air-paint-conversion-table.html
Vallejo,Model Air,A-18F Light Blue,71.413,AK Interactive,AIR Series,A-18f Light Grey-Blue,AK11912,matched by product code,https://www.mech9.com/p/vallejo-model-air-paint-conversion-table.html
Vallejo,Model Air,AEH-9 Light Grey,71.414,AK Interactive,AIR Series,AE-9/AII Light Grey,AK11908,matched by product code,https://www.mech9.com/p/vallejo-model-air-paint-conversion-table.html
Vallejo,Model Air,A-21 Light Greyish Brown,71.415,AK Interactive,AIR Series,A-21m Light Yellowish Brown,AK11914,matched by product code,https://www.mech9.com/p/vallejo-model-air-paint-conversion-table.html
Vallejo,Model Air,“AOTAKE” Translucent Blue,71.419,AK Interactive,AIR Series,IJN/IJA Aotake,AK11898,matched by product code; matched by product code,https://www.mech9.com/p/vallejo-model-air-paint-conversion-table.html
Vallejo,Mecha Color,Pure White,69.001,Warhammer Colour,Layer,White Scar,CT193,"matched by product code; mech9 prints ""White Scar (Layer)""",https://www.mech9.com/p/vallejo-mecha-color-paint-conversion.html
Vallejo,Mecha Color,Pure White,69.001,Vallejo,Game Air,Dead White,72.701,matched by product code,https://www.mech9.com/p/vallejo-mecha-color-paint-conversion.html
Vallejo,Mecha Color,Pure White,69.001,Tamiya,Lacquer Paint,Flat White,LP4,matched by product code; matched by product code,https://www.mech9.com/p/vallejo-mecha-color-paint-conversion.html
Vallejo,Mecha Color,Pure White,69.001,AK Interactive,3GEN Acrylics,White,AK11001,matched by product code; matched by product code,https://www.mech9.com/p/vallejo-mecha-color-paint-conversion.html
Vallejo,Mecha Color,Pure White,69.001,Army Painter,Original Warpaints,Matt White,WP1102P,matched by product code,https://www.mech9.com/p/vallejo-mecha-color-paint-conversion.html
Vallejo,Mecha Color,Pure White,69.001,Army Painter,Warpaints Fanatic,Matt White,WP3012P,matched by product code,https://www.mech9.com/p/vallejo-mecha-color-paint-conversion.html
Vallejo,Mecha Color,Pure White,69.001,Army Painter,Warpaints Air,Matt White,AW1102P,matched by product code,https://www.mech9.com/p/vallejo-mecha-color-paint-conversion.html
Vallejo,Mecha Color,White Grey,69.002,Vallejo,Panzer Aces,Stencil,70.313,matched by product code,https://www.mech9.com/p/vallejo-mecha-color-paint-conversion.html
Vallejo,Mecha Color,Yellow,69.004,Army Painter,Original Warpaints,Daemonic Yellow,WP1107P,matched by product code,https://www.mech9.com/p/vallejo-mecha-color-paint-conversion.html
Vallejo,Mecha Color,Yellow,69.004,Army Painter,Warpaints Fanatic,Daemonic Yellow,WP3093P,matched by product code,https://www.mech9.com/p/vallejo-mecha-color-paint-conversion.html
Vallejo,Mecha Color,Yellow,69.004,Army Painter,Warpaints Air,Daemonic Yellow,AW1107P,matched by product code,https://www.mech9.com/p/vallejo-mecha-color-paint-conversion.html
Vallejo,Mecha Color,Yellow,69.004,Tamiya,Lacquer Paint,Pure Yellow,LP8,matched by product code; matched by product code,https://www.mech9.com/p/vallejo-mecha-color-paint-conversion.html
Vallejo,Mecha Color,Yellow,69.004,AK Interactive,3GEN Acrylics,Yellow,AK11044,matched by product code; matched by product code,https://www.mech9.com/p/vallejo-mecha-color-paint-conversion.html
Vallejo,Mecha Color,Light Flesh,69.005,AK Interactive,3GEN Acrylics,Light Flesh,AK11050,matched by product code; matched by product code,https://www.mech9.com/p/vallejo-mecha-color-paint-conversion.html
Vallejo,Mecha Color,Red,69.008,Warhammer Colour,Layer,Troll Slayer Orange,CT175,"matched by product code; mech9 prints ""Troll Slayer Orange (Layer)""",https://www.mech9.com/p/vallejo-mecha-color-paint-conversion.html
Vallejo,Mecha Color,Red,69.008,Vallejo,Game Air,Hot Orange,72.709,matched by product code,https://www.mech9.com/p/vallejo-mecha-color-paint-conversion.html
Vallejo,Mecha Color,Red,69.008,Army Painter,Original Warpaints,Chaotic Red,WP1142P,matched by product code,https://www.mech9.com/p/vallejo-mecha-color-paint-conversion.html
Vallejo,Mecha Color,Red,69.008,Army Painter,Warpaints Fanatic,Carnelian Skin,WP3151P,matched by product code,https://www.mech9.com/p/vallejo-mecha-color-paint-conversion.html
Vallejo,Mecha Color,Red,69.008,Army Painter,Warpaints Air,Chaotic Red,AW1142P,matched by product code,https://www.mech9.com/p/vallejo-mecha-color-paint-conversion.html
Vallejo,Mecha Color,Red,69.008,AK Interactive,3GEN Acrylics,Matt Red,AK11092,matched by product code; matched by product code,https://www.mech9.com/p/vallejo-mecha-color-paint-conversion.html
Vallejo,Mecha Color,Magenta,69.010,Warhammer Colour,Base,Screamer Pink,CT139,"matched by product code; mech9 prints ""Screamer Pink (Base)""",https://www.mech9.com/p/vallejo-mecha-color-paint-conversion.html
Vallejo,Mecha Color,Magenta,69.010,Vallejo,Game Air,Warlord Purple,72.714,matched by product code,https://www.mech9.com/p/vallejo-mecha-color-paint-conversion.html
Vallejo,Mecha Color,Magenta,69.010,AK Interactive,3GEN Acrylics,Magenta,AK11067,matched by product code; matched by product code,https://www.mech9.com/p/vallejo-mecha-color-paint-conversion.html
Vallejo,Mecha Color,Magenta,69.010,Army Painter,Original Warpaints,Wasteland Soil,WP1463P,matched by product code,https://www.mech9.com/p/vallejo-mecha-color-paint-conversion.html
Vallejo,Mecha Color,Magenta,69.010,Army Painter,Warpaints Fanatic,Moldy Wine,WP3140P,matched by product code,https://www.mech9.com/p/vallejo-mecha-color-paint-conversion.html
Vallejo,Mecha Color,Dark Red,69.011,AK Interactive,3GEN Acrylics,Bordeaux Red,AK11094,matched by product code; matched by product code,https://www.mech9.com/p/vallejo-mecha-color-paint-conversion.html
Vallejo,Mecha Color,Dark Red,69.011,Army Painter,Original Warpaints,Vampire Red,WP1460P,matched by product code,https://www.mech9.com/p/vallejo-mecha-color-paint-conversion.html
Vallejo,Mecha Color,Titan Blue,69.013,Vallejo,Game Air,Imperial Blue,76.020,matched by product code,https://www.mech9.com/p/vallejo-mecha-color-paint-conversion.html
Vallejo,Mecha Color,Sky Blue,69.017,Warhammer Colour,Layer,Hoeth Blue,CT83,"matched by product code; mech9 prints ""Hoeth Blue (Layer)""",https://www.mech9.com/p/vallejo-mecha-color-paint-conversion.html
Vallejo,Mecha Color,Sky Blue,69.017,Army Painter,Original Warpaints,Electric Blue,WP1113P,matched by product code,https://www.mech9.com/p/vallejo-mecha-color-paint-conversion.html
Vallejo,Mecha Color,Sky Blue,69.017,Army Painter,Warpaints Fanatic,Arctic Gem,WP3029P,matched by product code,https://www.mech9.com/p/vallejo-mecha-color-paint-conversion.html
Vallejo,Mecha Color,Sky Blue,69.017,Army Painter,Warpaints Air,Ionic Blue,AW4114P,matched by product code,https://www.mech9.com/p/vallejo-mecha-color-paint-conversion.html
Vallejo,Mecha Color,Sky Blue,69.017,Warhammer Colour,Dry,Hoeth Blue,CT84,"matched by product code; mech9 prints ""Hoeth Blue (Dry)""",https://www.mech9.com/p/vallejo-mecha-color-paint-conversion.html
Vallejo,Mecha Color,Sky Blue,69.017,AK Interactive,AIR Series,Air Superiority Blue FS 35450,AK11879,matched by product code; matched by product code,https://www.mech9.com/p/vallejo-mecha-color-paint-conversion.html
Vallejo,Mecha Color,Sky Blue,69.017,AK Interactive,Legacy Acrylics,FS 35450 Air Superiority Blue,AK2145,matched by product code,https://www.mech9.com/p/vallejo-mecha-color-paint-conversion.html
Vallejo,Mecha Color,Sky Blue,69.017,AK Interactive,AIR Series,AII Light Blue,AK11910,matched by product code; matched by product code,https://www.mech9.com/p/vallejo-mecha-color-paint-conversion.html
Vallejo,Mecha Color,Electric Blue,69.020,AK Interactive,3GEN Acrylics,Fluorescent Blue,AK11178,matched by product code; matched by product code,https://www.mech9.com/p/vallejo-mecha-color-paint-conversion.html
Vallejo,Mecha Color,Titan Dark Blue,69.022,AK Interactive,3GEN Acrylics,Dark Sea Blue XF17,AK11190,matched by product code; matched by product code,https://www.mech9.com/p/vallejo-mecha-color-paint-conversion.html
Vallejo,Mecha Color,Turquoise,69.023,AK Interactive,3GEN Acrylics,Turquoise,AK11171,matched by product code; matched by product code,https://www.mech9.com/p/vallejo-mecha-color-paint-conversion.html
Vallejo,Mecha Color,Green,69.026,AK Interactive,3GEN Acrylics,Green-Grey,AK11132,matched by product code; matched by product code,https://www.mech9.com/p/vallejo-mecha-color-paint-conversion.html
Vallejo,Mecha Color,Olive Green,69.028,Vallejo,Game Air,Goblin Green,72.730,matched by product code,https://www.mech9.com/p/vallejo-mecha-color-paint-conversion.html
Vallejo,Mecha Color,Olive Green,69.028,AK Interactive,3GEN Acrylics,Olive Green,AK11147,matched by product code; matched by product code,https://www.mech9.com/p/vallejo-mecha-color-paint-conversion.html
Vallejo,Mecha Color,Olive Green,69.028,Vallejo,Hobby Paint,Goblin Green,28.027,matched by product code; matched by product code,https://www.mech9.com/p/vallejo-mecha-color-paint-conversion.html
Vallejo,Mecha Color,Deep Green,69.029,Vallejo,Panzer Aces,Russian Tank Crew II Highlights,70.330,matched by product code,https://www.mech9.com/p/vallejo-mecha-color-paint-conversion.html
Vallejo,Mecha Color,Dark Green,69.030,AK Interactive,AIR Series,RLM 80,AK11834,matched by product code; matched by product code,https://www.mech9.com/p/vallejo-mecha-color-paint-conversion.html
Vallejo,Mecha Color,Dark Green,69.030,Vallejo,Hobby Paint,Russian Green 4BO,28.003,matched by product code; matched by product code,https://www.mech9.com/p/vallejo-mecha-color-paint-conversion.html
Vallejo,Mecha Color,Dark Green,69.030,AK Interactive,3GEN Acrylics,Russian Green,AK11159,matched by product code; matched by product code,https://www.mech9.com/p/vallejo-mecha-color-paint-conversion.html
Vallejo,Mecha Color,Grey Sand,69.031,Warhammer Colour,Base,Zandri Dust,CT201,"matched by product code; mech9 prints ""Zandri Dust (Base)""",https://www.mech9.com/p/vallejo-mecha-color-paint-conversion.html
Vallejo,Mecha Color,Grey Sand,69.031,Vallejo,Game Air,Khaki,72.761,matched by product code,https://www.mech9.com/p/vallejo-mecha-color-paint-conversion.html
Vallejo,Mecha Color,Sand Yellow,69.033,AK Interactive,3GEN Acrylics,Sand Yellow,AK11035,matched by product code; matched by product code,https://www.mech9.com/p/vallejo-mecha-color-paint-conversion.html
Vallejo,Mecha Color,Chipping Brown,69.035,Warhammer Colour,Base,Rhinox Hide,CT134,"matched by product code; mech9 prints ""Rhinox Hide (Base)""",https://www.mech9.com/p/vallejo-mecha-color-paint-conversion.html
Vallejo,Mecha Color,Chipping Brown,69.035,Vallejo,Game Air,Charred Brown,72.745,matched by product code,https://www.mech9.com/p/vallejo-mecha-color-paint-conversion.html
Vallejo,Mecha Color,Chipping Brown,69.035,Army Painter,Original Warpaints,Hardened Carapace,WP1430P,matched by product code,https://www.mech9.com/p/vallejo-mecha-color-paint-conversion.html
Vallejo,Mecha Color,Chipping Brown,69.035,Army Painter,Warpaints Fanatic,Brigandine Brown,WP3073P,matched by product code,https://www.mech9.com/p/vallejo-mecha-color-paint-conversion.html
Vallejo,Mecha Color,Chipping Brown,69.035,Army Painter,Warpaints Air,Magnolia Brown,AW3124P,matched by product code,https://www.mech9.com/p/vallejo-mecha-color-paint-conversion.html
Vallejo,Mecha Color,Light Grey,69.036,AK Interactive,3GEN Acrylics,Sky Grey,AK11012,matched by product code; matched by product code,https://www.mech9.com/p/vallejo-mecha-color-paint-conversion.html
Vallejo,Mecha Color,Grey,69.037,AK Interactive,AIR Series,Dark Ghost Grey FS 36320,AK11887,matched by product code; matched by product code,https://www.mech9.com/p/vallejo-mecha-color-paint-conversion.html
Vallejo,Mecha Color,Medium Grey,69.038,Tamiya,Lacquer Paint,Light Gray (IJN),LP32,matched by product code; matched by product code,https://www.mech9.com/p/vallejo-mecha-color-paint-conversion.html
Vallejo,Mecha Color,Medium Grey,69.038,AK Interactive,AIR Series,IJN J3 Hai-iro (Grey),AK11891,matched by product code; matched by product code,https://www.mech9.com/p/vallejo-mecha-color-paint-conversion.html
Vallejo,Mecha Color,Medium Grey,69.038,AK Interactive,Legacy Acrylics,J3 Hai-Iro (Grey),AK2061,matched by product code,https://www.mech9.com/p/vallejo-mecha-color-paint-conversion.html
Vallejo,Mecha Color,Medium Grey,69.038,AK Interactive,3GEN Acrylics,Sea Grey,AK11014,matched by product code; matched by product code,https://www.mech9.com/p/vallejo-mecha-color-paint-conversion.html
Vallejo,Mecha Color,Grey Z,69.039,Tamiya,Lacquer Paint,IJN Gray (Sasebo Arsenal),LP13,matched by product code; matched by product code,https://www.mech9.com/p/vallejo-mecha-color-paint-conversion.html
Vallejo,Mecha Color,Grey Z,69.039,AK Interactive,3GEN Acrylics,Pale Grey,AK11013,matched by product code; matched by product code,https://www.mech9.com/p/vallejo-mecha-color-paint-conversion.html
Vallejo,Mecha Color,Grey Z,69.039,AK Interactive,AIR Series,RAF Dark Sea Grey BS381C/638,AK11851,matched by product code; matched by product code,https://www.mech9.com/p/vallejo-mecha-color-paint-conversion.html
Vallejo,Mecha Color,Grey Z,69.039,AK Interactive,AIR Series,Dark Gull Grey FS 36231,AK11884,matched by product code; matched by product code,https://www.mech9.com/p/vallejo-mecha-color-paint-conversion.html
Vallejo,Mecha Color,Phantom Grey,69.040,AK Interactive,3GEN Acrylics,English Grey,AK11020,matched by product code; matched by product code,https://www.mech9.com/p/vallejo-mecha-color-paint-conversion.html
Vallejo,Mecha Color,Phantom Grey,69.040,Tamiya,Lacquer Paint,IJN Gray (Sasebo Arsenal),LP13,matched by product code; matched by product code,https://www.mech9.com/p/vallejo-mecha-color-paint-conversion.html
Vallejo,Mecha Color,Dark Grey Green,69.041,Tamiya,Lacquer Paint,German Gray,LP27,matched by product code; matched by product code,https://www.mech9.com/p/vallejo-mecha-color-paint-conversion.html
Vallejo,Mecha Color,Dark Grey Green,69.041,Vallejo,Hobby Paint,Panzer Grey,28.002,matched by product code; matched by product code,https://www.mech9.com/p/vallejo-mecha-color-paint-conversion.html
Vallejo,Mecha Color,Pure Black,69.042,Warhammer Colour,Base,Abaddon Black,CT2,"matched by product code; mech9 prints ""Abaddon Black (Base)""",https://www.mech9.com/p/vallejo-mecha-color-paint-conversion.html
Vallejo,Mecha Color,Pure Black,69.042,Vallejo,Game Air,Black,72.751,matched by product code,https://www.mech9.com/p/vallejo-mecha-color-paint-conversion.html
Vallejo,Mecha Color,Pure Black,69.042,Tamiya,Lacquer Paint,Flat Black,LP3,matched by product code; matched by product code,https://www.mech9.com/p/vallejo-mecha-color-paint-conversion.html
Vallejo,Mecha Color,Pure Black,69.042,AK Interactive,3GEN Acrylics,Black,AK11029,matched by product code; matched by product code,https://www.mech9.com/p/vallejo-mecha-color-paint-conversion.html
Vallejo,Mecha Color,Pure Black,69.042,AK Interactive,3GEN Acrylics,Rubber Black,AK11027,matched by product code; matched by product code,https://www.mech9.com/p/vallejo-mecha-color-paint-conversion.html
Vallejo,Mecha Color,Pure Black,69.042,Warhammer Colour,Base,Corvus Black,CT297,"matched by product code; mech9 prints ""Corvus Black (Base)""",https://www.mech9.com/p/vallejo-mecha-color-paint-conversion.html
Vallejo,Mecha Color,Pure Black,69.042,Army Painter,Original Warpaints,Matt Black,WP1101P,matched by product code,https://www.mech9.com/p/vallejo-mecha-color-paint-conversion.html
Vallejo,Mecha Color,Pure Black,69.042,Vallejo,Hobby Paint,Black,28.012,matched by product code; matched by product code,https://www.mech9.com/p/vallejo-mecha-color-paint-conversion.html
Vallejo,Mecha Color,Pure Black,69.042,Army Painter,Warpaints Fanatic,Matt Black,WP3001P,matched by product code,https://www.mech9.com/p/vallejo-mecha-color-paint-conversion.html
Vallejo,Mecha Color,Pure Black,69.042,Army Painter,Warpaints Air,Matt Black,AW1101P,matched by product code,https://www.mech9.com/p/vallejo-mecha-color-paint-conversion.html
Vallejo,Mecha Metallic,Gunmetal,69.058,Vallejo,Game Air,Gunmetal,72.754,matched by product code,https://www.mech9.com/p/vallejo-mecha-color-paint-conversion.html
Vallejo,Mecha Metallic,Gunmetal,69.058,Vallejo,Hobby Paint,Gunmetal,28.031,matched by product code; matched by product code,https://www.mech9.com/p/vallejo-mecha-color-paint-conversion.html
Vallejo,Mecha Metallic,Copper,69.061,AK Interactive,3GEN Acrylics,Copper XF6,AK11197,matched by product code; matched by product code,https://www.mech9.com/p/vallejo-mecha-color-paint-conversion.html
Vallejo,Mecha Metallic,Light Steel,69.064,Vallejo,Game Air,Silver,72.752,matched by product code,https://www.mech9.com/p/vallejo-mecha-color-paint-conversion.html
Vallejo,Mecha Metallic,Light Steel,69.064,Tamiya,Lacquer Paint,Flat Aluminum,LP38,matched by product code; matched by product code,https://www.mech9.com/p/vallejo-mecha-color-paint-conversion.html
Vallejo,Mecha Metallic,Light Steel,69.064,Army Painter,Original Warpaints,Shining Silver,WP1129P,"matched by product code; mech9 prints ""Shining Silver (Metallics)""",https://www.mech9.com/p/vallejo-mecha-color-paint-conversion.html
Vallejo,Mecha Metallic,Light Steel,69.064,Vallejo,Hobby Paint,Silver,28.021,matched by product code; matched by product code,https://www.mech9.com/p/vallejo-mecha-color-paint-conversion.html
Vallejo,Mecha Metallic,Light Steel,69.064,Warhammer Colour,Base,Iron Hands Steel,CT243,"matched by product code; mech9 prints ""Iron Hands Steel (Base)""",https://www.mech9.com/p/vallejo-mecha-color-paint-conversion.html
Vallejo,Mecha Metallic,Light Steel,69.064,Army Painter,Original Warpaints,Plate Mail Metal,WP1130P,"matched by product code; mech9 prints ""Plate Mail Metal (Metallics)""",https://www.mech9.com/p/vallejo-mecha-color-paint-conversion.html
Vallejo,Mecha Metallic,Light Steel,69.064,Army Painter,Warpaints Fanatic,Plate Mail Metal,WP3192P,"matched by product code; mech9 prints ""Plate Mail Metal (Metallic)""",https://www.mech9.com/p/vallejo-mecha-color-paint-conversion.html
Vallejo,Mecha Metallic,Light Steel,69.064,Army Painter,Warpaints Air,Plate Mail Metal,AW1130P,"matched by product code; mech9 prints ""Plate Mail Metal (Metallics)""",https://www.mech9.com/p/vallejo-mecha-color-paint-conversion.html
Vallejo,Mecha Metallic,Light Steel,69.064,AK Interactive,3GEN Acrylics,Aluminium XF16,AK11207,matched by product code; matched by product code,https://www.mech9.com/p/vallejo-mecha-color-paint-conversion.html
Vallejo,Mecha Metallic,Dark Steel,69.065,Vallejo,Game Air,Chainmail Silver,72.753,matched by product code,https://www.mech9.com/p/vallejo-mecha-color-paint-conversion.html
Vallejo,Mecha Metallic,Dark Steel,69.065,Warhammer Colour,Base,Iron Hands Steel,CT243,"matched by product code; mech9 prints ""Iron Hands Steel (Base)""",https://www.mech9.com/p/vallejo-mecha-color-paint-conversion.html
Vallejo,Mecha Metallic,Dark Steel,69.065,Tamiya,Lacquer Paint,Metallic Gray,LP61,matched by product code; matched by product code,https://www.mech9.com/p/vallejo-mecha-color-paint-conversion.html
Vallejo,Mecha Metallic,Dark Steel,69.065,Army Painter,Original Warpaints,Plate Mail Metal,WP1130P,"matched by product code; mech9 prints ""Plate Mail Metal (Metallics)""",https://www.mech9.com/p/vallejo-mecha-color-paint-conversion.html
Vallejo,Mecha Metallic,Dark Steel,69.065,Army Painter,Warpaints Fanatic,Plate Mail Metal,WP3192P,"matched by product code; mech9 prints ""Plate Mail Metal (Metallic)""",https://www.mech9.com/p/vallejo-mecha-color-paint-conversion.html
Vallejo,Mecha Metallic,Dark Steel,69.065,Army Painter,Warpaints Air,Plate Mail Metal,AW1130P,"matched by product code; mech9 prints ""Plate Mail Metal (Metallics)""",https://www.mech9.com/p/vallejo-mecha-color-paint-conversion.html
Vallejo,Mecha Weathering,Light Rust Wash,69.505,Vallejo,Wash FX,Light Rust,76.505,matched by product code; matched by product code,https://www.mech9.com/p/vallejo-mecha-color-paint-conversion.html
Vallejo,Mecha Weathering,Dark Rust Wash,69.507,Vallejo,Wash FX,Dark Rust,76.507,matched by product code; matched by product code,https://www.mech9.com/p/vallejo-mecha-color-paint-conversion.html
Vallejo,Mecha Weathering,Light Grey Wash,69.515,Vallejo,Wash FX,Light Grey,76.515,matched by product code; matched by product code,https://www.mech9.com/p/vallejo-mecha-color-paint-conversion.html
Vallejo,Mecha Weathering,Black Wash,69.518,Vallejo,Wash FX,Black,76.518,matched by product code; matched by product code,https://www.mech9.com/p/vallejo-mecha-color-paint-conversion.html
Vallejo,Mecha Weathering,Oiled Earth Wash,69.521,Vallejo,Wash FX,Oiled Earth,76.521,matched by product code; matched by product code,https://www.mech9.com/p/vallejo-mecha-color-paint-conversion.html
Vallejo,Mecha Weathering,Desert Dust Wash,69.522,Vallejo,Wash FX,Desert Dust,76.522,matched by product code; matched by product code,https://www.mech9.com/p/vallejo-mecha-color-paint-conversion.html
Vallejo,Mecha Primer,White,70.640,Warhammer Colour,Layer,White Scar,CT193,"matched by product code; mech9 prints ""White Scar (Layer)""",https://www.mech9.com/p/vallejo-mecha-color-paint-conversion.html
Vallejo,Mecha Primer,White,70.640,Vallejo,Game Air,Dead White,76.001,matched by product code,https://www.mech9.com/p/vallejo-mecha-color-paint-conversion.html
Vallejo,Mecha Primer,White,70.640,Vallejo,Hobby Paint,White,28.010,matched by product code; matched by product code,https://www.mech9.com/p/vallejo-mecha-color-paint-conversion.html
Vallejo,Mecha Primer,Black,70.642,Vallejo,Hobby Paint,Black,28.012,matched by product code; matched by product code,https://www.mech9.com/p/vallejo-mecha-color-paint-conversion.html
Vallejo,Mecha Weathering,Oil Stains (Gloss),69.813,Vallejo,Weathering FX,Oil Stains,73.813,,https://www.mech9.com/p/vallejo-mecha-color-paint-conversion.html
Vallejo,Mecha Weathering,Fuel Stains (Gloss),69.814,Vallejo,Weathering FX,Fuel Stains,73.814,matched by product code; matched by product code,https://www.mech9.com/p/vallejo-mecha-color-paint-conversion.html
Vallejo,Mecha Weathering,Petrol Spills (Gloss),69.817,Vallejo,Weathering FX,Petrol Spills,73.817,matched by product code,https://www.mech9.com/p/vallejo-mecha-color-paint-conversion.html
Vallejo,Mecha Weathering,Brown Eng. Soot (Matt),69.818,Vallejo,Weathering FX,Brown Engine Soot,73.818,matched by product code,https://www.mech9.com/p/vallejo-mecha-color-paint-conversion.html
Vallejo,Mecha Weathering,Rust Texture (Matt),69.821,Vallejo,Weathering FX,Rust Texture,73.821,matched by product code; matched by product code,https://www.mech9.com/p/vallejo-mecha-color-paint-conversion.html
Vallejo,Panzer Aces,Dark Rust,70.302,AK Interactive,3GEN Acrylics,Hull Red,AK11108,matched by product code,https://www.mech9.com/p/vallejo-panzer-aces-conversion-table.html
Vallejo,Panzer Aces,Dark Rust,70.302,Army Painter,Original Warpaints,Dragon Red,WP1105P,,https://www.mech9.com/p/vallejo-panzer-aces-conversion-table.html
Vallejo,Panzer Aces,Dark Rubber,70.306,Tamiya,Lacquer Paint,Flat Black,LP3,matched by product code,https://www.mech9.com/p/vallejo-panzer-aces-conversion-table.html
Vallejo,Panzer Aces,Dark Rubber,70.306,AK Interactive,3GEN Acrylics,Rubber Black,AK11027,matched by product code,https://www.mech9.com/p/vallejo-panzer-aces-conversion-table.html
Vallejo,Panzer Aces,Dark Rubber,70.306,Tamiya,Lacquer Paint,Rubber Black,LP65,matched by product code,https://www.mech9.com/p/vallejo-panzer-aces-conversion-table.html
Vallejo,Panzer Aces,Dark Rubber,70.306,AK Interactive,Figures Series,Black Uniform Base,AK11407,matched by product code,https://www.mech9.com/p/vallejo-panzer-aces-conversion-table.html
Vallejo,Panzer Aces,Dark Rubber,70.306,AK Interactive,Legacy Acrylics,Ak3002 Black Uniform Base,AK3002,,https://www.mech9.com/p/vallejo-panzer-aces-conversion-table.html
Vallejo,Panzer Aces,Periscopes,70.309,AK Interactive,Figures Series,Russian Blue Base,AK11432,matched by product code,https://www.mech9.com/p/vallejo-panzer-aces-conversion-table.html
Vallejo,Panzer Aces,Periscopes,70.309,AK Interactive,Legacy Acrylics,Russian Blue Base/Dark Blue,AK3125,,https://www.mech9.com/p/vallejo-panzer-aces-conversion-table.html
Vallejo,Panzer Aces,Old Wood,70.310,AK Interactive,AFV Series,Russian Sand 7K,AK11370,matched by product code,https://www.mech9.com/p/vallejo-panzer-aces-conversion-table.html
Vallejo,Panzer Aces,Leather Belt,70.312,Army Painter,Original Warpaints,Monster Brown,WP1120P,,https://www.mech9.com/p/vallejo-panzer-aces-conversion-table.html
Vallejo,Panzer Aces,Leather Belt,70.312,AK Interactive,3GEN Acrylics,Mud Brown,AK11120,matched by product code,https://www.mech9.com/p/vallejo-panzer-aces-conversion-table.html
Vallejo,Panzer Aces,Canvas,70.314,AK Interactive,AFV Series,RAL 6040 F9 Helloliv,AK11323,matched by product code,https://www.mech9.com/p/vallejo-panzer-aces-conversion-table.html
Vallejo,Panzer Aces,British Tank Crew,70.317,AK Interactive,Figures Series,British Uniform Base,AK11437,matched by product code,https://www.mech9.com/p/vallejo-panzer-aces-conversion-table.html
Vallejo,Panzer Aces,British Tank Crew,70.317,AK Interactive,Legacy Acrylics,WWI British Uniform Base,AK3081,,https://www.mech9.com/p/vallejo-panzer-aces-conversion-table.html
Vallejo,Panzer Aces,US Army Tank Crew,70.318,Tamiya,Lacquer Paint,Olive Drab (JGSDF),LP64,matched by product code,https://www.mech9.com/p/vallejo-panzer-aces-conversion-table.html
Vallejo,Panzer Aces,US Army Tank Crew,70.318,AK Interactive,AIR Series,RLM 81 Version 2,AK11836,matched by product code,https://www.mech9.com/p/vallejo-panzer-aces-conversion-table.html
Vallejo,Panzer Aces,British Tank Crew Highlights,70.321,AK Interactive,Figures Series,British Uniform Lights,AK11438,matched by product code,https://www.mech9.com/p/vallejo-panzer-aces-conversion-table.html
Vallejo,Panzer Aces,British Tank Crew Highlights,70.321,AK Interactive,Legacy Acrylics,WWI British Uniform Light,AK3082,,https://www.mech9.com/p/vallejo-panzer-aces-conversion-table.html
Vallejo,Panzer Aces,Russian Tank Crew II,70.326,AK Interactive,3GEN Acrylics,Reflective Green,AK11158,matched by product code,https://www.mech9.com/p/vallejo-panzer-aces-conversion-table.html
Vallejo,Panzer Aces,Italian Tank Crew,70.327,AK Interactive,Figures Series,Russian Uniform Base,AK11430,matched by product code,https://www.mech9.com/p/vallejo-panzer-aces-conversion-table.html
Vallejo,Panzer Aces,Japanese Tank Crew,70.328,AK Interactive,3GEN Acrylics,Yellow Green,AK11138,matched by product code,https://www.mech9.com/p/vallejo-panzer-aces-conversion-table.html
Vallejo,Panzer Aces,Highlight Japanese Tank Crew,70.332,AK Interactive,Figures Series,Splittermuster Base,AK11414,matched by product code,https://www.mech9.com/p/vallejo-panzer-aces-conversion-table.html
Vallejo,Panzer Aces,Highlight Japanese Tank Crew,70.332,AK Interactive,Legacy Acrylics,Khaki / Splittermuster Base,AK3041,,https://www.mech9.com/p/vallejo-panzer-aces-conversion-table.html
Vallejo,Panzer Aces,German Tankcrew Black,70.333,Tamiya,Lacquer Paint,Nato Black,LP60,matched by product code,https://www.mech9.com/p/vallejo-panzer-aces-conversion-table.html
Vallejo,Panzer Aces,German Tankcrew Black,70.333,AK Interactive,Figures Series,Brown Black,AK11418,matched by product code,https://www.mech9.com/p/vallejo-panzer-aces-conversion-table.html
Vallejo,Panzer Aces,German Tankcrew Black,70.333,AK Interactive,Legacy Acrylics,Waffen Fall/Winter Shadow Base/Brown Black,AK3056,,https://www.mech9.com/p/vallejo-panzer-aces-conversion-table.html
Vallejo,Panzer Aces,German Tank Crew II,70.335,AK Interactive,Figures Series,Green Uniform Base,AK11427,matched by product code,https://www.mech9.com/p/vallejo-panzer-aces-conversion-table.html
Vallejo,Panzer Aces,Afrikakorps Tank Crew,70.336,AK Interactive,Figures Series,Light Green Uniform,AK11428,matched by product code,https://www.mech9.com/p/vallejo-panzer-aces-conversion-table.html
Vallejo,Panzer Aces,Afrikakorps Tank Crew,70.336,AK Interactive,Legacy Acrylics,Green Uniform Lights,AK3115,,https://www.mech9.com/p/vallejo-panzer-aces-conversion-table.html
Vallejo,Panzer Aces,German Tank Crew Highlights,70.337,AK Interactive,AFV Series,3B AU/ZB AU,AK11387,matched by product code,https://www.mech9.com/p/vallejo-panzer-aces-conversion-table.html
Vallejo,Panzer Aces,German Tank Crew I Highlights,70.338,AK Interactive,Figures Series,Grey Blue,AK11426,matched by product code,https://www.mech9.com/p/vallejo-panzer-aces-conversion-table.html
Vallejo,Panzer Aces,German Tank Crew I Highlights,70.338,AK Interactive,Legacy Acrylics,German Grey Uniform Light,AK3146,,https://www.mech9.com/p/vallejo-panzer-aces-conversion-table.html
Vallejo,Panzer Aces,German Tank Crew II Highlights,70.339,AK Interactive,3GEN Acrylics,Green-Brown,AK11126,matched by product code,https://www.mech9.com/p/vallejo-panzer-aces-conversion-table.html
Vallejo,Panzer Aces,German Tank Crew II Highlights,70.339,AK Interactive,Figures Series,Denison Tan Base,AK11413,matched by product code,https://www.mech9.com/p/vallejo-panzer-aces-conversion-table.html
Vallejo,Panzer Aces,German Tank Crew II Highlights,70.339,AK Interactive,Legacy Acrylics,Global Light Shade/Tan,AK3026,,https://www.mech9.com/p/vallejo-panzer-aces-conversion-table.html
Vallejo,Panzer Aces,Flesh Base,70.341,AK Interactive,Figures Series,Base Flesh,AK11401,matched by product code,https://www.mech9.com/p/vallejo-panzer-aces-conversion-table.html
Vallejo,Panzer Aces,Flesh Highlights,70.342,AK Interactive,Figures Series,Highlight Flesh,AK11403,matched by product code,https://www.mech9.com/p/vallejo-panzer-aces-conversion-table.html
Vallejo,Panzer Aces,Flesh Shadows,70.343,AK Interactive,Figures Series,Red Brown,AK11434,matched by product code,https://www.mech9.com/p/vallejo-panzer-aces-conversion-table.html
Vallejo,Panzer Aces,Flesh Shadows,70.343,AK Interactive,Legacy Acrylics,Red Brown Leather,AK3073,,https://www.mech9.com/p/vallejo-panzer-aces-conversion-table.html
Vallejo,Panzer Aces,Splinter Strips,70.348,AK Interactive,Figures Series,Medium Green,AK11412,matched by product code,https://www.mech9.com/p/vallejo-panzer-aces-conversion-table.html
Vallejo,Panzer Aces,Splinter Strips,70.348,AK Interactive,Legacy Acrylics,M-44 Midtone Green Dots/Medium Green,AK3025,,https://www.mech9.com/p/vallejo-panzer-aces-conversion-table.html
